Date,Ticker,Name,Sector,Country,Open,High,Low,Close,Volume
2025-09-18,FDX,FedEx,운송/물류,US,180.5626860908682,181.52936343911625,178.1063740582267,179.46922302246094,7910258
2025-09-19,FDX,FedEx,운송/물류,US,180.8954846634662,186.45785239439857,178.47087629736774,183.62913513183594,10410004
2025-09-22,FDX,FedEx,운송/물류,US,182.25041063246894,183.0348466541155,178.6372575952913,182.3375701904297,4778595
2025-09-23,FDX,FedEx,운송/물류,US,182.7654459026468,186.861930126038,182.5594228536933,185.17420959472656,3573708
2025-09-24,FDX,FedEx,운송/물류,US,184.8176500386241,186.90155720952683,184.80180557421772,185.21383666992188,2093567
2025-09-25,FDX,FedEx,운송/물류,US,184.89690685349808,187.56714951425332,184.22339701141598,187.32945251464844,2195081
2025-09-26,FDX,FedEx,운송/물류,US,187.788992648819,191.75078384340665,185.91110857397945,188.438720703125,2852066
2025-09-29,FDX,FedEx,운송/물류,US,189.4054065297541,189.70651137646772,185.6892493738368,187.45620727539062,1618885
2025-09-30,FDX,FedEx,운송/물류,US,186.2280606681674,186.93325941817022,183.7479816940085,186.84609985351562,1792128
2025-10-01,FDX,FedEx,운송/물류,US,186.21220072716716,190.36415555024055,185.64963222216275,189.80950927734375,1777608
2025-10-02,FDX,FedEx,운송/물류,US,190.0313678004024,194.42897197493087,189.3737174850609,192.0043487548828,2185773
2025-10-03,FDX,FedEx,운송/물류,US,192.60655125584364,194.65083238446562,192.35299479740726,193.81886291503906,2158595
2025-10-06,FDX,FedEx,운송/물류,US,193.92977438602858,198.16096651725726,193.02648988714833,195.73634338378906,2524690
2025-10-07,FDX,FedEx,운송/물류,US,196.25136692093693,197.19427752881774,191.92509325569924,192.0122528076172,1709229
2025-10-08,FDX,FedEx,운송/물류,US,188.73190227769828,192.03602816377025,187.78899162728973,190.110595703125,2031145
2025-10-09,FDX,FedEx,운송/물류,US,191.36252789270299,192.22618619006812,186.77476049300773,187.7889862060547,1557083
2025-10-10,FDX,FedEx,운송/물류,US,188.98545111021434,189.0963773574976,177.971658588464,177.9875030517578,3023324
2025-10-13,FDX,FedEx,운송/물류,US,179.99218329178723,182.82882252267814,179.17605834634327,181.9651641845703,1676839
2025-10-14,FDX,FedEx,운송/물류,US,180.65775104806573,186.2834955013885,179.8733151169289,185.94277954101562,1523576
2025-10-15,FDX,FedEx,운송/물류,US,186.59253107099133,188.16140313117637,183.2884050692935,186.83816528320312,1803794
2025-10-16,FDX,FedEx,운송/물류,US,187.78899697871572,189.37371349308998,184.6195639499672,187.71768188476562,1754898
2025-10-17,FDX,FedEx,운송/물류,US,187.71768337562315,190.086835933809,187.0441736001854,188.42288208007812,1975672
2025-10-20,FDX,FedEx,운송/물류,US,188.72398428985423,191.4338378098545,188.39911275504895,190.01551818847656,1108585
2025-10-21,FDX,FedEx,운송/물류,US,189.2944821024473,195.10246875987045,188.87452876199774,192.4163818359375,1417470
2025-10-22,FDX,FedEx,운송/물류,US,193.07403435813166,194.28634599442782,189.53219624806047,189.69859313964844,1355668
2025-10-23,FDX,FedEx,운송/물류,US,190.30078072139364,191.2833025648718,185.8318765259984,188.71604919433594,1627572
2025-10-24,FDX,FedEx,운송/물류,US,189.92042960126543,191.9330215909892,188.92998557223754,191.0772705078125,1371677
2025-10-27,FDX,FedEx,운송/물류,US,193.94563571123922,196.87735697355114,193.57323075440564,195.98199462890625,1968474
2025-10-28,FDX,FedEx,운송/물류,US,198.8819966335225,201.25907121449657,197.61422952536023,197.7330780029297,2223996
2025-10-29,FDX,FedEx,운송/물류,US,197.33691088944383,200.16562775448952,196.50492651488523,197.8043975830078,1847229
2025-10-30,FDX,FedEx,운송/물류,US,197.34485583529238,200.22112142603552,196.59210869568145,197.24185180664062,2193592
2025-10-31,FDX,FedEx,운송/물류,US,196.46533976474055,202.47141245431234,196.11670150813066,201.11648559570312,2038467
2025-11-03,FDX,FedEx,운송/물류,US,200.3082638578667,201.7741168400236,197.95495584852722,200.45880126953125,1975548
2025-11-04,FDX,FedEx,운송/물류,US,198.88200821660152,202.28123091701676,198.88200821660152,199.57928466796875,1988827
2025-11-05,FDX,FedEx,운송/물류,US,199.39705628070098,205.37143989766656,198.28776367542324,202.9230499267578,2087610
2025-11-06,FDX,FedEx,운송/물류,US,202.9071840578361,207.05121643388225,202.8041800415519,205.1099395751953,2760480
2025-11-07,FDX,FedEx,운송/물류,US,205.0941202660108,208.79443309973922,204.6424779827709,207.66928100585938,2046161
2025-11-10,FDX,FedEx,운송/물류,US,207.59796117230616,207.96244385730844,201.0134611338384,201.1719207763672,2507813
2025-11-11,FDX,FedEx,운송/물류,US,201.71866549470778,214.1903894808869,201.25908600531437,212.1302490234375,4368444
2025-11-12,FDX,FedEx,운송/물류,US,212.46302705331124,215.49776688550978,211.8766768889058,212.8829803466797,2173115
2025-11-13,FDX,FedEx,운송/물류,US,213.82589522166904,214.88766940025803,211.21904568358906,211.82916259765625,1623352
2025-11-14,FDX,FedEx,운송/물류,US,210.371214097688,213.69119953527624,209.4916962851488,212.00347900390625,1956809
2025-11-17,FDX,FedEx,운송/물류,US,210.77531888784893,212.90675940039955,208.39032193824818,209.76109313964844,2196570
2025-11-18,FDX,FedEx,운송/물류,US,207.93866971542096,209.93541732782268,205.8468553165828,208.45370483398438,1923550
2025-11-19,FDX,FedEx,운송/물류,US,208.45371546189935,210.44254094349736,206.68675750598118,208.04962158203125,1284807
2025-11-20,FDX,FedEx,운송/물류,US,210.371224623464,214.54696138602787,208.3823991534219,208.4695587158203,1951473
2025-11-21,FDX,FedEx,운송/물류,US,208.73101935771996,215.20459311323083,208.4854001611092,213.4851837158203,2138739
2025-11-24,FDX,FedEx,운송/물류,US,212.9939384576503,214.27756522444784,210.67233415581185,211.54391479492188,2383216
2025-11-25,FDX,FedEx,운송/물류,US,213.1048369335687,217.8986123468737,212.3758715829998,217.0032501220703,1576566
2025-11-26,FDX,FedEx,운송/물류,US,217.34397784293753,219.16639131780465,215.9969583128892,218.5562744140625,1271280
2025-11-28,FDX,FedEx,운송/물류,US,218.088785478891,219.38033436665233,217.42319795276856,218.4374237060547,628815
2025-12-01,FDX,FedEx,운송/물류,US,217.95408388763983,218.61173415140698,216.092029336431,216.5832977294922,1522831
2025-12-02,FDX,FedEx,운송/물류,US,216.31390283360273,216.6625410566061,211.77368370260191,214.22999572753906,2004587
2025-12-03,FDX,FedEx,운송/물류,US,214.64203423115046,217.27266545853698,212.91468752032807,214.29339599609375,2119380
2025-12-04,FDX,FedEx,운송/물류,US,215.32346057377768,218.55627139103197,210.7673969411735,217.1458740234375,2539831
2025-12-05,FDX,FedEx,운송/물류,US,217.0983625771628,219.16641044124685,216.3139264896195,217.3360595703125,1283194
2025-12-08,FDX,FedEx,운송/물류,US,219.87159964871555,221.48802015477858,218.730603116765,219.19810485839844,1626331
2025-12-09,FDX,FedEx,운송/물류,US,219.08715856587938,220.442100356345,217.88278420174393,218.0016326904297,1074954
2025-12-10,FDX,FedEx,운송/물류,US,218.310654812562,226.21047061409078,218.1363356975241,225.27548217773438,1625710
2025-12-11,FDX,FedEx,운송/물류,US,225.5527911411431,228.54790483704934,225.3071569482563,225.6478729248047,1684782
2025-12-12,FDX,FedEx,운송/물류,US,226.6145556560546,227.8347894138658,224.39595564377373,225.2992401123047,1519356
2025-12-15,FDX,FedEx,운송/물류,US,224.82936266043106,225.3868518548217,221.962243058278,223.97718811035156,2483241
2025-12-16,FDX,FedEx,운송/물류,US,224.59839903795637,226.25495605398206,223.67455892354124,224.956787109375,2023699
2025-12-17,FDX,FedEx,운송/물류,US,224.94882872741317,226.97969953273383,224.08869130651317,224.7576904296875,1935588
2025-12-18,FDX,FedEx,운송/물류,US,225.49835327103034,229.40878582818712,224.27186494260138,228.66810607910156,5041563
2025-12-19,FDX,FedEx,운송/물류,US,216.67401448478773,231.40778467191154,215.67053091320236,229.9901580810547,7079657
2025-12-22,FDX,FedEx,운송/물류,US,228.96279168264786,233.2554857555003,228.15043130136527,233.17584228515625,2980510
2025-12-23,FDX,FedEx,운송/물류,US,233.35105598713744,235.2943204778328,231.6228333917098,235.11114501953125,2140973
2025-12-24,FDX,FedEx,운송/물류,US,234.44216479135574,235.8199621705004,233.12807012491052,235.6606903076172,799204
2025-12-26,FDX,FedEx,운송/물류,US,235.20670844513214,236.25002129684992,234.3147196922021,236.0031280517578,869196
2025-12-29,FDX,FedEx,운송/물류,US,235.74030810987207,236.5367277130543,231.84581640112242,233.26344299316406,1683789
2025-12-30,FDX,FedEx,운송/물류,US,233.0165777043313,234.6651568728873,231.57504743532252,231.80601501464844,1151152
2025-12-31,FDX,FedEx,운송/물류,US,231.85378198106625,232.14050450326357,230.00608667010206,230.0538787841797,995530
2026-01-02,FDX,FedEx,운송/물류,US,230.10963962776995,233.66963191855749,229.16985873001508,233.45460510253906,1613052
2026-01-05,FDX,FedEx,운송/물류,US,232.58650888568133,237.3331603289757,232.06087101389284,236.90310668945312,2087362
2026-01-06,FDX,FedEx,운송/물류,US,236.64027882095198,245.37700608900235,236.64027882095198,245.24160766601562,3756507
2026-01-07,FDX,FedEx,운송/물류,US,243.62486622041618,247.3999001193538,242.4381921602448,244.7637481689453,2444894
2026-01-08,FDX,FedEx,운송/물류,US,243.9275286860495,251.19087485065026,242.54973125685922,246.1017608642578,3096543
2026-01-09,FDX,FedEx,운송/물류,US,250.0918176622313,253.9226069052505,246.10175655333367,248.76976013183594,2782198
2026-01-12,FDX,FedEx,운송/물류,US,247.26451907572928,249.63785228167896,245.70353117570303,248.41932678222656,1680935
2026-01-13,FDX,FedEx,운송/물류,US,247.3680580761833,248.57862077097622,245.32126153482784,246.6194305419922,1769418
2026-01-14,FDX,FedEx,운송/물류,US,246.18935782408695,249.82103076839476,245.68760847561109,249.71749877929688,2077682
2026-01-15,FDX,FedEx,운송/물류,US,251.66872930414496,253.2615685994302,248.897178675177,249.40689086914062,2350206
2026-01-16,FDX,FedEx,운송/물류,US,249.27945617925045,250.80061475429073,244.8832151484103,245.44070434570312,2504834
2026-01-20,FDX,FedEx,운송/물류,US,243.0434960454461,246.88224808977844,239.01360569903997,239.74632263183594,3527046
2026-01-21,FDX,FedEx,운송/물류,US,240.3993639321959,246.6671886652308,238.32867903199,244.4611053466797,2387932
2026-01-22,FDX,FedEx,운송/물류,US,245.4885146935718,248.0609491445029,244.65226575438373,246.7388916015625,1755395
2026-01-23,FDX,FedEx,운송/물류,US,245.8946780119516,246.7388897842345,240.85334113942147,242.2789306640625,2161326
2026-01-26,FDX,FedEx,운송/물류,US,243.08331090103542,243.7682205959773,239.67462777916256,242.48599243164062,1877757
2026-01-27,FDX,FedEx,운송/물류,US,242.90809865050628,250.17940703475645,241.9922063077638,248.81753540039062,2632533
2026-01-28,FDX,FedEx,운송/물류,US,248.2679955306213,252.8553748686087,248.24410701437643,250.5935516357422,1729334
2026-01-29,FDX,FedEx,운송/물류,US,252.65629470765356,254.79867553710938,250.43428548410574,254.79867553710938,2036977
2026-01-30,FDX,FedEx,운송/물류,US,251.31035489930457,257.0445646096215,251.31035489930457,256.6463623046875,3212453
2026-02-02,FDX,FedEx,운송/물류,US,256.3277833728183,267.2865205192605,256.04905382973504,267.0396423339844,3231936
2026-02-03,FDX,FedEx,운송/물류,US,273.4428371855104,282.84857886223847,272.6145812755734,281.4787292480469,4958416
2026-02-04,FDX,FedEx,운송/물류,US,283.6210831792641,290.9720501309534,283.17507372426917,288.7341003417969,3141592
2026-02-05,FDX,FedEx,운송/물류,US,288.3040629771551,291.8560924908225,284.521050803119,289.8650207519531,2903320
2026-02-06,FDX,FedEx,운송/물류,US,289.9605782640578,295.360287589469,288.5588774017587,294.0621337890625,2725732
2026-02-09,FDX,FedEx,운송/물류,US,293.04275962474543,294.4205722074385,289.21200027568807,290.374755859375,1842265
2026-02-10,FDX,FedEx,운송/물류,US,290.0561774910826,293.87104126426937,288.4952196170653,293.0427551269531,1834819
2026-02-11,FDX,FedEx,운송/물류,US,294.67544334716763,298.49823985567446,292.2304292588097,292.4136047363281,2294609
2026-02-12,FDX,FedEx,운송/물류,US,291.58529014496,303.32453572748415,288.6305641112202,294.2453308105469,4569362
2026-02-13,FDX,FedEx,운송/물류,US,294.6754158381091,301.46090087490524,290.3986172115503,298.43450927734375,2291879
2026-02-17,FDX,FedEx,운송/물류,US,301.01493105876693,304.2244982179891,297.85314093535163,298.8964538574219,1446137
2026-02-18,FDX,FedEx,운송/물류,US,298.67345589893495,305.498786008244,298.67345589893495,305.0926208496094,1874282
2026-02-19,FDX,FedEx,운송/물류,US,303.4360012494451,306.14384898446394,302.384725574918,305.1403503417969,1487587
2026-02-20,FDX,FedEx,운송/물류,US,304.04128674940733,311.61524300555453,303.42802754675677,309.3932189941406,1877385
2026-02-23,FDX,FedEx,운송/물류,US,308.8118592834973,311.91787918254715,302.8705560053378,305.59429931640625,2010296
2026-02-24,FDX,FedEx,운송/물류,US,305.59430401601185,310.2693048575274,304.7341967609607,307.8641052246094,1115039
2026-02-25,FDX,FedEx,운송/물류,US,309.13841729119724,310.60382103347615,304.05725106717176,304.70233154296875,1702776
2026-02-26,FDX,FedEx,운송/물류,US,306.6216703589387,312.18865959491916,306.613707520536,308.7560729980469,2217667
2026-02-27,FDX,FedEx,운송/물류,US,307.74467073960614,312.8815766996162,307.04382024499466,308.21453857421875,3411757
2026-03-02,FDX,FedEx,운송/물류,US,306.1119826622525,308.59684087633224,303.8820257842153,308.41363525390625,1796720
2026-03-03,FDX,FedEx,운송/물류,US,299.2309126143168,306.5739170038198,297.7097690638078,304.654541015625,2065893
2026-03-04,FDX,FedEx,운송/물류,US,305.6739524933142,308.2145203045519,302.05022748547947,305.8969421386719,2374902
2026-03-05,FDX,FedEx,운송/물류,US,304.7580528730242,306.04824378068434,295.7186933567746,297.3433837890625,2340030
2026-03-06,FDX,FedEx,운송/물류,US,290.66941622150216,290.66941622150216,281.82915669696223,285.9944152832031,3517118
2026-03-09,FDX,FedEx,운송/물류,US,281.16453149649254,289.4648607870494,276.6864760127343,288.753173828125,2373785
2026-03-10,FDX,FedEx,운송/물류,US,290.5124145870552,294.63062918884043,286.6021337234735,287.44976806640625,1890415
2026-03-11,FDX,FedEx,운송/물류,US,287.69771117248695,289.52090202249985,284.59505839377823,288.9851379394531,1271901
2026-03-12,FDX,FedEx,운송/물류,US,284.4270889240521,287.5697168571919,281.70029817073254,282.3799743652344,1952217
2026-03-13,FDX,FedEx,운송/물류,US,283.63544013579474,285.1547554702304,278.90151060895874,281.2204895019531,2116401
2026-03-16,FDX,FedEx,운송/물류,US,284.11521062520995,285.8904304286927,281.72427561778636,281.7562561035156,1527919
2026-03-17,FDX,FedEx,운송/물류,US,285.98642495019743,285.98642495019743,280.28493380918604,283.60345458984375,1847725
2026-03-18,FDX,FedEx,운송/물류,US,283.59546066583823,284.6669887349512,278.92552195933894,279.669189453125,1518860
2026-03-19,FDX,FedEx,운송/물류,US,276.3266622125207,285.21075739249056,275.1991682511284,284.7629699707031,6018726
2026-03-20,FDX,FedEx,운송/물류,US,304.5222604416871,306.40944233635145,285.10680349149493,286.9539794921875,8647164
2026-03-23,FDX,FedEx,운송/물류,US,291.8718596140407,295.7661506611987,284.3151663644877,284.49908447265625,3128189
2026-03-24,FDX,FedEx,운송/물류,US,282.32404038226264,288.11350850566475,280.6367969612106,287.84161376953125,2609203
2026-03-25,FDX,FedEx,운송/물류,US,288.7932167556767,289.47292331544287,282.0841580757964,285.8904724121094,2761970
2026-03-26,FDX,FedEx,운송/물류,US,284.0912705357714,284.14723639471674,279.36533533324,279.51727294921875,1972570
2026-03-27,FDX,FedEx,운송/물류,US,278.77360484316966,279.0854751972115,273.6158724556663,275.05523681640625,1980884
2026-03-30,FDX,FedEx,운송/물류,US,278.1738620038788,278.197847370417,272.88018258450916,273.2879943847656,1600021
2026-03-31,FDX,FedEx,운송/물류,US,276.7904734499744,285.3626983902135,275.38308961983904,284.8189392089844,2498133
2026-04-01,FDX,FedEx,운송/물류,US,286.98598266413256,292.6155180210166,286.11439317169027,287.32183837890625,2365718
2026-04-02,FDX,FedEx,운송/물류,US,283.0756941891618,291.5199970065896,282.67587750457875,289.1770324707031,1759986
2026-04-06,FDX,FedEx,운송/물류,US,287.24186396502733,288.5852867156689,285.2507454892286,286.94598388671875,1583392
2026-04-07,FDX,FedEx,운송/물류,US,286.2103122446823,288.00152239360176,283.7633809625601,285.4746398925781,1296845
2026-04-08,FDX,FedEx,운송/물류,US,291.07221216558236,298.63686988862526,291.07221216558236,298.6128845214844,2327620
2026-04-09,FDX,FedEx,운송/물류,US,298.16509026031616,303.9785132031931,297.24546950034846,301.4676208496094,2003346
2026-04-10,FDX,FedEx,운송/물류,US,301.91541626656283,302.89097252536436,298.3009853246542,299.13262939453125,1413995
2026-04-13,FDX,FedEx,운송/물류,US,296.0860173238635,299.0287070663165,294.57466655409235,297.3814392089844,1521838
2026-04-14,FDX,FedEx,운송/물류,US,290.23256324052386,297.205490821861,289.58483721104403,295.9820251464844,2707117
2026-04-15,FDX,FedEx,운송/물류,US,294.1828061851789,295.87007971861897,288.3693532872954,291.807861328125,2050753
2026-04-16,FDX,FedEx,운송/물류,US,291.45604015227116,304.5782771048445,290.520429121496,304.5702819824219,2042562
2026-04-17,FDX,FedEx,운송/물류,US,306.561388662493,314.15006178201696,305.7057591738052,313.7662353515625,2887187
2026-04-20,FDX,FedEx,운송/물류,US,311.9830272767054,316.5810099923423,311.0554113836439,314.8697509765625,1440801
2026-04-21,FDX,FedEx,운송/물류,US,316.24513424261727,319.5956656766401,313.26243897976667,315.533447265625,1842637
2026-04-22,FDX,FedEx,운송/물류,US,316.62096579669947,316.86084973497196,308.14468304007454,308.6244812011719,1663685
2026-04-23,FDX,FedEx,운송/물류,US,313.3424182105488,316.66096945411516,310.62362229261583,314.0141296386719,1816079
2026-04-24,FDX,FedEx,운송/물류,US,313.7742267167734,313.86217305894587,308.8323933435969,310.2477722167969,1065771
2026-04-27,FDX,FedEx,운송/물류,US,310.1518263995257,313.74224217581855,307.5289718907923,310.1758117675781,1317446
2026-04-28,FDX,FedEx,운송/물류,US,310.6316171468454,313.5823321838065,305.6817883567941,312.031005859375,1501734
2026-04-29,FDX,FedEx,운송/물류,US,312.4867694661108,316.23714794767534,306.2814948291326,310.7355651855469,1633777
2026-04-30,FDX,FedEx,운송/물류,US,312.4068130278499,323.0821178023922,309.855945166404,322.5063781738281,2408781
2026-05-01,FDX,FedEx,운송/물류,US,322.25851123435604,322.9381874728472,314.4779248382331,314.7977600097656,1329111
2026-05-04,FDX,FedEx,운송/물류,US,303.4667325379881,303.53072379969734,283.1876503405293,286.1143798828125,6236273
2026-05-05,FDX,FedEx,운송/물류,US,285.4746492008113,292.3116597373693,285.4746492008113,290.0726318359375,2284433
2026-05-06,FDX,FedEx,운송/물류,US,291.47200177602537,302.46717166985377,291.47200177602537,301.6195373535156,2822158
2026-05-07,FDX,FedEx,운송/물류,US,303.8585946183144,304.6662231203404,298.63687114537584,300.61199951171875,1961276
2026-05-08,FDX,FedEx,운송/물류,US,302.4351987914011,306.51340747382955,300.26812707393947,302.7310485839844,1699798
2026-05-11,FDX,FedEx,운송/물류,US,304.48226846487984,307.20908943353044,301.00381522589447,302.9869384765625,1155495
2026-05-12,FDX,FedEx,운송/물류,US,303.6746703148587,303.6746703148587,297.66930382981184,301.00384521484375,1236408
2026-05-13,FDX,FedEx,운송/물류,US,302.51516943093065,303.78660587677126,293.55112304667614,295.63018798828125,1958050
2026-05-14,FDX,FedEx,운송/물류,US,296.6697246634703,303.9305371580718,294.7025915073186,303.8505859375,1797961
2026-05-15,FDX,FedEx,운송/물류,US,301.2677134233544,301.8274628324964,297.8692110728427,300.4920654296875,1443035
2026-05-18,FDX,FedEx,운송/물류,US,299.47650907851727,300.26814733216503,293.5591191284408,295.64617919921875,1759614
2026-05-19,FDX,FedEx,운송/물류,US,294.90252650593555,300.8998982658626,288.761212251412,299.8443603515625,1951100
2026-05-20,FDX,FedEx,운송/물류,US,301.3476918192403,311.0154298507158,300.27613346079124,309.336181640625,1761475
2026-05-21,FDX,FedEx,운송/물류,US,309.6560273590572,313.68626559893886,304.2744014398404,310.991455078125,1165299
2026-05-22,FDX,FedEx,운송/물류,US,314.9976944323127,318.89998026159356,313.46235843430674,315.2215881347656,1871552
2026-05-26,FDX,FedEx,운송/물류,US,317.64451551195447,322.2825041649525,317.6285252672302,319.85955810546875,1543184
2026-05-27,FDX,FedEx,운송/물류,US,327.07237143485213,330.81472434749054,325.73694384115686,329.2793884277344,2300318
2026-05-28,FDX,FedEx,운송/물류,US,327.85602612287994,329.95910660876115,322.67430885119677,328.97552490234375,2408036
2026-05-29,FDX,FedEx,운송/물류,US,328.9995274347726,330.9506702413703,327.1523212093015,329.2554016113281,2728711
2026-06-01,FDX,FedEx,운송/물류,US,322.52831429434394,338.5351544780191,319.3527365833701,335.9053649902344,2399300
2026-06-02,FDX,FedEx,운송/물류,US,334.7641373229295,334.7641373229295,324.5030950760769,326.4878234863281,3307800
2026-06-03,FDX,FedEx,운송/물류,US,325.0191457736215,327.4504504309717,321.6947495846046,321.9825134277344,2005300
2026-06-04,FDX,FedEx,운송/물류,US,325.6542653171686,331.8763784418882,325.257325662618,325.4954833984375,1894900
2026-06-05,FDX,FedEx,운송/물류,US,325.2275445224841,330.8542328254711,323.61988900850594,328.4725646972656,2584700
2026-06-08,FDX,FedEx,운송/물류,US,328.6710753005128,330.42754924662484,325.71381872084953,327.69854736328125,1761000
2026-06-09,FDX,FedEx,운송/물류,US,331.1916379729536,334.91300394269064,323.0641722722836,329.2267761230469,1656900
2026-06-10,FDX,FedEx,운송/물류,US,324.0863029942494,328.94891204020723,316.5244922651738,316.8122863769531,1700400
2026-06-11,FDX,FedEx,운송/물류,US,322.39928450789193,336.35192266642804,320.3748530704754,335.4190979003906,2521600
2026-06-12,FDX,FedEx,운송/물류,US,339.38857209558006,340.1923847119896,332.4420223743255,335.72674560546875,1176600
2026-06-15,FDX,FedEx,운송/물류,US,338.2572651530764,342.7328376306159,335.2404996251598,336.16339111328125,1956300
2026-06-16,FDX,FedEx,운송/물류,US,336.500787353251,339.52751646359064,332.30307570506085,333.1763610839844,1367100
2026-06-17,FDX,FedEx,운송/물류,US,333.1862772907753,335.5977150077892,322.55806527965547,323.4412536621094,1266200
2026-06-18,FDX,FedEx,운송/물류,US,327.43059443072855,328.5718072544496,321.99242747101806,323.709228515625,2531800
2026-06-22,FDX,FedEx,운송/물류,US,325.03401159408554,331.1001939210381,324.3865594005681,327.4943542480469,2347400
2026-06-23,FDX,FedEx,운송/물류,US,324.7352071730196,326.11975602483653,315.1229174167076,315.9994812011719,3551000
2026-06-24,FDX,FedEx,운송/물류,US,313.53912224487334,322.4142845059587,304.8532194455606,315.591064453125,5960700
2026-06-25,FDX,FedEx,운송/물류,US,317.79243804011764,328.20155623727413,316.50747393027757,328.1517639160156,2707900
2026-06-26,FDX,FedEx,운송/물류,US,326.29902268395585,326.3388747800611,314.88384420835155,317.284423828125,3422600
2026-06-29,FDX,FedEx,운송/물류,US,316.66686178428307,324.456290081489,316.66686178428307,324.1275634765625,3053400
2026-06-30,FDX,FedEx,운송/물류,US,323.2908451757566,324.4562834083316,307.8116039435734,311.9055480957031,3182400
2026-07-01,FDX,FedEx,운송/물류,US,311.7760632685784,315.8400957020916,309.3953943923992,312.66259765625,2115100
2026-07-02,FDX,FedEx,운송/물류,US,316.5772214443467,316.7465396626784,309.0866077839495,311.77606201171875,1249200
2026-07-06,FDX,FedEx,운송/물류,US,311.82584284099534,315.8002610887088,306.4569356055913,308.7180480957031,1422100
2026-07-07,FDX,FedEx,운송/물류,US,310.5707906219729,312.7123772218121,308.2897368844058,311.6565246582031,1381200
2026-07-08,FDX,FedEx,운송/물류,US,311.537005491863,312.9315249080264,305.16200747812724,308.5487365722656,1749800
2026-07-09,FDX,FedEx,운송/물류,US,312.0250914894108,319.31647522458246,302.87102492095846,309.62451171875,2425600
2026-07-10,FDX,FedEx,운송/물류,US,312.62273051316436,316.39791865061784,310.09265438954515,313.4594421386719,1640200
2026-07-13,FDX,FedEx,운송/물류,US,314.54518444775323,316.0094374305004,310.32177411307816,312.5131530761719,1573900
2026-07-14,FDX,FedEx,운송/물류,US,313.90769525038127,315.21257021162836,309.79384028473123,312.4334716796875,1440100
2026-07-15,FDX,FedEx,운송/물류,US,314.76432537917907,318.90806191803597,310.52097379694595,312.1944274902344,1468200
2026-07-16,FDX,FedEx,운송/물류,US,312.0948269915577,317.79246119823495,311.37764120336595,316.95574951171875,1435000
2026-07-17,FDX,FedEx,운송/물류,US,314.9137210430164,317.4139156671102,310.90945179333244,311.7561340332031,1465300
2026-07-20,FDX,FedEx,운송/물류,US,312.77215950183256,312.77215950183256,304.50462731761064,305.0225830078125,1832800
2026-07-21,FDX,FedEx,운송/물류,US,310.7799607015625,315.76040878972856,307.7916918486629,313.9574890136719,1619000
2026-07-22,FDX,FedEx,운송/물류,US,312.3537697484245,320.8703542406619,312.2740959540299,319.7646789550781,1607800
2026-07-23,FDX,FedEx,운송/물류,US,318.718799179929,320.24281509337055,313.08092824309324,314.38580322265625,1623800
2026-07-24,FDX,FedEx,운송/물류,US,314.80418741994293,317.3143224417986,312.77215598420594,313.7283935546875,1076700
2026-07-27,FDX,FedEx,운송/물류,US,313.27019107583516,314.7543549086612,307.50282356169083,309.57470703125,1782200
2026-07-28,FDX,FedEx,운송/물류,US,309.6344714969012,312.5231253809328,301.8151617224626,311.41748046875,1461200
2026-07-29,FDX,FedEx,운송/물류,US,310.7799565924736,311.6266388359156,306.456931356893,307.4031982421875,1833100
2026-07-30,FDX,FedEx,운송/물류,US,310.0627804720589,310.11257279452843,302.99053798151095,307.34344482421875,1536300
2026-07-31,FDX,FedEx,운송/물류,US,309.79383627540795,310.2321181313408,305.7795964026642,306.19793701171875,1309100
2026-08-03,FDX,FedEx,운송/물류,US,306.317486259878,309.3356367626197,305.7098861485966,308.03076171875,944400
2026-08-04,FDX,FedEx,운송/물류,US,309.0368023209098,313.72837588492644,306.60634123421397,312.1147155761719,1273500
2026-08-05,FDX,FedEx,운송/물류,US,311.2780127096991,312.5131541366933,307.86143253777584,309.5049743652344,1283000
2026-08-06,FDX,FedEx,운송/물류,US,311.41747660915246,317.2545472515726,311.16845420157665,314.63482666015625,1920200
2026-08-07,FDX,FedEx,운송/물류,US,313.8279954667701,318.4398953037343,312.0848386194312,317.32427978515625,1214800
2026-08-10,FDX,FedEx,운송/물류,US,316.37798715691224,324.86469035971254,315.66080139890437,323.8088073730469,1674700
2026-08-11,FDX,FedEx,운송/물류,US,325.93049692577506,327.0660537564683,319.5057367041905,321.169189453125,2145400
2026-08-12,FDX,FedEx,운송/물류,US,321.69708855759234,325.5320395954896,319.86428734221835,325.4921875,1449000
2026-08-13,FDX,FedEx,운송/물류,US,325.7113270485772,338.91948481005227,325.7113270485772,338.02301025390625,2497000
2026-08-14,FDX,FedEx,운송/물류,US,337.7042691245313,340.3538712122982,332.1859240124682,333.3314514160156,1314900
2026-08-17,FDX,FedEx,운송/물류,US,333.4509887903665,338.76013337429004,330.12405292904435,330.1937561035156,1469200
2026-08-18,FDX,FedEx,운송/물류,US,332.0763648856364,332.8433429554577,326.75724992247996,327.0959167480469,1072100
2026-08-19,FDX,FedEx,운송/물류,US,329.6558743863462,336.71814619765894,325.7810711441449,327.0959167480469,1295600
2026-08-20,FDX,FedEx,운송/물류,US,324.8945722008901,331.9269626479256,324.10765287148854,324.76507568359375,1666000
2026-08-21,FDX,FedEx,운송/물류,US,327.01621723549266,329.3371231238452,323.39046674651763,323.8088073730469,1776700
2026-08-24,FDX,FedEx,운송/물류,US,323.7291444937261,333.06249988817996,323.0318695616726,332.7437438964844,1489800
2026-08-25,FDX,FedEx,운송/물류,US,335.65232171516294,335.65232171516294,327.5839896835193,332.4050598144531,1096900
2026-08-26,FDX,FedEx,운송/물류,US,332.51464997132314,339.49721765698814,329.1179806608286,334.6761474609375,1169700
2026-08-27,FDX,FedEx,운송/물류,US,332.1461061054797,333.7199143779806,329.9049043919427,330.11407470703125,815000
2026-08-28,FDX,FedEx,운송/물류,US,331.0802856110455,332.7736197918309,327.54414908383563,329.5861511230469,956900
2026-08-31,FDX,FedEx,운송/물류,US,327.36486306061954,328.2812789297129,323.4303271139459,326.1197509765625,1900200
2026-09-01,FDX,FedEx,운송/물류,US,326.259221329342,329.1877274117005,318.1111846684851,323.609619140625,1813600
2026-09-02,FDX,FedEx,운송/물류,US,324.1873179283275,324.34669591468474,314.6348221581912,315.3022155761719,1279700
2026-09-03,FDX,FedEx,운송/물류,US,317.4438204979347,323.171336120891,314.096943387694,323.0418395996094,2529200
2026-09-04,FDX,FedEx,운송/물류,US,322.48402077999987,323.7789251520199,319.8344186912074,321.2588195800781,1971800
2026-09-08,FDX,FedEx,운송/물류,US,318.74868313830245,319.8941801386821,312.83190827568825,312.9016418457031,1677200
2026-09-09,FDX,FedEx,운송/물류,US,310.64049933673846,311.7760561130995,307.3733265461156,307.98095703125,1350800
2026-09-10,FDX,FedEx,운송/물류,US,306.48683552536534,312.6127809668093,305.5903608946104,310.58074951171875,1017200
2026-09-11,FDX,FedEx,운송/물류,US,314.20651034203473,314.20651034203473,307.47293482245664,310.7699890136719,1194000
2026-09-14,FDX,FedEx,운송/물류,US,311.6700134277344,313.4599914550781,309.79998779296875,312.57000732421875,1061600
2026-09-15,FDX,FedEx,운송/물류,US,313.32000732421875,314.04998779296875,307.07000732421875,308.260009765625,1029200
2026-09-16,FDX,FedEx,운송/물류,US,307.95001220703125,307.95001220703125,299.3800048828125,301.7200012207031,1578700
2026-09-17,FDX,FedEx,운송/물류,US,307.70001220703125,309.260009765625,304.95001220703125,305.8800048828125,1252400
2025-09-18,UPS,UPS,운송/물류,US,79.45120247202524,79.84531325837688,78.82250090915826,79.80778503417969,8067300
2025-09-19,UPS,UPS,운송/물류,US,79.86407582673588,80.33325732863933,78.83187795437662,78.87879180908203,18120200
2025-09-22,UPS,UPS,운송/물류,US,78.63483364336699,80.41771787406545,78.00612490143527,79.038330078125,10224300
2025-09-23,UPS,UPS,운송/물류,US,79.26352910713372,80.44586857152188,78.93510346678757,79.20722961425781,7486300
2025-09-24,UPS,UPS,운송/물류,US,79.1133933742871,79.77963033896299,78.55037692687083,78.72866821289062,6988400
2025-09-25,UPS,UPS,운송/물류,US,78.6348325363654,78.81311666143986,77.28358734891594,77.49002838134766,9021100
2025-09-26,UPS,UPS,운송/물류,US,77.64016204564614,78.70989542284507,77.54632716607722,78.55976104736328,6845800
2025-09-29,UPS,UPS,운송/물류,US,78.75681271901033,79.31044349369398,78.31578093082933,79.29167938232422,7275300
2025-09-30,UPS,UPS,운송/물류,US,79.2916830921362,79.33860411146898,77.5463271282643,78.3814697265625,9876200
2025-10-01,UPS,UPS,운송/물류,US,78.25010720806677,79.38552582870057,78.18442206998525,79.17908477783203,7074800
2025-10-02,UPS,UPS,운송/물류,US,79.45120236467763,81.7408106312995,79.3292177383457,80.29573059082031,9815500
2025-10-03,UPS,UPS,운송/물류,US,80.41771843186656,81.9472549356747,80.15497789748403,81.43115234375,7098900
2025-10-06,UPS,UPS,운송/물류,US,81.50621862596397,81.68450990411162,80.49278476987563,81.28101348876953,6987000
2025-10-07,UPS,UPS,운송/물류,US,81.65634933934916,82.04108162566422,80.51155243373357,80.68045806884766,4726800
2025-10-08,UPS,UPS,운송/물류,US,80.56786157179732,81.75020115915281,79.95792408535203,80.93382263183594,4896000
2025-10-09,UPS,UPS,운송/물류,US,80.96196074334927,81.14963764404713,79.64825107503115,80.02359771728516,5784700
2025-10-10,UPS,UPS,운송/물류,US,80.1362111520653,80.75552708288686,77.46187771618096,77.76215362548828,8506000
2025-10-13,UPS,UPS,운송/물류,US,78.05303955078125,78.81311133780937,77.75276365820233,78.05303955078125,6132200
2025-10-14,UPS,UPS,운송/물류,US,77.41495721639032,79.10401369204126,76.9457756575031,78.86942291259766,6306800
2025-10-15,UPS,UPS,운송/물류,US,79.04770780515979,79.69518065364363,78.4565416125066,78.90695190429688,4903000
2025-10-16,UPS,UPS,운송/물류,US,79.52627704608798,80.44587608407734,78.6817487783718,80.36141967773438,7056200
2025-10-17,UPS,UPS,운송/물류,US,80.38956761614402,81.43115126301007,79.98607118394237,81.0839614868164,9396100
2025-10-20,UPS,UPS,운송/물류,US,81.3091623275093,82.10676951381508,81.07457155746984,81.55313873291016,5456500
2025-10-21,UPS,UPS,운송/물류,US,81.40300213564139,83.23280738915439,81.04642672086881,82.63225555419922,6181500
2025-10-22,UPS,UPS,운송/물류,US,82.34136331179498,82.77300948544348,81.57190584413593,81.71266174316406,5258500
2025-10-23,UPS,UPS,운송/물류,US,82.13492252552524,83.01698614686015,80.98073990017322,81.66574096679688,5764800
2025-10-24,UPS,UPS,운송/물류,US,82.50087591583646,82.86683692496672,81.76895389757595,81.84402465820312,5256200
2025-10-27,UPS,UPS,운송/물류,US,82.78239343520805,83.81459140848864,82.78239343520805,83.72075653076172,12012900
2025-10-28,UPS,UPS,운송/물류,US,92.38184501274117,94.37117737670549,89.14449515751977,90.42066955566406,30027000
2025-10-29,UPS,UPS,운송/물류,US,90.92739433381288,92.23171859218319,89.82951112223091,91.39657592773438,10789200
2025-10-30,UPS,UPS,운송/물류,US,91.09628780011064,92.24109188150186,89.01312065648295,89.20079040527344,10073600
2025-10-31,UPS,UPS,운송/물류,US,89.06942223164842,90.92738428833647,88.75038221941735,90.47696685791016,7305400
2025-11-03,UPS,UPS,운송/물류,US,90.46759001692419,90.46759001692419,87.82139919894364,88.29058074951172,7693100
2025-11-04,UPS,UPS,운송/물류,US,87.97153902437348,88.7691462130327,87.15516056493611,87.50235748291016,6457700
2025-11-05,UPS,UPS,운송/물류,US,86.7329016535965,88.23428118236058,85.48487701190979,87.18331909179688,6215300
2025-11-06,UPS,UPS,운송/물류,US,87.3615985043977,88.13105591886668,86.92056672552978,87.83078002929688,6571800
2025-11-07,UPS,UPS,운송/물류,US,87.64311289541749,90.28929648835931,87.45543598437848,90.03593444824219,7741700
2025-11-10,UPS,UPS,운송/물류,US,89.9327222431736,90.00779301452278,86.37633215000619,87.3240737915039,9771900
2025-11-11,UPS,UPS,운송/물류,US,88.02784142442182,89.61367737784539,87.13639932986985,89.17264556884766,6859200
2025-11-12,UPS,UPS,운송/물류,US,89.66058864060277,90.5520306381507,89.47291174275892,90.25175476074219,5814500
2025-11-13,UPS,UPS,운송/물류,US,90.17669501732715,91.13382941539741,89.84826935490796,90.0547103881836,6119500
2025-11-14,UPS,UPS,운송/물류,US,89.81072488643622,90.7490879179432,89.29462951459244,90.0640869140625,6583000
2025-11-17,UPS,UPS,운송/물류,US,89.94952990872773,91.08559612405283,89.31944056065275,89.92089080810547,6488200
2025-11-18,UPS,UPS,운송/물류,US,89.3576250035952,89.43400079136792,87.89697265952313,88.62252807617188,6347800
2025-11-19,UPS,UPS,운송/물류,US,89.00439885454968,89.73949577473068,88.19291886375248,88.22156524658203,5604300
2025-11-20,UPS,UPS,운송/물류,US,88.57479208660295,89.58674578998776,86.72271927828335,86.7513656616211,7452700
2025-11-21,UPS,UPS,운송/물류,US,87.42918832697055,91.85888228158497,87.17142185051182,90.36959075927734,8913200
2025-11-24,UPS,UPS,운송/물류,US,90.40776457855551,90.45550126574888,89.11895414388935,89.3194351196289,6554600
2025-11-25,UPS,UPS,운송/물류,US,89.78723878883008,91.05695174042353,89.30035221676545,90.2550277709961,5840200
2025-11-26,UPS,UPS,운송/물류,US,89.97817135443407,91.45792138298538,89.51038237035384,91.33380889892578,4685800
2025-11-28,UPS,UPS,운송/물류,US,91.20015420458648,91.98298786491613,90.97103411179637,91.44837188720703,2554800
2025-12-01,UPS,UPS,운송/물류,US,91.20970120116127,92.27894041909417,90.72281464043512,90.90420532226562,4772500
2025-12-02,UPS,UPS,운송/물류,US,91.11423266949491,91.64884862237467,90.21683536265007,91.24788665771484,4854500
2025-12-03,UPS,UPS,운송/물류,US,91.7061284195626,93.79687014593266,91.54383532869635,93.75868225097656,7259000
2025-12-04,UPS,UPS,운송/물류,US,93.8541432982529,94.21692463902409,90.21683208158719,90.46504974365234,9451300
2025-12-05,UPS,UPS,운송/물류,US,90.69417355372234,91.50564628143115,90.29321158712685,90.570068359375,5523600
2025-12-08,UPS,UPS,운송/물류,US,90.73235937172353,92.05935771908416,90.57006628661519,91.21924591064453,5617400
2025-12-09,UPS,UPS,운송/물류,US,91.26698199858049,92.78491992510848,91.20015500078344,92.57489013671875,4738300
2025-12-10,UPS,UPS,운송/물류,US,92.73718198388535,95.57256952174092,92.6989940880022,95.12387084960938,7188100
2025-12-11,UPS,UPS,운송/물류,US,95.57256395514115,96.6131567438615,94.51287357779336,95.92579650878906,5264200
2025-12-12,UPS,UPS,운송/물류,US,96.4795020685494,97.05231318574455,95.48663869129928,96.3458480834961,4510200
2025-12-15,UPS,UPS,운송/물류,US,96.42222656793511,96.67044424009117,95.2288821797181,95.53437805175781,5061700
2025-12-16,UPS,UPS,운송/물류,US,95.60120227049705,96.11672790527072,94.62743648276629,95.57256317138672,4841800
2025-12-17,UPS,UPS,운송/물류,US,95.63938751251595,96.80409273468733,95.3816283440727,96.384033203125,5978800
2025-12-18,UPS,UPS,운송/물류,US,96.73727853035415,98.2265701084197,96.60362453148143,97.45328521728516,7611600
2025-12-19,UPS,UPS,운송/물류,US,96.52723705305063,97.5582883054949,95.58211038010793,97.30052185058594,17317500
2025-12-22,UPS,UPS,운송/물류,US,97.02366898584134,97.37690154491258,95.49618963401291,96.16446685791016,5464400
2025-12-23,UPS,UPS,운송/물류,US,96.12627879185705,96.32675977358907,95.35298668106658,95.64894104003906,4645300
2025-12-24,UPS,UPS,운송/물류,US,95.65848384403714,96.48905416552302,95.37208555923233,96.09764099121094,1845500
2025-12-26,UPS,UPS,운송/물류,US,95.96398041364657,96.31721297942225,95.4198156566169,95.98307800292969,2856700
2025-12-29,UPS,UPS,운송/물류,US,95.95443839760486,96.42222736223252,94.57015452571213,95.16205596923828,4352600
2025-12-30,UPS,UPS,운송/물류,US,95.20024664137568,95.62984772376745,94.98066806094666,95.12387084960938,3397900
2025-12-31,UPS,UPS,운송/물류,US,95.04749255427065,95.28616143455646,94.56061328267685,94.69426727294922,3926400
2026-01-02,UPS,UPS,운송/물류,US,94.79927897435059,96.62270537093247,93.94961837179947,96.44131469726562,5032000
2026-01-05,UPS,UPS,운송/물류,US,96.37449509484064,97.68240323720623,96.03081130974597,97.37690734863281,5733600
2026-01-06,UPS,UPS,운송/물류,US,97.45327773549755,100.47004855735646,97.45327773549755,100.45095825195312,6936000
2026-01-07,UPS,UPS,운송/물류,US,100.73735471014434,101.53928591088699,99.38171725957967,100.6323471069336,5688200
2026-01-08,UPS,UPS,운송/물류,US,99.86860822283762,103.05722101117847,99.41036076160489,102.12164306640625,6294100
2026-01-09,UPS,UPS,운송/물류,US,103.58229099299332,104.69925957176717,101.902060085866,103.1622314453125,5504400
2026-01-12,UPS,UPS,운송/물류,US,102.9712976150841,103.73504091073937,102.31256920467133,103.13359069824219,4335900
2026-01-13,UPS,UPS,운송/물류,US,102.23620026597122,103.15269519558096,101.33881020960605,101.74932098388672,4706200
2026-01-14,UPS,UPS,운송/물류,US,101.66339206648101,103.0858638072217,101.50109897936704,102.53215026855469,4042200
2026-01-15,UPS,UPS,운송/물류,US,102.8376442458441,104.05007890508153,102.36030650410409,103.69685363769531,4133300
2026-01-16,UPS,UPS,운송/물류,US,103.18133016326424,103.72549490889917,101.97843698948323,102.06436157226562,4669300
2026-01-20,UPS,UPS,운송/물류,US,101.19561018363038,102.29348854328529,100.3841374077451,101.71113586425781,5601000
2026-01-21,UPS,UPS,운송/물류,US,102.61806791091414,104.36512583172896,102.24574504694979,103.56320190429688,3950700
2026-01-22,UPS,UPS,운송/물류,US,104.05008444986406,105.05249667437455,103.93552804724318,104.34603881835938,3487300
2026-01-23,UPS,UPS,운송/물류,US,104.59425066513593,104.73745345399635,102.68489956992077,103.08586883544922,4049600
2026-01-26,UPS,UPS,운송/물류,US,103.30543868949604,103.69685915467362,101.94025238414383,102.12164306640625,8194000
2026-01-27,UPS,UPS,운송/물류,US,101.84478136258772,107.56328549694118,100.00225737919757,102.3412094116211,14449300
2026-01-28,UPS,UPS,운송/물류,US,102.66581306761428,103.27680485803324,98.89484014468846,98.9998550415039,9254900
2026-01-29,UPS,UPS,운송/물류,US,99.64902984843347,102.35076336399605,99.48673675533938,101.1860580444336,10939800
2026-01-30,UPS,UPS,운송/물류,US,101.05239946458298,102.93311135093107,100.48914441991009,101.40563201904297,7186700
2026-02-02,UPS,UPS,운송/물류,US,101.74931656586706,105.65393586580794,101.43427190271792,105.27206420898438,8662400
2026-02-03,UPS,UPS,운송/물류,US,105.66348792125416,109.1194159609516,105.64439761544203,106.78045654296875,7698600
2026-02-04,UPS,UPS,운송/물류,US,107.87833749255377,111.63021270731122,107.82105929012273,111.44882202148438,11371500
2026-02-05,UPS,UPS,운송/물류,US,110.74235872462972,111.37244805487875,109.69221712447745,111.2674331665039,6624500
2026-02-06,UPS,UPS,운송/물류,US,111.02876557567201,112.40349336774163,110.58006691716464,112.02162170410156,6738200
2026-02-09,UPS,UPS,운송/물류,US,111.85932602022903,112.65170842927768,110.74235743895093,112.57533264160156,5221000
2026-02-10,UPS,UPS,운송/물류,US,112.89037575315366,114.14099830389668,112.0693542558976,113.31997680664062,5845200
2026-02-11,UPS,UPS,운송/물류,US,114.274660096205,115.42027512310112,113.88324690928955,114.56106567382812,6649600
2026-02-12,UPS,UPS,운송/물류,US,114.92383445870145,116.86183184851225,111.7447705684241,112.71853637695312,10174100
2026-02-13,UPS,UPS,운송/물류,US,112.81400770934064,114.56106570947324,111.7543172688403,113.83551025390625,4973500
2026-02-17,UPS,UPS,운송/물류,US,113.68063521924044,114.41630157230739,111.72529322277285,111.81241607666016,5234300
2026-02-18,UPS,UPS,운송/물류,US,111.4832914551051,112.6352007293674,110.55402290051241,112.40288543701172,4359500
2026-02-19,UPS,UPS,운송/물류,US,111.89952289750791,112.36416085026788,110.83473651284639,111.84144592285156,3845400
2026-02-20,UPS,UPS,운송/물류,US,111.39617905438824,113.39023408773451,110.63146683646171,112.99336242675781,4947500
2026-02-23,UPS,UPS,운송/물류,US,112.45127779088352,112.62551610231337,110.80569948251147,111.33808898925781,5181500
2026-02-24,UPS,UPS,운송/물류,US,111.24129565444228,112.6158382811154,110.83474204122969,111.67689514160156,2658000
2026-02-25,UPS,UPS,운송/물류,US,111.69625516096923,112.04473180751249,109.3343595311028,110.20555114746094,4023500
2026-02-26,UPS,UPS,운송/물류,US,110.5540214604553,113.02239633453047,110.5540214604553,112.89655303955078,5314300
2026-02-27,UPS,UPS,운송/물류,US,112.24800872802734,113.17727732464304,111.37681711083441,112.24800872802734,6239600
2026-03-02,UPS,UPS,운송/물류,US,110.7573013305664,111.56073398550588,109.54731506174312,110.7573013305664,5013000
2026-03-03,UPS,UPS,운송/물류,US,109.27627997805635,109.953869338615,107.32094540532272,109.60540008544922,4839900
2026-03-04,UPS,UPS,운송/물류,US,109.89578928302434,111.91889012032779,105.99479481968945,106.96278381347656,11433900
2026-03-05,UPS,UPS,운송/물류,US,106.43038971819428,106.91438422784532,99.93518428489783,100.73861694335938,11566300
2026-03-06,UPS,UPS,운송/물류,US,98.60903860983476,99.14142810995061,96.2277866400633,99.0833511352539,9494800
2026-03-09,UPS,UPS,운송/물류,US,97.73785702256455,97.73785702256455,93.90462121342885,96.74082946777344,10354800
2026-03-10,UPS,UPS,운송/물류,US,97.02153812537911,98.95751607361625,96.3633053275717,97.68944549560547,6255500
2026-03-11,UPS,UPS,운송/물류,US,97.7184880372673,98.25088494918808,96.67306551457663,97.57329559326172,4053200
2026-03-12,UPS,UPS,운송/물류,US,96.44074570552759,96.44074570552759,94.30149080649402,94.7564468383789,6366300
2026-03-13,UPS,UPS,운송/물류,US,95.08555843763956,95.60826597515172,93.85620832730372,94.09820556640625,4431500
2026-03-16,UPS,UPS,운송/물류,US,94.84357043158008,95.25012406040969,94.28213500976562,94.28213500976562,4867700
2026-03-17,UPS,UPS,운송/물류,US,95.4824424667219,95.88899610875953,94.3111765636113,94.64028930664062,4187600
2026-03-18,UPS,UPS,운송/물류,US,94.28213013176149,94.57252240082806,93.15925934622811,93.74005126953125,5417800
2026-03-19,UPS,UPS,운송/물류,US,92.70430481989007,93.8949345591354,91.96863848499665,93.4690170288086,5304800
2026-03-20,UPS,UPS,운송/물류,US,93.98204996561876,94.5144468781869,92.1235128283865,92.79142761230469,34639800
2026-03-23,UPS,UPS,운송/물류,US,94.36924922661852,96.18907334417885,93.778775322751,94.54348754882812,7412100
2026-03-24,UPS,UPS,운송/물류,US,93.94333710402455,95.6953948624746,93.18829946681893,95.2888412475586,4249800
2026-03-25,UPS,UPS,운송/물류,US,96.10195078149727,96.41170697912229,94.4563723663338,95.22108459472656,3351000
2026-03-26,UPS,UPS,운송/물류,US,94.75644426392272,95.77283568563274,94.08852947907498,94.3789291381836,3790900
2026-03-27,UPS,UPS,운송/물류,US,93.41094404418739,93.83686159272112,91.04904838074823,91.76536560058594,5914700
2026-03-30,UPS,UPS,운송/물류,US,93.04310572595914,93.31414146546014,91.66855572750829,91.91055297851562,5232600
2026-03-31,UPS,UPS,운송/물류,US,93.68197768701215,95.27916107284197,92.70430669317433,95.23075866699219,6868300
2026-04-01,UPS,UPS,운송/물류,US,95.68570721273001,96.50849635164245,94.56284385949142,94.77580261230469,5101600
2026-04-02,UPS,UPS,운송/물류,US,92.96566685783873,95.70507757134246,92.46230842908594,95.03716278076172,4060300
2026-04-06,UPS,UPS,운송/물류,US,94.91132961275468,94.91132961275468,93.30446423968911,94.04981994628906,4690800
2026-04-07,UPS,UPS,운송/물류,US,93.69165555778774,94.75644197349808,92.5687847805576,94.44668579101562,4480900
2026-04-08,UPS,UPS,운송/물류,US,96.99249219752576,98.28960126239625,96.08258758428654,97.23448944091797,5926700
2026-04-09,UPS,UPS,운송/물류,US,96.78922254351032,98.59936471635545,96.52786875083038,98.38640594482422,4361800
2026-04-10,UPS,UPS,운송/물류,US,98.88975468257645,99.12206996274234,98.01856315049237,98.44447326660156,4491000
2026-04-13,UPS,UPS,운송/물류,US,97.65072744719835,98.84135716406217,96.73114085328292,98.75423431396484,3799900
2026-04-14,UPS,UPS,운송/물류,US,98.78328708537124,100.15782978589897,97.97017243008705,99.91583251953125,4703600
2026-04-15,UPS,UPS,운송/물류,US,99.65446755659454,100.38045932816324,98.7639194225778,100.25462341308594,5193500
2026-04-16,UPS,UPS,운송/물류,US,100.0513439510471,102.3551551197597,100.0513439510471,101.6969223022461,5295700
2026-04-17,UPS,UPS,운송/물류,US,102.78107377929045,104.14593444844141,102.1809179320814,103.03275299072266,5506200
2026-04-20,UPS,UPS,운송/물류,US,102.34548273743715,104.05882006011487,102.15188050157205,103.68130493164062,3639300
2026-04-21,UPS,UPS,운송/물류,US,104.08786158241969,104.68801745333538,102.20028588504275,102.90691375732422,4082200
2026-04-22,UPS,UPS,운송/물류,US,103.57482334655519,103.57482334655519,101.90019912147721,101.92924499511719,3634500
2026-04-23,UPS,UPS,운송/물류,US,103.03275711576099,104.83321734430162,102.64556001771035,104.27178192138672,4422800
2026-04-24,UPS,UPS,운송/물류,US,103.9426615242816,104.29113817307493,103.05211337077439,103.59418487548828,4168000
2026-04-27,UPS,UPS,운송/물류,US,103.77810369978306,105.04616697413387,103.69098823139419,104.77513122558594,6570600
2026-04-28,UPS,UPS,운송/물류,US,100.66117272822726,102.55843025724205,97.23449082673515,100.61277770996094,12540100
2026-04-29,UPS,UPS,운송/물류,US,101.25165137714383,103.33282927517675,100.0513470440433,103.19731140136719,6216600
2026-04-30,UPS,UPS,운송/물류,US,103.34250886803616,105.61728156654021,103.33282691007987,105.31720733642578,6091200
2026-05-01,UPS,UPS,운송/물류,US,105.8786370593696,106.3239111253369,103.52642342957976,104.12657928466797,4225200
2026-05-04,UPS,UPS,운송/물류,US,99.04463634862913,99.53831281726312,92.90758949942179,93.22702026367188,18538500
2026-05-05,UPS,UPS,운송/물류,US,93.4980598904182,95.25012511336831,93.43030095153088,94.9306869506836,7129300
2026-05-06,UPS,UPS,운송/물류,US,95.76315240242272,97.56361253957262,95.4243577282644,96.69242095947266,7358700
2026-05-07,UPS,UPS,운송/물류,US,97.14737775813141,97.87336951655597,96.16970678893873,96.89569854736328,5808700
2026-05-08,UPS,UPS,운송/물류,US,97.50553717007526,97.79592944478257,96.80858389450549,97.5539321899414,4780800
2026-05-11,UPS,UPS,운송/물류,US,97.4958500280627,97.64104985028098,96.5956199925131,96.79889678955078,5328000
2026-05-12,UPS,UPS,운송/물류,US,97.17641687764731,97.17641687764731,93.79813727436309,95.2888412475586,6197700
2026-05-13,UPS,UPS,운송/물류,US,95.13395896015166,96.05355295306374,94.87260517626996,95.29851531982422,5029800
2026-05-14,UPS,UPS,운송/물류,US,95.87931565506447,96.79890227258598,94.80484724902516,95.26947784423828,5443700
2026-05-15,UPS,UPS,운송/물류,US,95.02747936055937,96.1309862413931,94.4079669848341,95.76315307617188,5567500
2026-05-18,UPS,UPS,운송/물류,US,95.30052523736092,95.70409438083773,93.00709000700122,94.03076934814453,6396200
2026-05-19,UPS,UPS,운송/물류,US,93.67641949799253,95.34974454818854,92.38698077569342,95.31037139892578,5199500
2026-05-20,UPS,UPS,운송/물류,US,95.1824091548917,97.40694333080025,94.64104523579334,97.318359375,4792500
2026-05-21,UPS,UPS,운송/물류,US,96.61950015312217,97.5545880388369,95.62534878886501,96.70808410644531,4478400
2026-05-22,UPS,UPS,운송/물류,US,97.64317148595315,99.58225589057278,97.27898300018784,99.43460845947266,4540300
2026-05-26,UPS,UPS,운송/물류,US,99.91692524581491,101.05871654171759,99.84802411166268,100.36970520019531,4609600
2026-05-27,UPS,UPS,운송/물류,US,101.2752691805154,103.20450852399918,101.2752691805154,102.83047485351562,6114100
2026-05-28,UPS,UPS,운송/물류,US,102.36784539514858,105.20264456415187,101.43275750357627,104.99594116210938,6192700
2026-05-29,UPS,UPS,운송/물류,US,104.92704116489628,105.62589767737163,103.73603154422756,105.01563262939453,10464200
2026-06-01,UPS,UPS,운송/물류,US,103.90336057561699,107.99807799222276,103.41120747321689,107.3090591430664,6088500
2026-06-02,UPS,UPS,운송/물류,US,107.56497990987215,108.60834207466247,106.42318862740242,107.22047424316406,5894400
2026-06-03,UPS,UPS,운송/물류,US,107.13188408606804,109.20877078595322,106.66926647637102,106.96455383300781,6303800
2026-06-04,UPS,UPS,운송/물류,US,108.14572869483531,109.47454060956227,107.86027898565298,108.490234375,5759800
2026-06-05,UPS,UPS,운송/물류,US,108.74615778507899,108.96269885192582,106.81691092691769,106.83660125732422,4048200
2026-06-08,UPS,UPS,운송/물류,US,107.555133666408,107.64372512819308,105.93103446683695,106.00977325439453,4544500
2026-06-09,UPS,UPS,운송/물류,US,106.51177690968761,107.4862379807442,104.4053621651577,106.17711639404297,5901900
2026-06-10,UPS,UPS,운송/물류,US,104.13960410460724,104.32661718526991,101.21621334475144,101.63946533203125,5569600
2026-06-11,UPS,UPS,운송/물류,US,102.12176811935534,106.9547151598095,102.02333900141332,106.94486999511719,5086900
2026-06-12,UPS,UPS,운송/물류,US,108.24415879674922,108.72646675334813,105.56684461294515,106.40350341796875,3714500
2026-06-15,UPS,UPS,운송/물류,US,107.0137731396474,108.88395645433145,106.56099318087723,107.1220474243164,4890000
2026-06-16,UPS,UPS,운송/물류,US,107.33859476682228,109.09065861193471,107.33859476682228,108.29336547851562,4986600
2026-06-17,UPS,UPS,운송/물류,US,108.16540987670186,108.28352932653779,103.28325192839097,103.48011016845703,4759700
2026-06-18,UPS,UPS,운송/물류,US,104.425040249466,105.93103503054488,103.17497469053704,103.21434783935547,13306400
2026-06-22,UPS,UPS,운송/물류,US,103.2537262067075,107.09252204942727,103.2537262067075,105.55699920654297,5483400
2026-06-23,UPS,UPS,운송/물류,US,105.27154657133939,105.70464370854096,103.64744732615436,104.16912841796875,4023900
2026-06-24,UPS,UPS,운송/물류,US,103.99195049237784,104.61206068870119,101.23589015606463,104.47425842285156,4999900
2026-06-25,UPS,UPS,운송/물류,US,104.54316509034794,107.68310440628098,104.54316509034794,107.59451293945312,5819500
2026-06-26,UPS,UPS,운송/물류,US,106.94486935480708,107.54529673321684,105.83259855070688,106.44287109375,6288600
2026-06-29,UPS,UPS,운송/물류,US,106.3444465035632,106.72832533434291,105.19281001122411,106.3149185180664,3077600
2026-06-30,UPS,UPS,운송/물류,US,106.23617159555243,106.3050727311955,104.37583342352936,105.81291961669922,3363900
2026-07-01,UPS,UPS,운송/물류,US,106.34444821686125,109.31704978944707,105.61606369411624,107.82090759277344,4218600
2026-07-02,UPS,UPS,운송/물류,US,108.58866418745136,109.10050012842979,107.55513963072062,108.92333221435547,3377000
2026-07-06,UPS,UPS,운송/물류,US,109.03159513300639,109.03159513300639,107.31890443729272,108.29336547851562,3169300
2026-07-07,UPS,UPS,운송/물류,US,108.98238899080734,110.53759466511862,108.0965118655882,110.20292663574219,4619300
2026-07-08,UPS,UPS,운송/물류,US,109.77967343955216,109.77967343955216,107.3189078464136,108.21463012695312,3752500
2026-07-09,UPS,UPS,운송/물류,US,109.09065902981962,111.44315027036889,106.80706892356702,109.00206756591797,6272900
2026-07-10,UPS,UPS,운송/물류,US,110.02574423648757,111.63016812536821,109.3662608943841,110.70491790771484,3410400
2026-07-13,UPS,UPS,운송/물류,US,111.26597934854202,112.19122962619589,110.84272736085573,111.11833190917969,2866400
2026-07-14,UPS,UPS,운송/물류,US,111.60063580711837,112.23059118312081,109.5926502299879,111.8860855102539,3066700
2026-07-15,UPS,UPS,운송/물류,US,112.33886845216938,113.61846956785648,110.85257143693082,111.16754913330078,4072000
2026-07-16,UPS,UPS,운송/물류,US,111.47267966433009,115.47880568830413,111.47267966433009,115.34100341796875,5057600
2026-07-17,UPS,UPS,운송/물류,US,115.06539728551859,116.56153941831721,114.48465271743002,115.87252807617188,7152500
2026-07-20,UPS,UPS,운송/물류,US,116.04970694931974,116.22688237252662,110.89194436547416,111.37425231933594,7648300
2026-07-21,UPS,UPS,운송/물류,US,112.7325911735451,114.53387337441788,111.59079985325553,114.5141830444336,4349600
2026-07-22,UPS,UPS,운송/물류,US,114.77010087316492,115.73472424883565,113.99249807769756,114.02202606201172,3196900
2026-07-23,UPS,UPS,운송/물류,US,114.70120591445284,114.97681046243498,112.06326486858563,112.30934143066406,4198400
2026-07-24,UPS,UPS,운송/물류,US,112.86055302871041,113.6283106667843,111.52189598962657,112.98851013183594,3881100
2026-07-27,UPS,UPS,운송/물류,US,113.06725705351614,113.06725705351614,110.60649152835643,111.17738342285156,6719200
2026-07-28,UPS,UPS,운송/물류,US,106.895652454234,107.48623467581666,101.47212315725216,103.87383270263672,14291000
2026-07-29,UPS,UPS,운송/물류,US,103.39152239626374,104.09037888525611,102.34816024504417,102.91905212402344,6032900
2026-07-30,UPS,UPS,운송/물류,US,103.54901115758835,103.8344608620444,101.21621022648358,103.61791229248047,5910500
2026-07-31,UPS,UPS,운송/물류,US,104.08053852576037,104.32661508294892,102.23004551918035,102.58439636230469,5610900
2026-08-03,UPS,UPS,운송/물류,US,104.04116605607544,105.66527284607663,103.41121066632452,105.19281005859375,5712800
2026-08-04,UPS,UPS,운송/물류,US,105.44872206326667,107.70278419578824,103.99195307111485,107.39765167236328,4303200
2026-08-05,UPS,UPS,운송/물류,US,107.3090571198475,107.58466916010984,105.24201563067145,106.00977325439453,3936800
2026-08-06,UPS,UPS,운송/물류,US,105.48809544141477,105.48809544141477,101.48196943983241,101.58039855957031,8997400
2026-08-07,UPS,UPS,운송/물류,US,101.58039951277006,103.59823027980384,100.83233218801399,102.86000061035156,5645300
2026-08-10,UPS,UPS,운송/물류,US,102.85999715136246,103.22419314618948,102.09223952249602,103.07654571533203,4650700
2026-08-11,UPS,UPS,운송/물류,US,103.2930978266309,104.09038346711745,102.18082698434561,102.79109954833984,4367700
2026-08-12,UPS,UPS,운송/물류,US,102.98795286923279,102.98795286923279,101.23588907107064,102.27925872802734,5217400
2026-08-13,UPS,UPS,운송/물류,US,102.86000285252895,104.09038566176973,102.68282742761185,103.88368225097656,4253700
2026-08-14,UPS,UPS,운송/물류,US,103.9821091071462,104.2380308285946,102.82062746015485,102.86000061035156,4264900
2026-08-17,UPS,UPS,운송/물류,US,103.22000122070312,103.23999786376953,101.97000122070312,102.0199966430664,4547500
2026-08-18,UPS,UPS,운송/물류,US,102.01000213623047,102.80000305175781,101.33999633789062,101.93000030517578,3624600
2026-08-19,UPS,UPS,운송/물류,US,102.62999725341797,104.12999725341797,102.43000030517578,102.86000061035156,4265200
2026-08-20,UPS,UPS,운송/물류,US,102.25,103.4000015258789,101.56999969482422,102.58000183105469,3740400
2026-08-21,UPS,UPS,운송/물류,US,103.22000122070312,103.4000015258789,101.7699966430664,102.01000213623047,3584100
2026-08-24,UPS,UPS,운송/물류,US,102.30000305175781,102.8499984741211,101.8499984741211,102.72000122070312,4256400
2026-08-25,UPS,UPS,운송/물류,US,103.08000183105469,106.16999816894531,103.05999755859375,105.13999938964844,7281200
2026-08-26,UPS,UPS,운송/물류,US,105.08999633789062,107.11000061035156,104.55000305175781,105.6500015258789,4638200
2026-08-27,UPS,UPS,운송/물류,US,104.80000305175781,106.25,104.19999694824219,105.68000030517578,2808500
2026-08-28,UPS,UPS,운송/물류,US,105.91999816894531,106.38999938964844,104.88999938964844,105.33000183105469,2343400
2026-08-31,UPS,UPS,운송/물류,US,104.87000274658203,105.05000305175781,103.80000305175781,104.2300033569336,5029700
2026-09-01,UPS,UPS,운송/물류,US,103.75,103.94999694824219,101.91999816894531,102.66000366210938,3657700
2026-09-02,UPS,UPS,운송/물류,US,103.30000305175781,104.1500015258789,102.7300033569336,103.01000213623047,3131200
2026-09-03,UPS,UPS,운송/물류,US,103.62000274658203,104.37999725341797,102.25,103.5,4810800
2026-09-04,UPS,UPS,운송/물류,US,103.06999969482422,103.45999908447266,102.22000122070312,102.29000091552734,3106400
2026-09-08,UPS,UPS,운송/물류,US,102.0199966430664,102.19000244140625,100.47000122070312,100.4800033569336,3704900
2026-09-09,UPS,UPS,운송/물류,US,100.11000061035156,100.38999938964844,99.0999984741211,99.22000122070312,3453800
2026-09-10,UPS,UPS,운송/물류,US,99.0,100.51000213623047,98.80999755859375,99.97000122070312,2681600
2026-09-11,UPS,UPS,운송/물류,US,100.54000091552734,100.88999938964844,99.05000305175781,100.27999877929688,3729900
2026-09-14,UPS,UPS,운송/물류,US,100.0,102.61000061035156,99.9800033569336,102.45999908447266,4279400
2026-09-15,UPS,UPS,운송/물류,US,102.94000244140625,103.08000183105469,101.94999694824219,102.3499984741211,3904300
2026-09-16,UPS,UPS,운송/물류,US,102.0999984741211,102.0999984741211,98.1500015258789,98.7699966430664,4943500
2026-09-17,UPS,UPS,운송/물류,US,100.23999786376953,101.05000305175781,99.5,100.16999816894531,3196000
2025-09-17,MAERSK-B.CO,A.P. Moller-Maersk,운송/물류,DK,13579.618213897938,13613.615827452046,13419.34375,13419.34375,15431
2025-09-18,MAERSK-B.CO,A.P. Moller-Maersk,운송/물류,DK,13433.914321565022,13492.195945519752,12515.978744278042,12632.5419921875,51047
2025-09-21,MAERSK-B.CO,A.P. Moller-Maersk,운송/물류,DK,12588.830170915411,12671.395800894408,12472.26692859212,12574.259765625,15743
2025-09-22,MAERSK-B.CO,A.P. Moller-Maersk,운송/물류,DK,12443.126663937926,12797.673208226557,12423.6994560317,12792.81640625,14691
2025-09-23,MAERSK-B.CO,A.P. Moller-Maersk,운송/물류,DK,12715.10783606198,12841.384690048844,12637.399002839293,12802.5302734375,14621
2025-09-24,MAERSK-B.CO,A.P. Moller-Maersk,운송/물류,DK,12773.389553467649,12851.098387253003,12486.838228884153,12535.40625,13896
2025-09-25,MAERSK-B.CO,A.P. Moller-Maersk,운송/물류,DK,12520.835615925645,12593.68764627432,12268.281910716905,12418.8427734375,17966
2025-09-28,MAERSK-B.CO,A.P. Moller-Maersk,운송/물류,DK,12326.563552508836,12511.12202965436,12282.852334237528,12365.41796875,21017
2025-09-29,MAERSK-B.CO,A.P. Moller-Maersk,운송/물류,DK,12248.854087538859,12336.276519567287,11981.729989674212,12108.0068359375,24500
2025-09-30,MAERSK-B.CO,A.P. Moller-Maersk,운송/물류,DK,12069.15263695053,12277.9951171875,12015.727816424793,12277.9951171875,15468
2025-10-01,MAERSK-B.CO,A.P. Moller-Maersk,운송/물류,DK,12311.992917404961,12452.840173659299,12176.00246309043,12248.8544921875,14380
2025-10-02,MAERSK-B.CO,A.P. Moller-Maersk,운송/물류,DK,12239.140502210215,12433.41257367387,12234.283700423624,12360.560546875,13322
2025-10-05,MAERSK-B.CO,A.P. Moller-Maersk,운송/물류,DK,12316.849966099606,12316.849966099606,12035.155447947485,12311.9931640625,16566
2025-10-06,MAERSK-B.CO,A.P. Moller-Maersk,운송/물류,DK,12345.990343311165,12433.412776898735,12176.002278002003,12277.9951171875,16420
2025-10-07,MAERSK-B.CO,A.P. Moller-Maersk,운송/물류,DK,12297.4221842513,12336.276598735507,12078.86610277764,12146.861328125,18882
2025-10-08,MAERSK-B.CO,A.P. Moller-Maersk,운송/물류,DK,11933.162362542844,12054.582411001766,11641.754246241431,11690.322265625,31792
2025-10-09,MAERSK-B.CO,A.P. Moller-Maersk,운송/물류,DK,11656.32438929314,11947.732499025467,11559.188352715697,11680.6083984375,21758
2025-10-12,MAERSK-B.CO,A.P. Moller-Maersk,운송/물류,DK,11622.32698954598,11884.594293112834,11500.906941598361,11850.5966796875,19292
2025-10-13,MAERSK-B.CO,A.P. Moller-Maersk,운송/물류,DK,11991.443593232927,12360.560528464073,11899.16435942514,12108.0068359375,21081
2025-10-14,MAERSK-B.CO,A.P. Moller-Maersk,운송/물류,DK,12112.864465172746,12321.706955951588,12108.007663061611,12282.8525390625,15684
2025-10-15,MAERSK-B.CO,A.P. Moller-Maersk,운송/물류,DK,12258.567617371467,12515.978110129268,12253.710815621322,12375.130859375,19025
2025-10-16,MAERSK-B.CO,A.P. Moller-Maersk,운송/물류,DK,12297.422036576023,12739.390996026426,12297.422036576023,12681.109375,26417
2025-10-19,MAERSK-B.CO,A.P. Moller-Maersk,운송/물류,DK,12719.964022103297,12933.663303116105,12627.684787120494,12797.6728515625,15639
2025-10-20,MAERSK-B.CO,A.P. Moller-Maersk,운송/물류,DK,12797.672596641143,12797.672596641143,12316.849223940015,12428.5556640625,19772
2025-10-21,MAERSK-B.CO,A.P. Moller-Maersk,운송/물류,DK,12433.412621359223,12564.546270100122,12394.558206917474,12506.2646484375,12169
2025-10-22,MAERSK-B.CO,A.P. Moller-Maersk,운송/물류,DK,12588.830280989387,12855.954380315936,12579.116677377511,12812.2431640625,15817
2025-10-23,MAERSK-B.CO,A.P. Moller-Maersk,운송/물류,DK,12812.243554314055,12948.234009022468,12690.823505467257,12700.537109375,13376
2025-10-26,MAERSK-B.CO,A.P. Moller-Maersk,운송/물류,DK,12758.81828473096,13069.653598862205,12758.81828473096,13025.9423828125,16206
2025-10-27,MAERSK-B.CO,A.P. Moller-Maersk,운송/물류,DK,13025.942400672093,13278.49609375,12919.092761292977,13278.49609375,16938
2025-10-28,MAERSK-B.CO,A.P. Moller-Maersk,운송/물류,DK,13293.067050732052,13589.331972213475,13259.069436791562,13497.052734375,18206
2025-10-29,MAERSK-B.CO,A.P. Moller-Maersk,운송/물류,DK,13565.048044535928,13715.608907185628,12967.661395958083,12977.375,20660
2025-10-30,MAERSK-B.CO,A.P. Moller-Maersk,운송/물류,DK,13074.51041569169,13113.364830002809,12957.947172758331,12972.517578125,14856
2025-11-02,MAERSK-B.CO,A.P. Moller-Maersk,운송/물류,DK,12972.518256021229,13239.642368369101,12972.518256021229,13069.654296875,11510
2025-11-03,MAERSK-B.CO,A.P. Moller-Maersk,운송/물류,DK,12943.377515377078,13011.372744350916,12763.675838803361,12855.955078125,15619
2025-11-04,MAERSK-B.CO,A.P. Moller-Maersk,운송/물류,DK,12851.097822488717,13259.069181932802,12753.961784525838,13181.3603515625,27124
2025-11-05,MAERSK-B.CO,A.P. Moller-Maersk,운송/물류,DK,12627.68488164169,12744.248126702996,12190.572712661784,12477.1240234375,51521
2025-11-06,MAERSK-B.CO,A.P. Moller-Maersk,운송/물류,DK,12549.976656334755,12632.542292231694,12316.85015497869,12535.40625,23014
2025-11-09,MAERSK-B.CO,A.P. Moller-Maersk,운송/물류,DK,12685.96617138442,12685.96617138442,12171.14518586882,12375.130859375,30159
2025-11-10,MAERSK-B.CO,A.P. Moller-Maersk,운송/물류,DK,12375.13147925657,12579.11716298058,12326.563459322282,12379.98828125,24428
2025-11-11,MAERSK-B.CO,A.P. Moller-Maersk,운송/물류,DK,12457.697165872789,12491.694779970687,12219.7138671875,12219.7138671875,23026
2025-11-12,MAERSK-B.CO,A.P. Moller-Maersk,운송/물류,DK,12219.713731041582,12248.854542800824,11874.880791890568,12088.580078125,34223
2025-11-13,MAERSK-B.CO,A.P. Moller-Maersk,운송/물류,DK,12044.86870317429,12316.849609375,11962.30307093479,12316.849609375,22942
2025-11-16,MAERSK-B.CO,A.P. Moller-Maersk,운송/물류,DK,12044.868827160495,12297.42252837515,12044.868827160495,12195.4296875,15451
2025-11-17,MAERSK-B.CO,A.P. Moller-Maersk,운송/물류,DK,12108.007549443622,12389.702069246161,12059.43952878801,12098.2939453125,21579
2025-11-18,MAERSK-B.CO,A.P. Moller-Maersk,운송/물류,DK,12146.862023390811,12375.131721551295,12132.29161712525,12190.5732421875,14307
2025-11-19,MAERSK-B.CO,A.P. Moller-Maersk,운송/물류,DK,12311.992844916616,12443.126496519279,11850.596663351693,11904.021484375,29658
2025-11-20,MAERSK-B.CO,A.P. Moller-Maersk,운송/물류,DK,11947.732514880952,12326.563058035714,11811.742063492064,12239.140625,17183
2025-11-23,MAERSK-B.CO,A.P. Moller-Maersk,운송/물류,DK,12239.141263072708,12331.420502754607,12166.289231744895,12190.5732421875,25555
2025-11-24,MAERSK-B.CO,A.P. Moller-Maersk,운송/물류,DK,12122.577803030303,12350.847497238005,11923.448920849116,12020.5849609375,28252
2025-11-25,MAERSK-B.CO,A.P. Moller-Maersk,운송/물류,DK,11850.596690660113,12205.143230995436,11777.744661824088,12103.150390625,24702
2025-11-26,MAERSK-B.CO,A.P. Moller-Maersk,운송/물류,DK,12190.573280634842,12375.131760580709,12161.432468011812,12336.27734375,12809
2025-11-27,MAERSK-B.CO,A.P. Moller-Maersk,운송/물류,DK,12336.276585254855,12506.2646484375,12243.997350955704,12506.2646484375,16796
2025-11-30,MAERSK-B.CO,A.P. Moller-Maersk,운송/물류,DK,12530.54882590806,12894.808966196084,12525.692024037553,12836.52734375,22425
2025-12-01,MAERSK-B.CO,A.P. Moller-Maersk,운송/물류,DK,12826.814137350299,12977.375,12685.966878742514,12977.375,15886
2025-12-02,MAERSK-B.CO,A.P. Moller-Maersk,운송/물류,DK,12919.093024125958,13098.794694010418,12627.68491079981,12676.2529296875,16382
2025-12-03,MAERSK-B.CO,A.P. Moller-Maersk,운송/물류,DK,12676.253494054936,13098.7952771901,12676.253494054936,12841.384765625,22592
2025-12-04,MAERSK-B.CO,A.P. Moller-Maersk,운송/물류,DK,12773.388642416101,12982.231118318723,12690.82301240809,12880.23828125,13202
2025-12-07,MAERSK-B.CO,A.P. Moller-Maersk,운송/물류,DK,12783.102476293909,13040.512974486757,12783.102476293909,12996.8017578125,11846
2025-12-08,MAERSK-B.CO,A.P. Moller-Maersk,운송/물류,DK,13045.36979071206,13268.782676182183,12996.801772131597,13249.35546875,18718
2025-12-09,MAERSK-B.CO,A.P. Moller-Maersk,운송/물류,DK,13229.9283041807,13720.465293432626,13215.357898559354,13701.0380859375,23931
2025-12-10,MAERSK-B.CO,A.P. Moller-Maersk,운송/물류,DK,13749.606320735864,14473.26981130091,13667.040687584147,14429.55859375,49167
2025-12-11,MAERSK-B.CO,A.P. Moller-Maersk,운송/물류,DK,14453.842939143053,14507.267761834777,14177.00522155866,14225.5732421875,20261
2025-12-14,MAERSK-B.CO,A.P. Moller-Maersk,운송/물류,DK,14084.725721728732,14419.845057866416,13987.589682268534,14215.859375,18264
2025-12-15,MAERSK-B.CO,A.P. Moller-Maersk,운송/물류,DK,14152.721059823421,14327.565932216572,14060.441821615925,14147.8642578125,11318
2025-12-16,MAERSK-B.CO,A.P. Moller-Maersk,운송/물류,DK,14050.727553971852,14099.295571787172,13914.737104088957,13997.302734375,12851
2025-12-17,MAERSK-B.CO,A.P. Moller-Maersk,운송/물류,DK,13929.307494653043,14172.147583471959,13890.453080442016,14050.7275390625,11600
2025-12-18,MAERSK-B.CO,A.P. Moller-Maersk,운송/물류,DK,13934.16448093014,14036.157319584561,13803.0308312316,14021.5869140625,31512
2025-12-21,MAERSK-B.CO,A.P. Moller-Maersk,운송/물류,DK,13982.732838186595,14230.429738064162,13982.732838186595,14070.1552734375,12727
2025-12-22,MAERSK-B.CO,A.P. Moller-Maersk,운송/물류,DK,14181.861157268439,14191.574760800815,13905.023456595733,14157.5771484375,11773
2025-12-28,MAERSK-B.CO,A.P. Moller-Maersk,운송/물류,DK,14157.577937778158,14278.9979887025,14133.29392759329,14186.71875,9122
2025-12-29,MAERSK-B.CO,A.P. Moller-Maersk,운송/물류,DK,14186.718207354103,14274.140640675696,14084.72536847891,14220.7158203125,10187
2026-01-01,MAERSK-B.CO,A.P. Moller-Maersk,운송/물류,DK,14186.718546244789,14346.993011162995,13992.446467556056,14269.2841796875,11592
2026-01-04,MAERSK-B.CO,A.P. Moller-Maersk,운송/물류,DK,14337.279108738829,14730.680059893248,14327.56550500662,14672.3984375,17166
2026-01-05,MAERSK-B.CO,A.P. Moller-Maersk,운송/물류,DK,14764.678302943059,15182.36328125,14599.547032449616,15182.36328125,21441
2026-01-06,MAERSK-B.CO,A.P. Moller-Maersk,운송/물류,DK,15022.088812829896,15274.642520643394,14886.098354776472,15182.36328125,24233
2026-01-07,MAERSK-B.CO,A.P. Moller-Maersk,운송/물류,DK,15090.08339798494,15090.08339798494,14667.541635633896,14672.3984375,18004
2026-01-08,MAERSK-B.CO,A.P. Moller-Maersk,운송/물류,DK,14638.400824437273,14876.384115876366,14638.400824437273,14672.3984375,14193
2026-01-11,MAERSK-B.CO,A.P. Moller-Maersk,운송/물류,DK,14652.971496563268,15799.1767578125,14570.405863337688,15799.1767578125,27272
2026-01-12,MAERSK-B.CO,A.P. Moller-Maersk,운송/물류,DK,15736.03777076709,15906.025833105625,15211.503178408188,15274.6416015625,19711
2026-01-13,MAERSK-B.CO,A.P. Moller-Maersk,운송/물류,DK,14784.105458857628,15342.6376953125,14784.105458857628,15342.6376953125,16464
2026-01-14,MAERSK-B.CO,A.P. Moller-Maersk,운송/물류,DK,15308.639433926779,15308.639433926779,14050.72775455272,14526.6943359375,37107
2026-01-15,MAERSK-B.CO,A.P. Moller-Maersk,운송/물류,DK,14312.995422711587,14526.69470964722,14269.284204929298,14468.4130859375,16322
2026-01-18,MAERSK-B.CO,A.P. Moller-Maersk,운송/물류,DK,14036.157334552568,14376.133463763184,13968.162108710445,14274.140625,13450
2026-01-19,MAERSK-B.CO,A.P. Moller-Maersk,운송/물류,DK,14269.28377683904,14939.522429393086,14230.429362198225,14434.4150390625,17614
2026-01-20,MAERSK-B.CO,A.P. Moller-Maersk,운송/물류,DK,14293.567878165522,14453.842339592455,14235.286255828456,14419.8447265625,10900
2026-01-21,MAERSK-B.CO,A.P. Moller-Maersk,운송/물류,DK,14599.546928213294,14735.537385295787,14288.711597739026,14439.2724609375,15497
2026-01-22,MAERSK-B.CO,A.P. Moller-Maersk,운송/물류,DK,14147.86358960249,14157.577193165554,13871.02588805517,13997.302734375,20570
2026-01-25,MAERSK-B.CO,A.P. Moller-Maersk,운송/물류,DK,13948.734871031746,14507.267082093254,13900.16685267857,14380.990234375,15268
2026-01-26,MAERSK-B.CO,A.P. Moller-Maersk,운송/물류,DK,14376.133341592336,14827.815909419392,14371.276539787743,14701.5390625,13958
2026-01-27,MAERSK-B.CO,A.P. Moller-Maersk,운송/물류,DK,14822.959867277006,14963.807126828458,14580.119764602088,14837.5302734375,17277
2026-01-28,MAERSK-B.CO,A.P. Moller-Maersk,운송/물류,DK,14978.376890684942,15279.498605089115,14905.524863006514,15192.076171875,19550
2026-01-29,MAERSK-B.CO,A.P. Moller-Maersk,운송/물류,DK,14997.804802463212,15182.36328125,14745.251094649713,15182.36328125,27055
2026-02-01,MAERSK-B.CO,A.P. Moller-Maersk,운송/물류,DK,14881.240703740157,15420.345703125,14813.24547859252,15420.345703125,21279
2026-02-02,MAERSK-B.CO,A.P. Moller-Maersk,운송/물류,DK,15420.346333043888,15600.04800684629,14813.246083711452,15119.224609375,21574
2026-02-03,MAERSK-B.CO,A.P. Moller-Maersk,운송/물류,DK,15143.508319114715,15634.04531084999,14895.811422297893,15522.3388671875,22490
2026-02-04,MAERSK-B.CO,A.P. Moller-Maersk,운송/물류,DK,14570.406125589048,15026.945517524171,14245.000388784225,14944.3798828125,41279
2026-02-05,MAERSK-B.CO,A.P. Moller-Maersk,운송/물류,DK,14677.255713114168,15381.492006430368,14521.838048382317,14852.1005859375,17573
2026-02-08,MAERSK-B.CO,A.P. Moller-Maersk,운송/물류,DK,14701.539571968995,14861.814037074704,14434.415463459483,14774.3916015625,17967
2026-02-09,MAERSK-B.CO,A.P. Moller-Maersk,운송/물류,DK,14774.391864631243,15051.229582015852,14711.253437859314,14784.10546875,13266
2026-02-10,MAERSK-B.CO,A.P. Moller-Maersk,운송/물류,DK,14803.531792070864,14847.243007992334,14453.842064699113,14769.5341796875,13993
2026-02-11,MAERSK-B.CO,A.P. Moller-Maersk,운송/물류,DK,14808.389101217166,14842.386714765385,14055.584801220884,14283.8544921875,27974
2026-02-12,MAERSK-B.CO,A.P. Moller-Maersk,운송/물류,DK,14565.549340931791,15002.661525221176,14410.131675406677,14890.955078125,21923
2026-02-15,MAERSK-B.CO,A.P. Moller-Maersk,운송/물류,DK,14890.95505552686,14958.95028409091,14444.129267820248,14691.826171875,17993
2026-02-16,MAERSK-B.CO,A.P. Moller-Maersk,운송/물류,DK,14667.541999816895,15065.79976272583,14356.706672668457,14920.095703125,20137
2026-02-17,MAERSK-B.CO,A.P. Moller-Maersk,운송/물류,DK,15056.086352178881,15400.919297664268,14915.239092755271,15143.5087890625,17695
2026-02-18,MAERSK-B.CO,A.P. Moller-Maersk,운송/물류,DK,15167.792468725276,15420.346169773537,15167.792468725276,15347.494140625,17339
2026-02-19,MAERSK-B.CO,A.P. Moller-Maersk,운송/물류,DK,15332.924020510556,15653.472954737259,15162.93594932973,15556.3369140625,23211
2026-02-22,MAERSK-B.CO,A.P. Moller-Maersk,운송/물류,DK,15473.77083967259,15600.047688960565,14890.95461218963,14963.806640625,16703
2026-02-23,MAERSK-B.CO,A.P. Moller-Maersk,운송/물류,DK,14944.379720573084,15264.928651856095,14813.246066866397,15172.6494140625,17817
2026-02-24,MAERSK-B.CO,A.P. Moller-Maersk,운송/물류,DK,15124.081214210752,15235.787658631705,14735.53705970309,14895.8115234375,13755
2026-02-25,MAERSK-B.CO,A.P. Moller-Maersk,운송/물류,DK,14895.811616822883,15031.80207175312,14735.537152083672,14881.2412109375,15693
2026-02-26,MAERSK-B.CO,A.P. Moller-Maersk,운송/물류,DK,14822.959654106857,15502.911931818182,14754.964426335726,15226.07421875,34963
2026-03-01,MAERSK-B.CO,A.P. Moller-Maersk,운송/물류,DK,15930.311252587226,16513.127517925783,15711.755153085267,16425.705078125,44689
2026-03-02,MAERSK-B.CO,A.P. Moller-Maersk,운송/물류,DK,16770.537169003816,16921.098029773904,16270.286567090294,16862.81640625,42527
2026-03-03,MAERSK-B.CO,A.P. Moller-Maersk,운송/물류,DK,16649.117940290835,16649.117940290835,15755.466335561105,16532.5546875,24856
2026-03-04,MAERSK-B.CO,A.P. Moller-Maersk,운송/물류,DK,16498.556922525273,16498.556922525273,16085.728739300472,16454.845703125,19322
2026-03-05,MAERSK-B.CO,A.P. Moller-Maersk,운송/물류,DK,16513.127010821878,16755.967113922197,16207.148480915472,16605.40625,27439
2026-03-08,MAERSK-B.CO,A.P. Moller-Maersk,운송/물류,DK,16702.541640342108,16702.541640342108,15852.601312613157,16095.44140625,22784
2026-03-09,MAERSK-B.CO,A.P. Moller-Maersk,운송/물류,DK,15915.739536616911,16061.443590964946,15488.34097719601,15872.0283203125,16907
2026-03-10,MAERSK-B.CO,A.P. Moller-Maersk,운송/물류,DK,15862.315412105203,16012.87627486554,15677.756935173178,15915.740234375,13518
2026-03-11,MAERSK-B.CO,A.P. Moller-Maersk,운송/물류,DK,15901.169161925254,16022.589207450035,15604.90425084479,15765.1787109375,12377
2026-03-12,MAERSK-B.CO,A.P. Moller-Maersk,운송/물류,DK,15716.610619797859,16503.412511147442,15551.479358650417,16338.28125,19616
2026-03-15,MAERSK-B.CO,A.P. Moller-Maersk,운송/물류,DK,16241.146352217103,16867.673828125,15983.735838859597,16867.673828125,21160
2026-03-16,MAERSK-B.CO,A.P. Moller-Maersk,운송/물류,DK,16891.956513671874,17484.486328125,16746.2524609375,17484.486328125,24873
2026-03-17,MAERSK-B.CO,A.P. Moller-Maersk,운송/물류,DK,17484.487625838927,18091.587890625,17348.497166526846,18091.587890625,28409
2026-03-18,MAERSK-B.CO,A.P. Moller-Maersk,운송/물류,DK,18067.302796007887,18324.71329283273,17843.88991197123,17853.603515625,38231
2026-03-19,MAERSK-B.CO,A.P. Moller-Maersk,운송/물류,DK,17202.792770261687,17484.487287674216,16707.398963777585,16726.826171875,72818
2026-03-23,MAERSK-B.CO,A.P. Moller-Maersk,운송/물류,DK,16333.424881456727,16483.985741202538,16032.303161965108,16372.279296875,13468
2026-03-24,MAERSK-B.CO,A.P. Moller-Maersk,운송/물류,DK,16420.84725536993,16551.98090692124,16061.443914081145,16280.0,11667
2026-03-25,MAERSK-B.CO,A.P. Moller-Maersk,운송/물류,DK,16400.0,16560.0,15960.0,16405.0,16646
2026-03-26,MAERSK-B.CO,A.P. Moller-Maersk,운송/물류,DK,16465.0,16465.0,15975.0,16095.0,12806
2026-03-29,MAERSK-B.CO,A.P. Moller-Maersk,운송/물류,DK,16010.0,16590.0,15905.0,16440.0,12513
2026-03-30,MAERSK-B.CO,A.P. Moller-Maersk,운송/물류,DK,16205.0,16590.0,16055.0,16055.0,18406
2026-03-31,MAERSK-B.CO,A.P. Moller-Maersk,운송/물류,DK,15835.0,16005.0,15515.0,16005.0,18212
2026-04-06,MAERSK-B.CO,A.P. Moller-Maersk,운송/물류,DK,16010.0,16235.0,15780.0,15860.0,20231
2026-04-07,MAERSK-B.CO,A.P. Moller-Maersk,운송/물류,DK,15900.0,15975.0,15430.0,15880.0,21759
2026-04-08,MAERSK-B.CO,A.P. Moller-Maersk,운송/물류,DK,15880.0,16285.0,15820.0,16235.0,15179
2026-04-09,MAERSK-B.CO,A.P. Moller-Maersk,운송/물류,DK,16200.0,16200.0,15700.0,15825.0,13284
2026-04-12,MAERSK-B.CO,A.P. Moller-Maersk,운송/물류,DK,15965.0,16125.0,15765.0,15930.0,10259
2026-04-13,MAERSK-B.CO,A.P. Moller-Maersk,운송/물류,DK,15900.0,16010.0,15440.0,15585.0,16057
2026-04-14,MAERSK-B.CO,A.P. Moller-Maersk,운송/물류,DK,15600.0,15900.0,15585.0,15820.0,13615
2026-04-15,MAERSK-B.CO,A.P. Moller-Maersk,운송/물류,DK,15815.0,15815.0,15555.0,15725.0,12349
2026-04-16,MAERSK-B.CO,A.P. Moller-Maersk,운송/물류,DK,15625.0,15815.0,15080.0,15280.0,21107
2026-04-19,MAERSK-B.CO,A.P. Moller-Maersk,운송/물류,DK,15275.0,15495.0,14800.0,14990.0,23238
2026-04-20,MAERSK-B.CO,A.P. Moller-Maersk,운송/물류,DK,14995.0,15125.0,14780.0,14990.0,15718
2026-04-21,MAERSK-B.CO,A.P. Moller-Maersk,운송/물류,DK,15100.0,15130.0,14900.0,14970.0,11890
2026-04-22,MAERSK-B.CO,A.P. Moller-Maersk,운송/물류,DK,14960.0,15080.0,14680.0,14785.0,8969
2026-04-23,MAERSK-B.CO,A.P. Moller-Maersk,운송/물류,DK,14795.0,14995.0,14615.0,14660.0,11920
2026-04-26,MAERSK-B.CO,A.P. Moller-Maersk,운송/물류,DK,14580.0,14780.0,14505.0,14755.0,7919
2026-04-27,MAERSK-B.CO,A.P. Moller-Maersk,운송/물류,DK,14795.0,15050.0,14750.0,14990.0,13853
2026-04-28,MAERSK-B.CO,A.P. Moller-Maersk,운송/물류,DK,15110.0,15110.0,14740.0,14825.0,8272
2026-04-29,MAERSK-B.CO,A.P. Moller-Maersk,운송/물류,DK,14725.0,15085.0,14705.0,15085.0,14966
2026-04-30,MAERSK-B.CO,A.P. Moller-Maersk,운송/물류,DK,15090.0,15195.0,15025.0,15175.0,7274
2026-05-03,MAERSK-B.CO,A.P. Moller-Maersk,운송/물류,DK,15005.0,15420.0,15000.0,15145.0,9523
2026-05-04,MAERSK-B.CO,A.P. Moller-Maersk,운송/물류,DK,15165.0,15460.0,14960.0,15415.0,14141
2026-05-05,MAERSK-B.CO,A.P. Moller-Maersk,운송/물류,DK,15450.0,15670.0,15160.0,15215.0,19843
2026-05-06,MAERSK-B.CO,A.P. Moller-Maersk,운송/물류,DK,15020.0,15185.0,13820.0,13945.0,34688
2026-05-07,MAERSK-B.CO,A.P. Moller-Maersk,운송/물류,DK,14175.0,14250.0,13845.0,14130.0,14323
2026-05-10,MAERSK-B.CO,A.P. Moller-Maersk,운송/물류,DK,14000.0,14360.0,13975.0,14095.0,14631
2026-05-11,MAERSK-B.CO,A.P. Moller-Maersk,운송/물류,DK,14100.0,14440.0,14080.0,14290.0,11180
2026-05-12,MAERSK-B.CO,A.P. Moller-Maersk,운송/물류,DK,14340.0,14850.0,14200.0,14695.0,15397
2026-05-17,MAERSK-B.CO,A.P. Moller-Maersk,운송/물류,DK,15000.0,15000.0,14470.0,14770.0,15527
2026-05-18,MAERSK-B.CO,A.P. Moller-Maersk,운송/물류,DK,14770.0,15105.0,14725.0,14935.0,13579
2026-05-19,MAERSK-B.CO,A.P. Moller-Maersk,운송/물류,DK,14820.0,15500.0,14820.0,15500.0,19974
2026-05-20,MAERSK-B.CO,A.P. Moller-Maersk,운송/물류,DK,15260.0,16065.0,15240.0,15800.0,14850
2026-05-21,MAERSK-B.CO,A.P. Moller-Maersk,운송/물류,DK,15690.0,15735.0,15150.0,15280.0,12772
2026-05-25,MAERSK-B.CO,A.P. Moller-Maersk,운송/물류,DK,15280.0,15310.0,15110.0,15155.0,12363
2026-05-26,MAERSK-B.CO,A.P. Moller-Maersk,운송/물류,DK,15070.0,15510.0,15070.0,15340.0,11985
2026-05-27,MAERSK-B.CO,A.P. Moller-Maersk,운송/물류,DK,15315.0,15780.0,15160.0,15510.0,13934
2026-05-28,MAERSK-B.CO,A.P. Moller-Maersk,운송/물류,DK,15495.0,16210.0,15480.0,15810.0,89134
2026-05-31,MAERSK-B.CO,A.P. Moller-Maersk,운송/물류,DK,15810.0,16540.0,15800.0,16400.0,17039
2026-06-01,MAERSK-B.CO,A.P. Moller-Maersk,운송/물류,DK,16400.0,16825.0,16305.0,16305.0,15130
2026-06-02,MAERSK-B.CO,A.P. Moller-Maersk,운송/물류,DK,16210.0,16540.0,16115.0,16455.0,12545
2026-06-03,MAERSK-B.CO,A.P. Moller-Maersk,운송/물류,DK,16490.0,17960.0,16400.0,17815.0,32258
2026-06-07,MAERSK-B.CO,A.P. Moller-Maersk,운송/물류,DK,17595.0,18210.0,17470.0,17700.0,21966
2026-06-08,MAERSK-B.CO,A.P. Moller-Maersk,운송/물류,DK,17630.0,17775.0,17280.0,17280.0,18117
2026-06-09,MAERSK-B.CO,A.P. Moller-Maersk,운송/물류,DK,17400.0,18265.0,17155.0,18235.0,28496
2026-06-10,MAERSK-B.CO,A.P. Moller-Maersk,운송/물류,DK,18200.0,18675.0,18105.0,18475.0,23845
2026-06-11,MAERSK-B.CO,A.P. Moller-Maersk,운송/물류,DK,17715.0,17860.0,17430.0,17715.0,17055
2026-06-14,MAERSK-B.CO,A.P. Moller-Maersk,운송/물류,DK,17390.0,17530.0,16470.0,16515.0,27839
2026-06-15,MAERSK-B.CO,A.P. Moller-Maersk,운송/물류,DK,16600.0,16780.0,15970.0,15970.0,21970
2026-06-16,MAERSK-B.CO,A.P. Moller-Maersk,운송/물류,DK,15935.0,16120.0,15660.0,15780.0,16065
2026-06-17,MAERSK-B.CO,A.P. Moller-Maersk,운송/물류,DK,15910.0,15930.0,15035.0,15400.0,22121
2026-06-18,MAERSK-B.CO,A.P. Moller-Maersk,운송/물류,DK,15335.0,15910.0,15305.0,15590.0,64874
2026-06-21,MAERSK-B.CO,A.P. Moller-Maersk,운송/물류,DK,15500.0,16030.0,15500.0,15900.0,12287
2026-06-22,MAERSK-B.CO,A.P. Moller-Maersk,운송/물류,DK,15430.0,16290.0,15430.0,16080.0,12626
2026-06-23,MAERSK-B.CO,A.P. Moller-Maersk,운송/물류,DK,15900.0,16290.0,15840.0,16060.0,13934
2026-06-24,MAERSK-B.CO,A.P. Moller-Maersk,운송/물류,DK,16000.0,16540.0,15955.0,16520.0,11562
2026-06-25,MAERSK-B.CO,A.P. Moller-Maersk,운송/물류,DK,16425.0,16560.0,15860.0,15940.0,10738
2026-06-28,MAERSK-B.CO,A.P. Moller-Maersk,운송/물류,DK,16210.0,16210.0,15805.0,15895.0,9376
2026-06-29,MAERSK-B.CO,A.P. Moller-Maersk,운송/물류,DK,16370.0,16760.0,15190.0,15540.0,35385
2026-06-30,MAERSK-B.CO,A.P. Moller-Maersk,운송/물류,DK,15475.0,15730.0,15185.0,15725.0,12707
2026-07-01,MAERSK-B.CO,A.P. Moller-Maersk,운송/물류,DK,15850.0,16460.0,15850.0,16335.0,16268
2026-07-02,MAERSK-B.CO,A.P. Moller-Maersk,운송/물류,DK,16645.0,17080.0,16505.0,16700.0,14275
2026-07-05,MAERSK-B.CO,A.P. Moller-Maersk,운송/물류,DK,16700.0,16705.0,15200.0,15790.0,21861
2026-07-06,MAERSK-B.CO,A.P. Moller-Maersk,운송/물류,DK,15920.0,16190.0,15750.0,16000.0,9805
2026-07-07,MAERSK-B.CO,A.P. Moller-Maersk,운송/물류,DK,16105.0,16680.0,16090.0,16460.0,21146
2026-07-08,MAERSK-B.CO,A.P. Moller-Maersk,운송/물류,DK,16440.0,16680.0,15900.0,15900.0,20102
2026-07-09,MAERSK-B.CO,A.P. Moller-Maersk,운송/물류,DK,15850.0,16100.0,15585.0,15745.0,17153
2026-07-12,MAERSK-B.CO,A.P. Moller-Maersk,운송/물류,DK,15825.0,16685.0,15825.0,16685.0,19395
2026-07-13,MAERSK-B.CO,A.P. Moller-Maersk,운송/물류,DK,16690.0,17210.0,16645.0,16980.0,14472
2026-07-14,MAERSK-B.CO,A.P. Moller-Maersk,운송/물류,DK,16980.0,17310.0,16935.0,16995.0,11794
2026-07-15,MAERSK-B.CO,A.P. Moller-Maersk,운송/물류,DK,17130.0,17455.0,16720.0,17020.0,18725
2026-07-16,MAERSK-B.CO,A.P. Moller-Maersk,운송/물류,DK,17050.0,17405.0,16705.0,16980.0,15525
2026-07-19,MAERSK-B.CO,A.P. Moller-Maersk,운송/물류,DK,16965.0,17055.0,16360.0,16700.0,14184
2026-07-20,MAERSK-B.CO,A.P. Moller-Maersk,운송/물류,DK,16650.0,16970.0,16525.0,16755.0,8424
2026-07-21,MAERSK-B.CO,A.P. Moller-Maersk,운송/물류,DK,16745.0,17180.0,16705.0,16965.0,12608
2026-07-22,MAERSK-B.CO,A.P. Moller-Maersk,운송/물류,DK,17045.0,17495.0,17000.0,17110.0,12671
2026-07-23,MAERSK-B.CO,A.P. Moller-Maersk,운송/물류,DK,17110.0,17320.0,16810.0,17025.0,10636
2026-07-26,MAERSK-B.CO,A.P. Moller-Maersk,운송/물류,DK,16660.0,16850.0,16325.0,16650.0,9968
2026-07-27,MAERSK-B.CO,A.P. Moller-Maersk,운송/물류,DK,16650.0,17100.0,16520.0,17100.0,12282
2026-07-28,MAERSK-B.CO,A.P. Moller-Maersk,운송/물류,DK,17025.0,17850.0,16990.0,17150.0,12845
2026-07-29,MAERSK-B.CO,A.P. Moller-Maersk,운송/물류,DK,17300.0,17555.0,17085.0,17335.0,11491
2026-07-30,MAERSK-B.CO,A.P. Moller-Maersk,운송/물류,DK,17225.0,17455.0,17200.0,17405.0,11570
2026-08-02,MAERSK-B.CO,A.P. Moller-Maersk,운송/물류,DK,17135.0,17460.0,17090.0,17175.0,11382
2026-08-03,MAERSK-B.CO,A.P. Moller-Maersk,운송/물류,DK,17175.0,17440.0,16725.0,16880.0,11923
2026-08-04,MAERSK-B.CO,A.P. Moller-Maersk,운송/물류,DK,16900.0,17035.0,16535.0,16770.0,13018
2026-08-05,MAERSK-B.CO,A.P. Moller-Maersk,운송/물류,DK,16770.0,17025.0,16560.0,16985.0,8666
2026-08-06,MAERSK-B.CO,A.P. Moller-Maersk,운송/물류,DK,16995.0,17340.0,16770.0,17110.0,9185
2026-08-09,MAERSK-B.CO,A.P. Moller-Maersk,운송/물류,DK,17290.0,17505.0,17125.0,17200.0,10180
2026-08-10,MAERSK-B.CO,A.P. Moller-Maersk,운송/물류,DK,17280.0,17425.0,16910.0,16955.0,7031
2026-08-11,MAERSK-B.CO,A.P. Moller-Maersk,운송/물류,DK,16955.0,17405.0,16900.0,17405.0,14722
2026-08-12,MAERSK-B.CO,A.P. Moller-Maersk,운송/물류,DK,18280.0,19150.0,18025.0,19035.0,36797
2026-08-13,MAERSK-B.CO,A.P. Moller-Maersk,운송/물류,DK,19125.0,20700.0,19095.0,20700.0,36959
2026-08-16,MAERSK-B.CO,A.P. Moller-Maersk,운송/물류,DK,20700.0,21790.0,20700.0,21630.0,33644
2026-08-17,MAERSK-B.CO,A.P. Moller-Maersk,운송/물류,DK,21630.0,21900.0,20830.0,20830.0,20607
2026-08-18,MAERSK-B.CO,A.P. Moller-Maersk,운송/물류,DK,20830.0,20910.0,20540.0,20750.0,15837
2026-08-19,MAERSK-B.CO,A.P. Moller-Maersk,운송/물류,DK,20660.0,21010.0,20510.0,20850.0,9398
2026-08-20,MAERSK-B.CO,A.P. Moller-Maersk,운송/물류,DK,20850.0,21620.0,20810.0,21620.0,15043
2026-08-23,MAERSK-B.CO,A.P. Moller-Maersk,운송/물류,DK,21520.0,22830.0,21520.0,22430.0,23098
2026-08-24,MAERSK-B.CO,A.P. Moller-Maersk,운송/물류,DK,22300.0,22730.0,21820.0,22090.0,16464
2026-08-25,MAERSK-B.CO,A.P. Moller-Maersk,운송/물류,DK,21670.0,22030.0,21500.0,21690.0,14426
2026-08-26,MAERSK-B.CO,A.P. Moller-Maersk,운송/물류,DK,21670.0,21720.0,21300.0,21530.0,11266
2026-08-27,MAERSK-B.CO,A.P. Moller-Maersk,운송/물류,DK,21590.0,22090.0,21450.0,21970.0,9287
2026-08-30,MAERSK-B.CO,A.P. Moller-Maersk,운송/물류,DK,22000.0,22270.0,21540.0,21540.0,36322
2026-08-31,MAERSK-B.CO,A.P. Moller-Maersk,운송/물류,DK,21620.0,21850.0,20940.0,20960.0,16654
2026-09-01,MAERSK-B.CO,A.P. Moller-Maersk,운송/물류,DK,20890.0,21210.0,20850.0,21210.0,11357
2026-09-02,MAERSK-B.CO,A.P. Moller-Maersk,운송/물류,DK,21250.0,21820.0,21120.0,21620.0,9523
2026-09-03,MAERSK-B.CO,A.P. Moller-Maersk,운송/물류,DK,21700.0,22680.0,21700.0,22610.0,16250
2026-09-07,MAERSK-B.CO,A.P. Moller-Maersk,운송/물류,DK,22150.0,22470.0,22130.0,22210.0,8109
2026-09-08,MAERSK-B.CO,A.P. Moller-Maersk,운송/물류,DK,22140.0,22320.0,21850.0,22240.0,11746
2026-09-09,MAERSK-B.CO,A.P. Moller-Maersk,운송/물류,DK,22200.0,23290.0,22190.0,22850.0,18354
2026-09-10,MAERSK-B.CO,A.P. Moller-Maersk,운송/물류,DK,22980.0,23060.0,22140.0,22330.0,11054
2026-09-13,MAERSK-B.CO,A.P. Moller-Maersk,운송/물류,DK,22570.0,23400.0,22520.0,23270.0,20924
2026-09-14,MAERSK-B.CO,A.P. Moller-Maersk,운송/물류,DK,23270.0,23510.0,23030.0,23300.0,18441
2026-09-15,MAERSK-B.CO,A.P. Moller-Maersk,운송/물류,DK,23310.0,23420.0,22350.0,22450.0,10325
2026-09-17,MAERSK-B.CO,A.P. Moller-Maersk,운송/물류,DK,22590.0,22850.0,22420.0,22480.0,2099
2025-09-18,TSM,TSMC,반도체,TW,255.29801531240756,267.70669474465245,255.2782356398553,265.82659912109375,16917300
2025-09-19,TSM,TSMC,반도체,TW,263.5803294721709,263.77824697186736,260.0576154029626,262.0960388183594,17640200
2025-09-22,TSM,TSMC,반도체,TW,263.74859364562616,273.4657279945118,262.67001259970004,269.7748107910156,15630300
2025-09-23,TSM,TSMC,반도체,TW,279.44248603253794,283.0047901297097,277.0676267004151,279.7492370605469,17830300
2025-09-24,TSM,TSMC,반도체,TW,277.3743368042687,278.2649051476724,273.8219381669564,277.7701416015625,10231000
2025-09-25,TSM,TSMC,반도체,TW,270.2596388254702,274.23755712515674,267.3603316473994,273.7625732421875,11863400
2025-09-26,TSM,TSMC,반도체,TW,271.0215791584454,272.61470321943943,267.78580636703526,270.4971008300781,10451900
2025-09-29,TSM,TSMC,반도체,TW,273.59436844119443,276.9389752403677,270.3685302734375,270.3685302734375,8046200
2025-09-30,TSM,TSMC,반도체,TW,272.4366272037514,276.562938584393,270.9622111884719,276.36505126953125,8348800
2025-10-01,TSM,TSMC,반도체,TW,275.5239274754906,287.4378421861954,274.2672389327902,285.4488830566406,14620100
2025-10-02,TSM,TSMC,반도체,TW,293.41457828378793,293.6124957920574,284.02397533725934,285.0926513671875,10198000
2025-10-03,TSM,TSMC,반도체,TW,289.79287954770206,292.95937821070703,287.4477052532375,289.1299133300781,10572500
2025-10-06,TSM,TSMC,반도체,TW,296.8680475424882,304.081678665316,296.7987733950332,299.2330017089844,15785000
2025-10-07,TSM,TSMC,반도체,TW,303.40879568727814,303.8837795682962,290.2085077484398,290.9506530761719,13081000
2025-10-08,TSM,TSMC,반도체,TW,291.9104929583181,303.19109579914715,290.90118619291803,301.3307800292969,12821200
2025-10-09,TSM,TSMC,반도체,TW,299.14398492325466,299.6585282295374,294.305212302666,296.73944091796875,10259900
2025-10-10,TSM,TSMC,반도체,TW,296.8185330835847,297.0560401163018,277.39411176167454,277.7206726074219,23398000
2025-10-13,TSM,TSMC,반도체,TW,295.1166001118642,301.43969379299637,289.258615648437,299.7179260253906,20318300
2025-10-14,TSM,TSMC,반도체,TW,292.5339167233838,298.5898180608293,288.288836786656,292.8406677246094,16567900
2025-10-15,TSM,TSMC,반도체,TW,303.082299256883,303.3989250153471,296.9274387692454,301.5188293457031,20788000
2025-10-16,TSM,TSMC,반도체,TW,307.67368201770626,308.10907639725525,293.5828244918617,296.6998291015625,26341500
2025-10-17,TSM,TSMC,반도체,TW,295.2748918860935,300.1235688218204,291.83135677317944,291.9896545410156,17633300
2025-10-20,TSM,TSMC,반도체,TW,296.85814524070344,300.4699133015376,293.94893300150676,294.5822448730469,13391600
2025-10-21,TSM,TSMC,반도체,TW,295.86865753332677,296.234777796257,290.58458546735824,291.4256896972656,11190500
2025-10-22,TSM,TSMC,반도체,TW,289.9314304216556,292.10840204667153,281.42149161200626,285.8545837402344,15409100
2025-10-23,TSM,TSMC,반도체,TW,286.7649280712809,291.0100075869107,286.5967253830215,287.6852111816406,10379900
2025-10-24,TSM,TSMC,반도체,TW,292.47453789023115,294.8296172657698,291.3069031370053,291.87091064453125,8747000
2025-10-27,TSM,TSMC,반도체,TW,295.52230021241064,297.33315194812536,290.61425362344386,295.1264953613281,13615000
2025-10-28,TSM,TSMC,반도체,TW,295.19575753431485,298.96585369917125,292.97919610185704,298.37213134765625,11804200
2025-10-29,TSM,TSMC,반도체,TW,302.59739225116834,304.73477453206556,299.213226288227,301.89483642578125,16177300
2025-10-30,TSM,TSMC,반도체,TW,299.9058547896366,304.09156521866163,297.6695441184576,300.0444030761719,14507100
2025-10-31,TSM,TSMC,반도체,TW,302.78542991655524,304.45773336474736,293.57293374587425,297.2836608886719,12667900
2025-11-03,TSM,TSMC,반도체,TW,299.421020540048,306.87215886732014,298.95594156565636,301.667236328125,12466600
2025-11-04,TSM,TSMC,반도체,TW,293.77083785106356,298.8273073116045,290.4361360427658,290.970458984375,16224300
2025-11-05,TSM,TSMC,반도체,TW,289.5554213106759,295.0967792277808,288.4471557668492,290.56475830078125,10502500
2025-11-06,TSM,TSMC,반도체,TW,291.0199329510262,291.55428605294634,284.3703094756989,286.2108154296875,11516900
2025-11-07,TSM,TSMC,반도체,TW,282.2230133152653,284.8749688709801,274.2276477029394,283.49951171875,15715700
2025-11-10,TSM,TSMC,반도체,TW,291.2772000014797,294.01820955836047,288.6945486117535,292.17767333984375,10869200
2025-11-11,TSM,TSMC,반도체,TW,289.0012994543215,291.83136283017217,285.88429494508694,288.1206359863281,9666300
2025-11-12,TSM,TSMC,반도체,TW,290.6241461368574,291.781876031738,286.54726877084056,287.5763854980469,9715900
2025-11-13,TSM,TSMC,반도체,TW,286.14160443917444,286.4681351403084,277.067626387863,279.2445983886719,13827600
2025-11-14,TSM,TSMC,반도체,TW,273.02043723115025,283.8557413116385,270.3685117394811,281.8371276855469,11486800
2025-11-17,TSM,TSMC,반도체,TW,278.4925113738357,283.52920072405664,276.86967242354,279.0565490722656,10227100
2025-11-18,TSM,TSMC,반도체,TW,274.6432966967402,277.2556633271268,269.86389300893495,274.9995422363281,11850400
2025-11-19,TSM,TSMC,반도체,TW,274.0199057595769,281.5699734871849,273.42618335610956,279.4128112792969,11179200
2025-11-20,TSM,TSMC,반도체,TW,289.1497162474202,289.7830281101268,273.5151995620044,274.5937805175781,15747300
2025-11-21,TSM,TSMC,반도체,TW,269.95291558545046,275.7713404085033,264.02565726438905,272.1793518066406,20872800
2025-11-24,TSM,TSMC,반도체,TW,270.3289289667298,282.0746115985744,270.3289289667298,281.6590270996094,13570300
2025-11-25,TSM,TSMC,반도체,TW,279.76904839262784,282.41106922159145,270.2200863356128,281.6986083984375,13726800
2025-11-26,TSM,TSMC,반도체,TW,286.0722999698946,289.7434371750693,284.71665263040256,286.92327880859375,12220300
2025-11-28,TSM,TSMC,반도체,TW,289.4169349055247,289.60494749493523,285.97336927618767,288.45709228515625,5515400
2025-12-01,TSM,TSMC,반도체,TW,283.9151551618135,288.110740791745,280.2242078650842,284.66717529296875,7713000
2025-12-02,TSM,TSMC,반도체,TW,288.94192152398784,291.41573934525485,286.1514477740855,289.0309753417969,10746400
2025-12-03,TSM,TSMC,반도체,TW,289.1200615613843,293.5135649201736,283.0740646236572,292.3558349609375,9599200
2025-12-04,TSM,TSMC,반도체,TW,290.9012042499774,290.9506685285983,287.1607928074728,289.8621826171875,6753000
2025-12-05,TSM,TSMC,반도체,TW,292.949511238976,297.6497653709175,290.178847198284,291.6334533691406,10275300
2025-12-08,TSM,TSMC,반도체,TW,298.0455603967832,299.4506719009636,293.61246832875855,298.7085266113281,16643100
2025-12-09,TSM,TSMC,반도체,TW,296.8482258964218,301.4891104242476,295.37384017664607,300.232421875,11349100
2025-12-10,TSM,TSMC,반도체,TW,302.1719339436534,310.6917793379769,299.33199554487067,306.8919982910156,12429200
2025-12-11,TSM,TSMC,반도체,TW,302.93807526266465,303.4540076194729,297.3023946409227,302.47174072265625,15028400
2025-12-12,TSM,TSMC,반도체,TW,301.9061894325556,301.9061894325556,288.7099601365671,289.7616882324219,19306100
2025-12-15,TSM,TSMC,반도체,TW,292.8474038263489,293.4923268452367,285.3066885883214,285.4952087402344,12082400
2025-12-16,TSM,TSMC,반도체,TW,285.01896048770215,286.2095805604762,281.1096958424602,284.6319885253906,11418400
2025-12-17,TSM,TSMC,반도체,TW,286.2790297091352,286.84459011670054,272.9339478788392,274.7992858886719,16823000
2025-12-18,TSM,TSMC,반도체,TW,282.776586730792,284.91973923218603,279.55194144351105,282.4590759277344,11260300
2025-12-19,TSM,TSMC,반도체,TW,284.14581283756786,289.89065066242404,284.14581283756786,286.6957702636719,12735800
2025-12-22,TSM,TSMC,반도체,TW,292.3711443214098,292.70848817672055,288.93811572187496,290.9919738769531,6091100
2025-12-23,TSM,TSMC,반도체,TW,291.11106906512737,295.58589453096727,289.9204488887735,294.6333923339844,6802300
2025-12-24,TSM,TSMC,반도체,TW,295.41717458996357,296.8261097967219,293.9189754303668,296.4689025878906,2753900
2025-12-26,TSM,TSMC,반도체,TW,297.56032049750814,301.01318213639195,296.1910817393388,300.4773864746094,5125900
2025-12-29,TSM,TSMC,반도체,TW,299.42566387616273,302.1244450231818,296.3200777082167,298.5723876953125,6205100
2025-12-30,TSM,TSMC,반도체,TW,300.0011083269614,302.17402535133783,297.11383748804394,297.2427978515625,6190600
2025-12-31,TSM,TSMC,반도체,TW,301.6283533784541,304.9919209321944,301.0627929487904,301.51922607421875,8175100
2026-01-02,TSM,TSMC,반도체,TW,309.5460975445343,319.08111055268074,309.2682831769581,317.1165466308594,18526900
2026-01-05,TSM,TSMC,반도체,TW,327.8223735140196,328.66574828249253,318.9918130500267,319.7359619140625,17446300
2026-01-06,TSM,TSMC,반도체,TW,327.64379162439326,330.4814648153332,322.05770919495353,324.87554931640625,15599600
2026-01-07,TSM,TSMC,반도체,TW,322.1371068645093,323.7543650175995,316.0549250911868,316.1938171386719,11744800
2026-01-08,TSM,TSMC,반도체,TW,321.85928397017216,321.9684112703435,313.67364639550243,315.529052734375,10850800
2026-01-09,TSM,TSMC,반도체,TW,317.3348519161208,322.23631522170336,315.7671915153157,321.105224609375,12325100
2026-01-12,TSM,TSMC,반도체,TW,319.58718827713113,330.9478445472864,318.55529321237617,329.1817321777344,12714800
2026-01-13,TSM,TSMC,반도체,TW,330.27309064542214,333.7954132833018,328.19939953454343,328.62603759765625,11473600
2026-01-14,TSM,TSMC,반도체,TW,327.28659037276196,327.28659037276196,322.2859316163962,324.55804443359375,11210800
2026-01-15,TSM,TSMC,반도체,TW,340.135586806983,348.5891076593292,335.2837515814295,338.9747314453125,42188500
2026-01-16,TSM,TSMC,반도체,TW,343.80671133901876,347.12065068983645,338.7960907548535,339.728759765625,18246100
2026-01-20,TSM,TSMC,반도체,TW,338.1313364620921,339.48071189259883,324.34968471529476,324.607666015625,22809900
2026-01-21,TSM,TSMC,반도체,TW,330.82874387503756,331.0371273646044,323.13920537714773,323.5757751464844,16789800
2026-01-22,TSM,TSMC,반도체,TW,330.81882845563956,332.43608653314976,324.34967502762106,324.8160095214844,12801000
2026-01-23,TSM,TSMC,반도체,TW,329.47936363205406,334.5197186962658,328.7848125692652,332.25750732421875,12904400
2026-01-26,TSM,TSMC,반도체,TW,330.19377272544483,332.4857490146178,327.65374679216654,330.1143798828125,8646400
2026-01-27,TSM,TSMC,반도체,TW,333.8748281841572,338.5877715240524,331.94996048192434,335.7004699707031,11298100
2026-01-28,TSM,TSMC,반도체,TW,340.3538629518031,342.80459454948726,336.0179601896303,339.6295471191406,12140100
2026-01-29,TSM,TSMC,반도체,TW,337.1490506107021,341.05831526710136,325.63957181022323,336.9010009765625,13844800
2026-01-30,TSM,TSMC,반도체,TW,332.8032406861379,337.24827067398576,326.5325387767145,327.98114013671875,12028100
2026-02-02,TSM,TSMC,반도체,TW,328.17958891230955,341.51473931131505,326.5325357518927,338.6968688964844,12459100
2026-02-03,TSM,TSMC,반도체,TW,342.377943021737,344.3424766691858,327.44533745696793,333.1306457519531,12540000
2026-02-04,TSM,TSMC,반도체,TW,332.98185488867296,336.1568722283187,316.5808133072255,323.1987609863281,18176000
2026-02-05,TSM,TSMC,반도체,TW,320.30151726199347,331.9598492812,317.1562347900045,328.1498107910156,14812000
2026-02-06,TSM,TSMC,반도체,TW,334.8670191198288,346.9916869195844,334.0236442750349,346.12847900390625,17025500
2026-02-09,TSM,TSMC,반도체,TW,346.03918412717894,356.79461302863496,345.08665169553524,352.6372985839844,14594900
2026-02-10,TSM,TSMC,반도체,TW,361.4876818869398,361.91435027289293,353.6096533118126,359.0865783691406,14622100
2026-02-11,TSM,TSMC,반도체,TW,367.19281356708,376.618699471359,365.5160259317707,371.1715393066406,18651300
2026-02-12,TSM,TSMC,반도체,TW,376.04322900677096,377.03542750019255,319.58714078698324,365.228271484375,16835400
2026-02-13,TSM,TSMC,반도체,TW,366.2701041217581,368.2148048835046,357.955475077421,363.5018615722656,10468200
2026-02-17,TSM,TSMC,반도체,TW,359.04689448816714,363.34313128637314,353.4608116506762,361.3587341308594,10063800
2026-02-18,TSM,TSMC,반도체,TW,361.02133126522324,366.508218032298,357.89591204967707,359.433837890625,7310500
2026-02-19,TSM,TSMC,반도체,TW,356.9136438611003,359.96960190296664,354.65143250349934,357.57843017578125,6346500
2026-02-20,TSM,TSMC,반도체,TW,356.973195320981,369.29631471136037,356.2985075698773,367.6492614746094,9009200
2026-02-23,TSM,TSMC,반도체,TW,364.1468072653849,370.5167051352677,363.60107988358664,367.1531677246094,9550200
2026-02-24,TSM,TSMC,반도체,TW,376.44010355896955,386.1438036446622,373.11623253941787,382.7405700683594,13269500
2026-02-25,TSM,TSMC,반도체,TW,387.1657720859335,387.1657720859335,381.82773925773006,384.70513916015625,10948400
2026-02-26,TSM,TSMC,반도체,TW,383.1672263198317,383.4549723757493,366.81581369935094,373.8703308105469,14535700
2026-02-27,TSM,TSMC,반도체,TW,367.25238119450546,373.7413378283431,365.74422003866846,371.65771484375,9186600
2026-03-02,TSM,TSMC,반도체,TW,362.5096327877594,370.1892698390372,361.805180324485,366.2303771972656,12571600
2026-03-03,TSM,TSMC,반도체,TW,346.82300365799256,353.20286357900704,341.45523595317235,350.3750915527344,18580200
2026-03-04,TSM,TSMC,반도체,TW,354.64152706511044,358.2729774592908,351.7839903431653,354.6514587402344,12131100
2026-03-05,TSM,TSMC,반도체,TW,352.13126020717795,356.6656148589353,341.11785021912823,351.099365234375,16249800
2026-03-06,TSM,TSMC,반도체,TW,340.8202061406526,345.9994838468957,334.0633363539357,336.2461853027344,13803000
2026-03-09,TSM,TSMC,반도체,TW,332.98183777916137,346.674165589237,329.3305544004074,345.9796447753906,19182800
2026-03-10,TSM,TSMC,반도체,TW,345.7514103972268,350.74216761060524,341.6238610288638,344.3821716308594,12985600
2026-03-11,TSM,TSMC,반도체,TW,351.16882486489413,354.56215722240313,347.6266687810683,351.7939147949219,10683300
2026-03-12,TSM,TSMC,반도체,TW,343.2312321086188,344.18376450390895,333.7557482066634,334.0831604003906,17549400
2026-03-13,TSM,TSMC,반도체,TW,341.23690333178314,341.8321981765916,333.5969631754759,335.670654296875,17299900
2026-03-16,TSM,TSMC,반도체,TW,338.58777631242936,341.9414124653866,337.1689395644855,337.57574462890625,11123500
2026-03-17,TSM,TSMC,반도체,TW,338.8950642418574,345.0242327662002,336.7060646385863,344.2481384277344,11434600
2026-03-18,TSM,TSMC,반도체,TW,344.0491456790528,346.2082967825283,337.6413796256118,337.8702392578125,12632600
2026-03-19,TSM,TSMC,반도체,TW,327.5720434439514,338.19857588973304,323.562217399616,337.0941467285156,15411600
2026-03-20,TSM,TSMC,반도체,TW,334.99467908694373,335.9100872183569,324.26864157301935,327.5919189453125,17424200
2026-03-23,TSM,TSMC,반도체,TW,329.44264462384547,341.6910229876571,329.44264462384547,336.755859375,15857200
2026-03-24,TSM,TSMC,반도체,TW,333.8902502492645,343.15364491151615,332.3479908389967,341.53179931640625,9725000
2026-03-25,TSM,TSMC,반도체,TW,344.2680372708483,348.6957741735823,341.78055145241734,346.00927734375,12166900
2026-03-26,TSM,TSMC,반도체,TW,338.1189630007094,339.203503120475,323.7412835307438,324.4775695800781,14560200
2026-03-27,TSM,TSMC,반도체,TW,323.2039883763507,327.9103223942696,320.6966136463328,325.10443115234375,14484500
2026-03-30,TSM,TSMC,반도체,TW,325.56216209532477,327.95014245230794,312.22921356960165,314.91571044921875,15740000
2026-03-31,TSM,TSMC,반도체,TW,320.6966351867104,336.71605072762713,319.5325087700458,336.25836181640625,18488000
2026-04-01,TSM,TSMC,반도체,TW,342.17854914590083,346.93462090003794,338.0493286874358,339.7806091308594,15011600
2026-04-02,TSM,TSMC,반도체,TW,325.2039521989868,340.3577271967921,325.1641439225332,337.3428955078125,8994600
2026-04-06,TSM,TSMC,반도체,TW,338.0493071484853,342.47704384720265,336.92495875199035,340.04925537109375,5884800
2026-04-07,TSM,TSMC,반도체,TW,337.7408894609472,343.800401496003,333.9698523179473,343.5914611816406,6823500
2026-04-08,TSM,TSMC,반도체,TW,368.4364601075995,372.42636673527477,357.44175450789885,364.06842041015625,16356900
2026-04-09,TSM,TSMC,반도체,TW,361.4814517877364,366.3271000009198,358.9143796075223,363.6604919433594,9246000
2026-04-10,TSM,TSMC,반도체,TW,373.7099155381664,376.1078555093986,367.89915231375693,368.7449035644531,13168200
2026-04-13,TSM,TSMC,반도체,TW,368.406610773548,369.6005857520545,364.2176627766789,367.7200622558594,9596300
2026-04-14,TSM,TSMC,반도체,TW,377.14265208313475,380.24702947458644,371.351777906487,377.9884033203125,12859500
2026-04-15,TSM,TSMC,반도체,TW,379.5007934242053,380.067947483411,370.3468333849878,373.2223815917969,14955500
2026-04-16,TSM,TSMC,반도체,TW,367.01358697022727,368.34690606796914,358.7451866752306,361.53118896484375,26405800
2026-04-17,TSM,TSMC,반도체,TW,371.3318824805671,373.6999433926544,363.3122309041329,368.6453857421875,18419400
2026-04-20,TSM,TSMC,반도체,TW,367.37180175008353,368.21755298976365,362.4266787959822,364.4067077636719,11638300
2026-04-21,TSM,TSMC,반도체,TW,366.23748779296875,368.89413592875366,363.2823535137547,366.23748779296875,9808200
2026-04-22,TSM,TSMC,반도체,TW,369.9189953097242,385.9682589069654,368.784717549379,385.5006103515625,16317200
2026-04-23,TSM,TSMC,반도체,TW,382.32657470853144,386.8140088935502,373.928820059333,380.7445373535156,12224900
2026-04-24,TSM,TSMC,반도체,TW,394.1570630507156,407.4402128820239,391.8785175641444,400.4454040527344,21603600
2026-04-27,TSM,TSMC,반도체,TW,411.6789092780654,412.42515503506496,398.39572873051054,402.95281982421875,16561200
2026-04-28,TSM,TSMC,반도체,TW,390.1571681501014,395.87838549376846,382.7743272952668,390.3760681152344,14715800
2026-04-29,TSM,TSMC,반도체,TW,390.9432342615354,393.86852008390554,386.2369000479684,391.8586120605469,10313000
2026-04-30,TSM,TSMC,반도체,TW,395.8186936983045,396.7937990772518,383.779256180323,394.07745361328125,12788100
2026-05-01,TSM,TSMC,반도체,TW,391.47057584914086,401.9677539979997,390.1671356919595,395.6794128417969,9926400
2026-05-04,TSM,TSMC,반도체,TW,402.4950769033065,405.6591818042443,393.2217532520516,399.5996398925781,9978500
2026-05-05,TSM,TSMC,반도체,TW,402.5747249589579,404.0970651183038,390.63479261434117,392.43572998046875,14579000
2026-05-06,TSM,TSMC,반도체,TW,400.38573634732825,417.5991575082451,398.6444961653314,417.400146484375,17736400
2026-05-07,TSM,TSMC,반도체,TW,415.9971844680794,417.89762732182106,406.06712991609794,412.076904296875,13403200
2026-05-08,TSM,TSMC,반도체,TW,414.86290230176917,414.9126398728533,398.87333596683465,409.6192626953125,18531200
2026-05-11,TSM,TSMC,반도체,TW,404.70398395493856,405.6890489894404,396.1967945817307,402.5150146484375,14680000
2026-05-12,TSM,TSMC,반도체,TW,395.7589998740981,400.22651475681516,384.18721080822064,395.2913513183594,18121800
2026-05-13,TSM,TSMC,반도체,TW,396.276396402319,402.6543139512588,389.5104468391825,397.7987365722656,13127800
2026-05-14,TSM,TSMC,반도체,TW,401.19165102887035,419.85775417782304,400.0872219094326,415.6290283203125,18577100
2026-05-15,TSM,TSMC,반도체,TW,404.46522064091664,407.81834688601396,396.8336002882294,402.32598876953125,11868600
2026-05-18,TSM,TSMC,반도체,TW,404.84329833040704,404.84329833040704,389.09252106347094,393.968017578125,12117200
2026-05-19,TSM,TSMC,반도체,TW,387.56025618461223,396.8833483183698,383.1325192131813,390.64471435546875,14083000
2026-05-20,TSM,TSMC,반도체,TW,395.0127501807712,401.8583160498314,393.96801827710163,399.609619140625,10254300
2026-05-21,TSM,TSMC,반도체,TW,397.51019752708453,409.40036164238745,397.51019752708453,405.1119384765625,8937900
2026-05-22,TSM,TSMC,반도체,TW,407.38054325554276,408.6143569394827,400.84342286667913,402.4951171875,7111900
2026-05-26,TSM,TSMC,반도체,TW,411.05205632303665,414.4051823859026,408.0173357360935,410.2560729980469,10132000
2026-05-27,TSM,TSMC,반도체,TW,424.8824563339026,428.3947850088849,413.3007384367369,420.61395263671875,14695600
2026-05-28,TSM,TSMC,반도체,TW,420.1065071263231,425.45958147880856,412.6340899930758,422.7332763671875,8905800
2026-05-29,TSM,TSMC,반도체,TW,424.93222320935155,428.28534914372324,415.1613718907187,416.3553771972656,11232300
2026-06-01,TSM,TSMC,반도체,TW,422.7532123879876,447.14053409058647,420.38512093123484,433.44940185546875,18040400
2026-06-02,TSM,TSMC,반도체,TW,438.37457899626526,446.1355528200009,433.8274780845329,444.4540100097656,10147900
2026-06-03,TSM,TSMC,반도체,TW,447.7375021932131,447.9066645948778,432.3548978947935,434.50408935546875,10245200
2026-06-04,TSM,TSMC,반도체,TW,428.4744237818752,445.7674305232791,425.16107557674286,442.6929016113281,10974100
2026-06-05,TSM,TSMC,반도체,TW,427.61868936256604,431.7280206797723,410.72370558272405,413.091796875,19644200
2026-06-08,TSM,TSMC,반도체,TW,421.64874256857007,431.63849429260597,420.414959297748,424.66357421875,11245400
2026-06-09,TSM,TSMC,반도체,TW,428.7231593169487,435.96671678333087,403.48015816758146,425.7779846191406,21199500
2026-06-10,TSM,TSMC,반도체,TW,411.8878611431825,424.1860073532579,405.65921703142766,406.7039489746094,13139700
2026-06-11,TSM,TSMC,반도체,TW,412.1543187617326,421.12025597599353,407.7660667604286,419.94342041015625,13826500
2026-06-12,TSM,TSMC,반도체,TW,418.926122122412,425.79770217697245,416.09372434298206,422.7957458496094,10362500
2026-06-15,TSM,TSMC,반도체,TW,437.50630082267026,441.3958602540778,430.7743605020283,440.2190246582031,11184900
2026-06-16,TSM,TSMC,반도체,TW,434.8534128075619,439.1518789209767,424.06238496613236,424.690673828125,10943500
2026-06-17,TSM,TSMC,반도체,TW,433.58682418816994,441.3160890241868,430.485159618059,430.9937744140625,10934100
2026-06-18,TSM,TSMC,반도체,TW,437.7057646856021,463.9752873583674,437.2170854387933,460.8835754394531,25817100
2026-06-22,TSM,TSMC,반도체,TW,474.816186384095,475.514325662638,463.92542060312275,466.4187316894531,13686200
2026-06-23,TSM,TSMC,반도체,TW,438.0049560007165,446.133144391737,433.0283166057044,435.2224426269531,20364500
2026-06-24,TSM,TSMC,반도체,TW,432.8188947790589,442.67243521168706,431.42261613898734,439.6505432128906,9991200
2026-06-25,TSM,TSMC,반도체,TW,451.688257213593,451.688257213593,431.28300658985046,433.826171875,14769500
2026-06-26,TSM,TSMC,반도체,TW,423.8628964205814,434.96312255423817,418.0684437302707,431.1932373046875,17974100
2026-06-29,TSM,TSMC,반도체,TW,435.8308057478728,454.87970975218514,429.93661431073315,453.88238525390625,14881400
2026-06-30,TSM,TSMC,반도체,TW,454.390999000302,477.7184335703195,451.78799667506206,476.2922668457031,15074300
2026-07-01,TSM,TSMC,반도체,TW,466.4187620928209,467.2565110201251,442.28349702952255,443.0414733886719,18534800
2026-07-02,TSM,TSMC,반도체,TW,449.33456176702987,460.23531059275666,428.35084702515826,432.9983825683594,18375000
2026-07-06,TSM,TSMC,반도체,TW,446.58195686691096,458.79918181338746,444.40779679330353,450.58123779296875,12788500
2026-07-07,TSM,TSMC,반도체,TW,436.8480588593707,438.6232952207497,426.9645695856732,431.41265869140625,14898400
2026-07-08,TSM,TSMC,반도체,TW,427.8521919292887,439.3114401974087,427.60286081511083,435.81085205078125,11411200
2026-07-09,TSM,TSMC,반도체,TW,445.53477314282117,446.49219611562063,435.2224417359198,435.7908935546875,11455600
2026-07-10,TSM,TSMC,반도체,TW,437.49634449070544,438.4836859896974,426.95461739736834,432.9485168457031,9595100
2026-07-13,TSM,TSMC,반도체,TW,432.65929827726654,436.81812417113093,419.1654997462829,420.4520263671875,14329800
2026-07-14,TSM,TSMC,반도체,TW,429.71720001085697,429.9066940996577,417.7393230942159,419.2652587890625,14279000
2026-07-15,TSM,TSMC,반도체,TW,424.6108792820585,427.74249262517435,409.6510127189795,418.357666015625,17012300
2026-07-16,TSM,TSMC,반도체,TW,404.2056317684196,414.83711397634823,402.4204124945257,408.6437072753906,24891300
2026-07-17,TSM,TSMC,반도체,TW,391.0708603411774,403.6172190265121,384.9871750797937,397.30413818359375,20986500
2026-07-20,TSM,TSMC,반도체,TW,406.6191619914805,408.79335252539937,399.009571212585,401.2236328125,11653600
2026-07-21,TSM,TSMC,반도체,TW,417.6196480893067,424.26183285911304,412.4535145247667,423.47393798828125,18210100
2026-07-22,TSM,TSMC,반도체,TW,413.79990624109263,423.67341256775325,413.1017669263485,420.0830383300781,10259500
2026-07-23,TSM,TSMC,반도체,TW,414.7273927079472,419.71401492274447,410.6981934363316,414.46807861328125,11048800
2026-07-24,TSM,TSMC,반도체,TW,410.2494164861591,411.8152231692339,399.727625331181,402.3306579589844,11525100
2026-07-27,TSM,TSMC,반도체,TW,404.9935050626899,406.33989917665224,387.7597395373824,398.022216796875,17932300
2026-07-28,TSM,TSMC,반도체,TW,383.9699062963868,394.3021728020268,380.2797937238432,391.2603454589844,18276300
2026-07-29,TSM,TSMC,반도체,TW,387.0416663610539,390.20319831814896,371.7227771334511,373.6675720214844,21700200
2026-07-30,TSM,TSMC,반도체,TW,391.4398685253984,405.6816606316707,386.56296773072626,402.2309265136719,17474200
2026-07-31,TSM,TSMC,반도체,TW,418.37762504016166,419.22535694685655,397.73299584950587,403.1684265136719,11956100
2026-08-03,TSM,TSMC,반도체,TW,399.518217224896,406.34989612720153,397.13462750002594,405.0234375,12676900
2026-08-04,TSM,TSMC,반도체,TW,416.88162944563965,419.1256095084451,411.0073736942059,416.0538635253906,13929100
2026-08-05,TSM,TSMC,반도체,TW,418.1981075131447,425.1594128921484,411.9648295242501,412.892333984375,12790400
2026-08-06,TSM,TSMC,반도체,TW,408.44428194904367,422.7758300634866,406.8984107212031,417.08111572265625,10628900
2026-08-07,TSM,TSMC,반도체,TW,423.6534593245263,423.6534593245263,411.9947341328056,418.9161682128906,9159600
2026-08-10,TSM,TSMC,반도체,TW,419.215364204213,424.7405502918747,414.88697965531264,417.3503723144531,11776100
2026-08-11,TSM,TSMC,반도체,TW,423.0650445509429,423.76315340551974,417.7492881796972,420.9307556152344,9703600
2026-08-12,TSM,TSMC,반도체,TW,431.4924362663067,432.1207555673107,425.87749449502076,428.0018005371094,9534200
2026-08-13,TSM,TSMC,반도체,TW,428.0017846805682,434.873364799285,427.2438387895968,429.33819580078125,8194000
2026-08-14,TSM,TSMC,반도체,TW,428.05167034858295,428.12145992946887,422.9653095160842,425.20928955078125,6324700
2026-08-17,TSM,TSMC,반도체,TW,428.81960058579966,434.54423326408653,425.65806864619134,429.8169250488281,9479400
2026-08-18,TSM,TSMC,반도체,TW,415.8843158577059,418.5072841584035,409.6709732753676,412.3039245605469,14030100
2026-08-19,TSM,TSMC,반도체,TW,417.0112749257677,418.47734307689126,406.78869936774936,410.9874267578125,8424700
2026-08-20,TSM,TSMC,반도체,TW,407.50676819562125,416.8417102514157,406.62911782745056,414.886962890625,10447900
2026-08-21,TSM,TSMC,반도체,TW,421.88818905014637,424.5410758096839,415.5851214905981,417.8291015625,8947200
2026-08-24,TSM,TSMC,반도체,TW,412.7626718251857,413.2314155415877,404.0660012652502,409.022705078125,10645600
2026-08-25,TSM,TSMC,반도체,TW,413.4807505656338,418.64688404310664,412.9222512943355,416.293212890625,7049800
2026-08-26,TSM,TSMC,반도체,TW,417.33042504609745,419.6242590889689,413.30122577723006,416.57244873046875,7449300
2026-08-27,TSM,TSMC,반도체,TW,421.8881907227684,428.4905043488967,419.40486250618176,426.15673828125,12749800
2026-08-28,TSM,TSMC,반도체,TW,426.34621904220865,427.97186276412697,416.20344643812547,416.40289306640625,8896900
2026-08-31,TSM,TSMC,반도체,TW,416.1136946369368,422.6660931957735,413.4907264422157,414.20880126953125,6748000
2026-09-01,TSM,TSMC,반도체,TW,416.6821548272518,417.4999682040174,410.967505046027,412.892333984375,7920800
2026-09-02,TSM,TSMC,반도체,TW,412.0944716217608,415.3856301060939,410.1696123173359,414.3883056640625,6301000
2026-09-03,TSM,TSMC,반도체,TW,412.184238862332,416.18348929190125,406.72887279222175,415.894287109375,7827800
2026-09-04,TSM,TSMC,반도체,TW,420.751261216193,428.6700201111762,418.29785148990675,427.762451171875,12276300
2026-09-08,TSM,TSMC,반도체,TW,436.84805052201335,443.1012943868179,432.55956750356324,437.825439453125,13079900
2026-09-09,TSM,TSMC,반도체,TW,433.2975739902236,438.2243592304439,430.714507305319,434.1951599121094,7499300
2026-09-10,TSM,TSMC,반도체,TW,425.29905387099996,431.37275630452956,422.9154337535182,426.8847961425781,8368100
2026-09-11,TSM,TSMC,반도체,TW,430.39536028533865,434.20514704262274,427.75245654279814,432.0808410644531,10629200
2026-09-14,TSM,TSMC,반도체,TW,414.8969526697797,423.31437343193346,414.8969526697797,416.8916015625,14305900
2026-09-15,TSM,TSMC,반도체,TW,420.81109533222605,420.81109533222605,411.44620381558593,412.64300537109375,9452600
2026-09-16,TSM,TSMC,반도체,TW,418.20001220703125,419.8500061035156,413.8800048828125,417.7200012207031,10490900
2026-09-17,TSM,TSMC,반도체,TW,424.3999938964844,430.5299987792969,423.3900146484375,430.260009765625,12435700
2025-09-17,005930.KS,삼성전자,반도체,KR,78119.67684659091,79502.32599431818,77625.87357954546,79304.8046875,25619035
2025-09-21,005930.KS,삼성전자,반도체,KR,80489.9276758982,82958.94386227545,80094.88508607785,82465.140625,27529656
2025-09-22,005930.KS,삼성전자,반도체,KR,84736.63271103895,84835.39335522433,82563.89853896103,83650.265625,23610263
2025-09-23,005930.KS,삼성전자,반도체,KR,83156.46596896955,84440.35439841921,82662.66272687353,84341.59375,18300997
2025-09-24,005930.KS,삼성전자,반도체,KR,83353.9831228223,85131.67470601045,83057.70119229094,85032.9140625,19665151
2025-09-25,005930.KS,삼성전자,반도체,KR,83946.5481505102,84242.83008515906,81378.77138355342,82267.6171875,24071193
2025-09-28,005930.KS,삼성전자,반도체,KR,82634.66505529988,84321.08679112233,82535.46377672208,83527.4765625,13069094
2025-09-29,005930.KS,삼성전자,반도체,KR,83924.28396901072,84221.88781287246,82733.86859356376,83229.875,16319061
2025-09-30,005930.KS,삼성전자,반도체,KR,84221.87976017442,85511.49629360465,84023.47721656977,85313.09375,22039361
2025-10-01,005930.KS,삼성전자,반도체,KR,88586.75045264624,89578.7633356546,87991.54272284123,89033.15625,49883028
2025-10-09,005930.KS,삼성전자,반도체,KR,93249.20269465042,93745.20909196239,91959.5860616393,93646.0078125,35269748
2025-10-12,005930.KS,삼성전자,반도체,KR,90570.77121851554,92653.99815782423,89975.5635215702,92554.796875,23883308
2025-10-13,005930.KS,삼성전자,반도체,KR,94538.82246179039,95233.23144104803,89479.55704148472,90868.375,35545235
2025-10-14,005930.KS,삼성전자,반도체,KR,91562.77652138157,94538.81476151316,91364.37397203947,94241.2109375,21050111
2025-10-15,005930.KS,삼성전자,반도체,KR,94538.8177696392,96919.6484375,94241.2139361566,96919.6484375,28141060
2025-10-16,005930.KS,삼성전자,반도체,KR,96423.6379596527,98308.4621584525,95927.6315915475,97118.046875,22730809
2025-10-19,005930.KS,삼성전자,반도체,KR,97118.05057020897,97514.85567979103,95233.22629969419,97316.453125,17589756
2025-10-20,005930.KS,삼성전자,반도체,KR,97713.26282051281,99102.08076923077,96522.84743589743,96721.25,22803830
2025-10-21,005930.KS,삼성전자,반도체,KR,96324.44175488084,97812.4609375,94737.22129342039,97812.4609375,15937611
2025-10-22,005930.KS,삼성전자,반도체,KR,96026.83821243524,97713.25995790157,95530.83181670985,95729.234375,18488581
2025-10-23,005930.KS,삼성전자,반도체,KR,97118.05564429403,98209.26975265688,96919.65307913715,98010.8671875,18801925
2025-10-26,005930.KS,삼성전자,반도체,KR,100490.88797487745,101185.296875,99796.4790747549,101185.296875,22169970
2025-10-27,005930.KS,삼성전자,반도체,KR,100094.09135521358,100193.29263505025,98308.46831815327,98705.2734375,20002282
2025-10-28,005930.KS,삼성전자,반도체,KR,99399.68521455224,100193.29547574627,98308.47110541044,99697.2890625,20899788
2025-10-29,005930.KS,삼성전자,반도체,KR,101582.10951008646,104954.95298991355,101185.30439481269,103268.53125,34570017
2025-10-30,005930.KS,삼성전자,반도체,KR,104161.35065406977,107732.59696220931,102474.92878633722,106641.3828125,54824564
2025-11-02,005930.KS,삼성전자,반도체,KR,106046.17112961295,110609.43013051305,105649.3659990999,110212.625,30110066
2025-11-03,005930.KS,삼성전자,반도체,KR,110907.02880719733,111502.2364752145,104062.140625,104062.140625,30450281
2025-11-04,005930.KS,삼성전자,반도체,KR,100193.28948185884,101185.30224900597,95927.63458312624,99796.484375,44843020
2025-11-05,005930.KS,삼성전자,반도체,KR,102871.72140404486,102970.92267830142,98010.85896547379,98407.6640625,28655689
2025-11-06,005930.KS,삼성전자,반도체,KR,95630.02777068436,99498.877441905,95530.82649706333,97118.046875,22908083
2025-11-09,005930.KS,삼성전자,반도체,KR,97812.45884070576,100193.28948185884,97118.04990370278,99796.484375,23842327
2025-11-10,005930.KS,삼성전자,반도체,KR,102871.73069142512,105153.360205314,101185.3088768116,102673.328125,27742542
2025-11-11,005930.KS,삼성전자,반도체,KR,102177.31434893307,103070.1258335354,100788.49648399612,102276.515625,19413497
2025-11-12,005930.KS,삼성전자,반도체,KR,101681.31801738813,103367.73987718872,101482.91544564688,101978.921875,20838741
2025-11-13,005930.KS,삼성전자,반도체,KR,98209.26359953704,98804.47125771605,96423.640625,96423.640625,21806342
2025-11-16,005930.KS,삼성전자,반도체,KR,99002.8741612823,100193.28948185884,98705.27033113816,99796.484375,17192584
2025-11-17,005930.KS,삼성전자,반도체,KR,99002.87715682515,100094.09123370399,96721.24772335123,97018.8515625,18684068
2025-11-18,005930.KS,삼성전자,반도체,KR,96324.44204987047,96721.24716645078,93844.41007124353,95729.234375,18993346
2025-11-19,005930.KS,삼성전자,반도체,KR,100094.08820514413,102078.11373943837,98705.27033113816,99796.484375,25360435
2025-11-20,005930.KS,삼성전자,반도체,KR,94836.43061049578,96026.84605748944,93745.21645075158,94042.8203125,23103574
2025-11-23,005930.KS,삼성전자,반도체,KR,97018.85473759047,98209.27013314374,95431.63421018614,95927.640625,29831172
2025-11-24,005930.KS,삼성전자,반도체,KR,100590.09398602719,100590.09398602719,97018.84804569486,98506.8671875,16110054
2025-11-25,005930.KS,삼성전자,반도체,KR,99697.29229997568,102078.12316087063,98506.8768695282,101978.921875,21314975
2025-11-26,005930.KS,삼성전자,반도체,KR,103268.53582427536,104657.35378925121,101879.71785929952,102673.328125,16453004
2025-11-27,005930.KS,삼성전자,반도체,KR,102970.93138992538,102970.93138992538,99697.2890625,99697.2890625,15292277
2025-11-30,005930.KS,삼성전자,반도체,KR,101185.31389508929,101978.92420014882,99102.08684430804,99994.8984375,10905526
2025-12-01,005930.KS,삼성전자,반도체,KR,100391.69680851063,102673.32628143133,100193.29424564796,102574.125,13649487
2025-12-02,005930.KS,삼성전자,반도체,KR,103863.73849431818,104657.34872159091,103169.32954545454,103665.3359375,14697927
2025-12-03,005930.KS,삼성전자,반도체,KR,103070.13149678877,104260.546875,102375.72252616555,104260.546875,11931145
2025-12-04,005930.KS,삼성전자,반도체,KR,104458.94782057196,107534.1875,103764.53886070111,107534.1875,19755571
2025-12-07,005930.KS,삼성전자,반도체,KR,108823.80099172374,109121.40482305936,107137.37928082192,108625.3984375,15527762
2025-12-08,005930.KS,삼성전자,반도체,KR,108030.19389990775,108526.2002998155,106442.97342020295,107534.1875,13671800
2025-12-09,005930.KS,삼성전자,반도체,KR,107434.97881944444,108922.99791666667,106542.16736111112,107137.375,12365092
2025-12-10,005930.KS,삼성전자,반도체,KR,108327.79298695247,109617.40957013048,106442.96875,106442.96875,22994507
2025-12-11,005930.KS,삼성전자,반도체,KR,106244.57224948348,108030.1953125,105946.96840564738,108030.1953125,14210314
2025-12-14,005930.KS,삼성전자,반도체,KR,104458.95173097568,104954.95814945134,103764.54274510973,103962.9453125,20594654
2025-12-15,005930.KS,삼성전자,반도체,KR,104062.14887828307,104756.55787937743,101879.72058912939,101978.921875,18852079
2025-12-16,005930.KS,삼성전자,반도체,KR,102673.3234259152,107236.58224484476,102574.12214724282,107038.1796875,22297611
2025-12-17,005930.KS,삼성전자,반도체,KR,105550.17048094796,107335.79366577603,104855.76146462593,106740.5859375,20445631
2025-12-18,005930.KS,삼성전자,반도체,KR,108823.80446701552,108823.80446701552,105351.75965722013,105450.9609375,25917098
2025-12-21,005930.KS,삼성전자,반도체,KR,108823.80382494343,109617.4140625,108426.99870616515,109617.4140625,24859171
2025-12-22,005930.KS,삼성전자,반도체,KR,110014.22199411434,111601.4425098094,109518.21558295964,110609.4296875,20419187
2025-12-23,005930.KS,삼성전자,반도체,KR,111502.24167416741,111502.24167416741,110014.22243474347,110212.625,12492939
2025-12-25,005930.KS,삼성전자,반도체,KR,111502.23352029914,116065.4921875,111502.23352029914,116065.4921875,34018174
2025-12-28,005930.KS,삼성전자,반도체,KR,119022.1133629707,119321.16389905858,117825.91121861925,119121.796875,19676004
2025-12-29,005930.KS,삼성전자,반도체,KR,118723.06315158465,120816.41690992494,118324.32910237699,119520.53125,19746349
2026-01-01,005930.KS,삼성전자,반도체,KR,119819.5810311284,128093.3125,119819.5810311284,128093.3125,30463279
2026-01-04,005930.KS,삼성전자,반도체,KR,134174.01439174512,138161.35508689357,133177.179217958,137662.9375,42863376
2026-01-05,005930.KS,삼성전자,반도체,KR,134871.78438849893,138859.1246512779,132280.01321769258,138460.390625,45321341
2026-01-06,005930.KS,삼성전자,반도체,KR,143045.83776595743,143942.98936170212,137164.51063829786,140553.75,46317413
2026-01-07,005930.KS,삼성전자,반도체,KR,137862.30117525216,144042.67910212534,137862.30117525216,138360.71875,41449329
2026-01-08,005930.KS,삼성전자,반도체,KR,135569.57284172662,140254.69778552157,134772.10476618705,138560.078125,29520566
2026-01-11,005930.KS,삼성전자,반도체,KR,140553.7560788905,141550.59122838615,136466.7319659582,138360.71875,26271134
2026-01-12,005930.KS,삼성전자,반도체,KR,139357.5529387718,139756.28699582122,136466.73102516352,137164.515625,22384699
2026-01-13,005930.KS,삼성전자,반도체,KR,136566.41282074127,139855.96875,136367.0457947256,139855.96875,18444394
2026-01-14,005930.KS,삼성전자,반도체,KR,138560.08588863793,143544.26164002778,137862.30128344335,143444.578125,24701126
2026-01-15,005930.KS,삼성전자,반도체,KR,144840.14355271996,149026.8510745467,143843.3084284755,148428.75,30000219
2026-01-18,005930.KS,삼성전자,반도체,KR,146734.13060951105,150123.3700393503,146136.02953365707,148827.484375,22762497
2026-01-19,005930.KS,삼성전자,반도체,KR,148030.02485795456,148827.49300533746,143444.58301050274,144740.46875,24059218
2026-01-20,005930.KS,삼성전자,반도체,KR,141450.91200877927,149325.90992892976,141351.2284908027,149026.859375,31703610
2026-01-21,005930.KS,삼성전자,반도체,KR,154509.43912097832,156503.1093031845,150322.73173834538,151817.984375,32073624
2026-01-22,005930.KS,삼성전자,반도체,KR,154210.38047542734,155506.26602564103,149624.9392977482,151618.609375,25407497
2026-01-25,005930.KS,삼성전자,반도체,KR,154409.74748315255,155905.0000410914,151020.50835182448,151618.609375,20561689
2026-01-26,005930.KS,삼성전자,반도체,KR,150023.6869612069,158995.203125,148727.80129310343,158995.203125,29423670
2026-01-27,005930.KS,삼성전자,반도체,KR,162085.3826393165,162783.16718942425,159692.97846751846,161886.015625,29456431
2026-01-28,005930.KS,삼성전자,반도체,KR,165673.9994943995,166072.73354853765,156602.79976275668,160191.40625,36087223
2026-01-29,005930.KS,삼성전자,반도체,KR,159593.2972157321,165973.0417640187,159593.2972157321,159992.03125,40557267
2026-02-01,005930.KS,삼성전자,반도체,KR,155207.2260638298,159094.88297872338,149924.0,149924.0,39748369
2026-02-02,005930.KS,삼성전자,반도체,KR,157400.27301305972,166969.890625,156702.4883955224,166969.890625,36529813
2026-02-03,005930.KS,삼성전자,반도체,KR,162982.55114392372,168863.87867755766,162583.81707384685,168564.828125,29943042
2026-02-04,005930.KS,삼성전자,반도체,KR,161487.29872881356,163480.96908349026,157998.3756081293,158795.84375,38435228
2026-02-05,005930.KS,삼성전자,반도체,KR,153612.2889245744,159792.66654516078,151120.20117433797,158098.046875,36358081
2026-02-08,005930.KS,삼성전자,반도체,KR,168066.39657827525,168166.08008751503,164477.79024564303,165873.359375,25098971
2026-02-09,005930.KS,삼성전자,반도체,KR,166870.20184333535,167567.98643885707,164976.21508406213,165275.265625,19369566
2026-02-10,005930.KS,삼성전자,반도체,KR,163480.9639451728,168066.4056168057,161487.29365315853,167268.9375,22760242
2026-02-11,005930.KS,삼성전자,반도체,KR,170658.17021276595,179031.58510638296,169561.65159574468,178034.75,41296011
2026-02-12,005930.KS,삼성전자,반도체,KR,178931.9114755795,183816.4037665563,178333.81037872517,180626.53125,34454192
2026-02-18,005930.KS,삼성전자,반도체,KR,187405.00164473685,190295.82347861843,186507.85004111842,189398.671875,27049388
2026-02-19,005930.KS,삼성전자,반도체,KR,189398.67586138874,189697.72640222253,188003.10667083116,189498.359375,24213880
2026-02-22,005930.KS,삼성전자,반도체,KR,193784.7567357513,196974.6292746114,189897.09957901554,192389.1875,26364684
2026-02-23,005930.KS,삼성전자,반도체,KR,192389.170078125,199367.015625,191392.33500000002,199367.015625,28060617
2026-02-24,005930.KS,삼성전자,반도체,KR,201859.11797450858,205348.0410012285,200363.8652487715,202855.953125,26987996
2026-02-25,005930.KS,삼성전자,반도체,KR,205846.44348480503,218306.88195240824,205348.0259461009,217310.046875,30095763
2026-02-26,005930.KS,삼성전자,반도체,KR,209335.36879330254,222294.22495669746,209335.36879330254,215814.796875,51774768
2026-03-02,005930.KS,삼성전자,반도체,KR,208836.95692913892,211827.46227895952,194482.53125,194482.53125,54879010
2026-03-03,005930.KS,삼성전자,반도체,KR,183617.02090592333,195279.9912891986,171355.9494773519,171655.0,89427954
2026-03-04,005930.KS,삼성전자,반도체,KR,194382.84878979647,199067.97386319155,187504.68644800366,190993.609375,53959129
2026-03-05,005930.KS,삼성전자,반도체,KR,185511.0057369155,189099.61197363178,180427.1469015675,187604.359375,29522650
2026-03-08,005930.KS,삼성전자,반도체,KR,172950.90625,174944.576639049,166770.5280439481,172950.90625,43066020
2026-03-09,005930.KS,삼성전자,반도체,KR,187006.26197445448,190893.91880654602,183716.70619345395,187305.3125,33530170
2026-03-10,005930.KS,삼성전자,반도체,KR,192389.17722039475,194183.48042763158,187105.95111019738,189398.671875,24311356
2026-03-11,005930.KS,삼성전자,반도체,KR,186009.42688930282,189398.66617881853,185311.64232969665,187305.3125,20440753
2026-03-12,005930.KS,삼성전자,반도체,KR,179430.32697547684,185610.70490463215,179330.64346049045,182919.25,19566331
2026-03-15,005930.KS,삼성전자,반도체,KR,184015.75738606253,188401.83177662958,183018.9222972973,188102.78125,19747901
2026-03-16,005930.KS,삼성전자,반도체,KR,197373.3520822589,197373.3520822589,192488.86003577875,193286.328125,20300082
2026-03-17,005930.KS,삼성전자,반도체,KR,199865.44394484413,208338.54256594722,199067.97583932852,207840.125,25148481
2026-03-18,005930.KS,삼성전자,반도체,KR,199267.33644014964,204351.1954488778,198968.28591022445,199865.4375,19884483
2026-03-19,005930.KS,삼성전자,반도체,KR,201360.6931732698,201859.11073062939,198370.1878291123,198768.921875,35279762
2026-03-22,005930.KS,삼성전자,반도체,KR,189897.08232689212,190594.86688137412,185710.375,185710.375,30268173
2026-03-23,005930.KS,삼성전자,반도체,KR,194881.26877965208,195379.68634686348,184912.91743542437,189099.625,25458914
2026-03-24,005930.KS,삼성전자,반도체,KR,193086.9689649471,195778.4238756614,188401.84375,188401.84375,22995904
2026-03-25,005930.KS,삼성전자,반도체,KR,184912.90949472514,185311.64353137146,178333.79789006108,179530.0,32074131
2026-03-26,005930.KS,삼성전자,반도체,KR,171555.31926707385,181124.9361465852,171455.63575791227,179530.0,29138966
2026-03-29,005930.KS,삼성전자,반도체,KR,170811.61993051617,176455.39567675837,170412.06058564945,176105.78125,22269147
2026-03-30,005930.KS,삼성전자,반도체,KR,169812.72802033494,174507.55050089714,166816.0328199761,167015.8125,38659593
2026-03-31,005930.KS,삼성전자,반도체,KR,178802.81035789612,190589.81126417086,177803.91197600844,189441.078125,32390251
2026-04-01,005930.KS,삼성전자,반도체,KR,192387.82556754485,193386.72393497758,174807.2143007287,178203.46875,38615231
2026-04-02,005930.KS,삼성전자,반도체,KR,183997.07827604725,186993.77336197637,182498.73073308272,185994.875,20194447
2026-04-05,005930.KS,삼성전자,반도체,KR,190689.70476760744,194385.62885163128,189890.58604673744,192887.28125,20635958
2026-04-06,005930.KS,삼성전자,반도체,KR,201777.47232824427,202276.92151717556,192188.04790076334,196283.53125,30848053
2026-04-07,005930.KS,삼성전자,반도체,KR,213764.25371140143,214263.7029023159,207271.41422951306,210268.109375,35890973
2026-04-08,005930.KS,삼성전자,반도체,KR,206771.9607077206,207271.40988817404,201777.4689031863,203775.265625,42320839
2026-04-09,005930.KS,삼성전자,반도체,KR,208270.3084041262,210767.5543082524,205273.61331917474,205773.0625,18244459
2026-04-12,005930.KS,삼성전자,반도체,KR,197981.66260883084,202776.3749222637,197981.66260883084,200778.578125,19603415
2026-04-13,005930.KS,삼성전자,반도체,KR,207770.8631961259,209768.65995762713,205273.61724424938,206272.515625,23672078
2026-04-14,005930.KS,삼성전자,반도체,KR,214763.15610189573,215262.6053021327,209768.66409952607,210767.5625,24092884
2026-04-15,005930.KS,삼성전자,반도체,KR,211766.46494252872,217759.8554597701,210268.1173132184,217260.40625,21499788
2026-04-16,005930.KS,삼성전자,반도체,KR,216760.94524016202,217759.84360532407,214763.14850983795,215762.046875,18079322
2026-04-19,005930.KS,삼성전자,반도체,KR,214263.703125,218758.7458479021,212765.35555069929,214263.703125,17107741
2026-04-20,005930.KS,삼성전자,반도체,KR,217759.85159817353,219757.64840182647,215762.05479452055,218758.75,16752132
2026-04-21,005930.KS,삼성전자,반도체,KR,218259.30466954023,222254.89834770115,215262.60941091954,217260.40625,16823480
2026-04-22,005930.KS,삼성전자,반도체,KR,222754.339922049,229247.17942650334,215762.0512249443,224252.6875,34525485
2026-04-23,005930.KS,삼성전자,반도체,KR,223753.2460136674,224752.1444333713,216261.50786588836,219258.203125,19626666
2026-04-26,005930.KS,삼성전자,반도체,KR,219757.644766147,225751.035077951,218259.29718819598,224252.6875,22870374
2026-04-27,005930.KS,삼성전자,반도체,KR,223753.23423423423,225751.03096846846,221255.98831644145,221755.4375,18444490
2026-04-28,005930.KS,삼성전자,반도체,KR,219258.1918556416,227748.82798672566,218259.29348727877,225751.03125,20363756
2026-04-29,005930.KS,삼성전자,반도체,KR,228747.7300170068,229746.62840136053,220257.09375,220257.09375,22161975
2026-05-03,005930.KS,삼성전자,반도체,KR,227748.8322580645,232243.875,223753.23870967742,232243.875,32920816
2026-05-05,005930.KS,삼성전자,반도체,KR,253720.1882048872,269702.56226503756,250723.493068609,265706.96875,53097996
2026-05-06,005930.KS,삼성전자,반도체,KR,271700.35543278087,276694.8472605893,259713.57504604053,271200.90625,41404687
2026-05-07,005930.KS,삼성전자,반도체,KR,259713.58240223466,269702.56634078216,259713.58240223466,268204.21875,25875880
2026-05-10,005930.KS,삼성전자,반도체,KR,284186.6015761821,288182.1952714536,279691.55866900174,285185.5,36031094
2026-05-11,005930.KS,삼성전자,반도체,KR,289680.53875448025,291178.8863687276,265706.97692652326,278692.65625,41211149
2026-05-12,005930.KS,삼성전자,반도체,KR,263709.1875,285185.50390625,261711.390625,283687.15625,35540134
2026-05-13,005930.KS,삼성전자,반도체,KR,281689.359375,299170.08203125,281689.359375,295673.9375,39314752
2026-05-14,005930.KS,삼성전자,반도체,KR,290679.41589648795,296173.35674676526,265706.95748613676,270202.0,38075487
2026-05-17,005930.KS,삼성전자,반도체,KR,269203.10642793594,288182.17515569396,261711.36877224199,280690.4375,33555214
2026-05-18,005930.KS,삼성전자,반도체,KR,273698.15245009074,281189.89019963704,265706.9655172414,275196.5,30767569
2026-05-19,005930.KS,삼성전자,반도체,KR,277693.765625,282188.80859375,263209.73828125,275695.96875,35662077
2026-05-20,005930.KS,삼성전자,반도체,KR,290679.4263355593,299170.0625,286683.8328464107,299170.0625,36168689
2026-05-21,005930.KS,삼성전자,반도체,KR,299669.51923076925,300168.9684294872,291678.33205128205,292177.78125,18395274
2026-05-25,005930.KS,삼성전자,반도체,KR,297671.7265886288,301667.3202341137,297172.27738294314,298670.625,23441371
2026-05-26,005930.KS,삼성전자,반도체,KR,321145.8394747557,322644.18709283386,305662.91408794787,306661.8125,33916688
2026-05-27,005930.KS,삼성전자,반도체,KR,304664.00354757934,306162.35110601,287183.28203255427,299170.0625,30195334
2026-05-28,005930.KS,삼성전자,반도체,KR,309159.043523265,318648.5779771293,305163.4500690063,316650.78125,37241537
2026-05-31,005930.KS,삼성전자,반도체,KR,319148.02932485676,354109.47228689113,319148.02932485676,348615.53125,45052488
2026-06-01,005930.KS,삼성전자,반도체,KR,360102.875,369592.4098474341,341623.25450762827,360102.875,44720282
2026-06-03,005930.KS,삼성전자,반도체,KR,348615.5352951636,365596.8077880512,347616.636913229,351112.78125,34771037
2026-06-04,005930.KS,삼성전자,반도체,KR,333132.6051481763,342622.1396276596,324641.9690349544,328637.5625,33725012
2026-06-07,005930.KS,삼성전자,반도체,KR,292677.222821489,315152.43617808796,292177.7736357868,295174.46875,38929682
2026-06-08,005930.KS,삼성전자,반도체,KR,309658.50058229815,323643.0780279503,299669.5166925466,321645.28125,30124249
2026-06-09,005930.KS,삼성전자,반도체,KR,310657.3859504132,314153.53016528924,294924.7369834711,302166.75,1191
2026-06-10,005930.KS,삼성전자,반도체,KR,290179.9885033445,306162.3630852843,287183.29326923075,298670.625,31420307
2026-06-11,005930.KS,삼성전자,반도체,KR,325640.8629844961,338626.54156976746,319647.47286821704,322144.71875,31006148
2026-06-14,005930.KS,삼성전자,반도체,KR,342122.6910237389,344120.48775964393,333632.05489614245,336628.75,21500067
2026-06-15,005930.KS,삼성전자,반도체,KR,342622.15625,345119.4022868076,332133.72289540817,342622.15625,17548685
2026-06-16,005930.KS,삼성전자,반도체,KR,331634.25505050505,347616.6287878788,331134.80587121216,346118.28125,18134051
2026-06-17,005930.KS,삼성전자,반도체,KR,344619.9349137931,362600.10543103446,344120.48573275865,362100.65625,32764450
2026-06-18,005930.KS,삼성전자,반도체,KR,372089.65152718924,374087.44831391243,345868.56870144774,353610.03125,43284898
2026-06-21,005930.KS,삼성전자,반도체,KR,342622.16027227725,362600.128801273,341623.26184582745,353110.59375,24330451
2026-06-22,005930.KS,삼성전자,반도체,KR,347117.18951612903,352611.13064516126,309658.5,309658.5,41266630
2026-06-23,005930.KS,삼성전자,반도체,KR,313654.098568282,340624.35545154184,313654.098568282,340124.90625,47809959
2026-06-24,005930.KS,삼성전자,반도체,KR,359103.96086122736,362100.6559449093,351612.2231520223,358105.0625,36157158
2026-06-25,005930.KS,삼성전자,반도체,KR,353610.02650957287,356107.27245949925,321145.8291605302,339126.0,39735951
2026-06-28,005930.KS,삼성전자,반도체,KR,331000.0,335500.0,316000.0,323000.0,35436521
2026-06-29,005930.KS,삼성전자,반도체,KR,323500.0,343000.0,321000.0,334000.0,29237216
2026-06-30,005930.KS,삼성전자,반도체,KR,334500.0,339000.0,311500.0,314500.0,24968382
2026-07-01,005930.KS,삼성전자,반도체,KR,290000.0,304000.0,281500.0,286000.0,38905074
2026-07-02,005930.KS,삼성전자,반도체,KR,288500.0,313000.0,283500.0,309500.0,31520538
2026-07-05,005930.KS,삼성전자,반도체,KR,320000.0,325000.0,303000.0,318000.0,23872879
2026-07-06,005930.KS,삼성전자,반도체,KR,307000.0,310000.0,286000.0,296000.0,32421032
2026-07-07,005930.KS,삼성전자,반도체,KR,285500.0,300000.0,273500.0,277500.0,33525758
2026-07-08,005930.KS,삼성전자,반도체,KR,288500.0,291500.0,267500.0,278000.0,29703616
2026-07-09,005930.KS,삼성전자,반도체,KR,291000.0,298000.0,282000.0,285000.0,20088811
2026-07-12,005930.KS,삼성전자,반도체,KR,285000.0,292500.0,253000.0,254500.0,31882652
2026-07-13,005930.KS,삼성전자,반도체,KR,255000.0,270000.0,247000.0,263000.0,40086496
2026-07-14,005930.KS,삼성전자,반도체,KR,283500.0,284500.0,273000.0,279500.0,24873414
2026-07-15,005930.KS,삼성전자,반도체,KR,264500.0,265500.0,252500.0,255000.0,27001478
2026-07-19,005930.KS,삼성전자,반도체,KR,241000.0,257500.0,240000.0,244000.0,26804038
2026-07-20,005930.KS,삼성전자,반도체,KR,247000.0,263500.0,243000.0,259000.0,20386896
2026-07-21,005930.KS,삼성전자,반도체,KR,276000.0,276000.0,260000.0,260500.0,22292003
2026-07-22,005930.KS,삼성전자,반도체,KR,269000.0,273000.0,263000.0,270000.0,16011816
2026-07-23,005930.KS,삼성전자,반도체,KR,266000.0,266500.0,247000.0,249500.0,26175580
2026-07-26,005930.KS,삼성전자,반도체,KR,257000.0,258500.0,246000.0,254000.0,23296044
2026-07-27,005930.KS,삼성전자,반도체,KR,238500.0,240000.0,218500.0,220000.0,41639623
2026-07-28,005930.KS,삼성전자,반도체,KR,226500.0,234000.0,189200.0,208500.0,65555523
2026-07-29,005930.KS,삼성전자,반도체,KR,214000.0,226000.0,202000.0,207000.0,46694193
2026-07-30,005930.KS,삼성전자,반도체,KR,257000.0,267000.0,243000.0,262500.0,58478873
2026-08-02,005930.KS,삼성전자,반도체,KR,248000.0,249500.0,238000.0,239500.0,27825493
2026-08-03,005930.KS,삼성전자,반도체,KR,244500.0,244500.0,228000.0,240000.0,29433821
2026-08-04,005930.KS,삼성전자,반도체,KR,254000.0,254500.0,244000.0,246000.0,22577128
2026-08-05,005930.KS,삼성전자,반도체,KR,241500.0,246000.0,228000.0,230500.0,26101823
2026-08-06,005930.KS,삼성전자,반도체,KR,235000.0,239500.0,229000.0,231000.0,20546010
2026-08-09,005930.KS,삼성전자,반도체,KR,236000.0,238500.0,228500.0,230000.0,16327805
2026-08-10,005930.KS,삼성전자,반도체,KR,229500.0,243000.0,227500.0,239500.0,23310969
2026-08-11,005930.KS,삼성전자,반도체,KR,243500.0,260500.0,241000.0,255500.0,27102479
2026-08-12,005930.KS,삼성전자,반도체,KR,267500.0,271000.0,262500.0,268000.0,35530867
2026-08-13,005930.KS,삼성전자,반도체,KR,275000.0,275500.0,266000.0,274500.0,21669476
2026-08-17,005930.KS,삼성전자,반도체,KR,283000.0,288000.0,265000.0,268500.0,24464621
2026-08-18,005930.KS,삼성전자,반도체,KR,251500.0,254500.0,246500.0,247500.0,22788552
2026-08-19,005930.KS,삼성전자,반도체,KR,257000.0,273000.0,252500.0,271000.0,26095919
2026-08-20,005930.KS,삼성전자,반도체,KR,267000.0,285000.0,266000.0,281500.0,27746471
2026-08-23,005930.KS,삼성전자,반도체,KR,271500.0,272000.0,255000.0,257000.0,32451940
2026-08-24,005930.KS,삼성전자,반도체,KR,249000.0,258000.0,245000.0,257000.0,21617407
2026-08-25,005930.KS,삼성전자,반도체,KR,256500.0,266500.0,255500.0,261500.0,19532523
2026-08-26,005930.KS,삼성전자,반도체,KR,270000.0,271000.0,262500.0,266000.0,16829395
2026-08-27,005930.KS,삼성전자,반도체,KR,262500.0,266000.0,256000.0,257000.0,15106746
2026-08-30,005930.KS,삼성전자,반도체,KR,249000.0,260000.0,246000.0,260000.0,18270969
2026-08-31,005930.KS,삼성전자,반도체,KR,256500.0,262500.0,254000.0,261000.0,15319615
2026-09-01,005930.KS,삼성전자,반도체,KR,252000.0,255500.0,249500.0,250500.0,15176841
2026-09-02,005930.KS,삼성전자,반도체,KR,254000.0,255000.0,243000.0,250000.0,13756022
2026-09-03,005930.KS,삼성전자,반도체,KR,254000.0,259000.0,252500.0,255500.0,14031862
2026-09-06,005930.KS,삼성전자,반도체,KR,267000.0,270000.0,264000.0,270000.0,18314016
2026-09-07,005930.KS,삼성전자,반도체,KR,272000.0,279000.0,269000.0,269500.0,22716517
2026-09-08,005930.KS,삼성전자,반도체,KR,269500.0,275000.0,267500.0,269500.0,16370962
2026-09-09,005930.KS,삼성전자,반도체,KR,269000.0,270500.0,263500.0,269000.0,22517075
2026-09-10,005930.KS,삼성전자,반도체,KR,258000.0,261500.0,256500.0,259500.0,13939111
2026-09-13,005930.KS,삼성전자,반도체,KR,249500.0,254500.0,248500.0,249000.0,17776098
2026-09-14,005930.KS,삼성전자,반도체,KR,248000.0,252000.0,246000.0,248500.0,11435506
2026-09-15,005930.KS,삼성전자,반도체,KR,248000.0,254000.0,247500.0,253500.0,11757106
2026-09-16,005930.KS,삼성전자,반도체,KR,257000.0,259000.0,251500.0,252500.0,11827514
2026-09-17,005930.KS,삼성전자,반도체,KR,261000.0,262000.0,257500.0,261000.0,18631582
2025-09-18,ASML,ASML,반도체,NL,922.5931840962506,932.5376928587309,910.0359406561616,921.7288818359375,3176100
2025-09-19,ASML,ASML,반도체,NL,920.0101830999671,932.5078816915335,919.8114796911991,926.0504150390625,2410200
2025-09-22,ASML,ASML,반도체,NL,954.6321721022479,958.22847966498,947.3501798507093,951.5325927734375,1885000
2025-09-23,ASML,ASML,반도체,NL,958.0992745874239,971.0837572088097,949.74433281634,957.2052001953125,1664800
2025-09-24,ASML,ASML,반도체,NL,943.50542974167,947.3600456150706,934.7928579153163,940.74365234375,1400700
2025-09-25,ASML,ASML,반도체,NL,932.0608415432263,946.4261828187862,930.9878916129946,943.3365478515625,1272600
2025-09-26,ASML,ASML,반도체,NL,940.0482827045977,948.9695028025544,936.5811291702523,945.2937622070312,955200
2025-09-29,ASML,ASML,반도체,NL,957.4237625615306,965.7092160118251,956.0726763457752,956.3110961914062,1213800
2025-09-30,ASML,ASML,반도체,NL,961.7055887259944,969.255894352754,956.7681391273325,961.7553100585938,1303600
2025-10-01,ASML,ASML,반도체,NL,959.2915327759255,998.7814293245407,958.5067239564164,996.7051391601562,1963800
2025-10-02,ASML,ASML,반도체,NL,1032.2012539647048,1033.423185997617,1015.2032286180248,1023.4290771484375,1689100
2025-10-03,ASML,ASML,반도체,NL,1024.2535884216857,1033.0456536509203,1018.7498009437402,1025.465576171875,1352300
2025-10-06,ASML,ASML,반도체,NL,1033.6317524153599,1052.0703620128156,1033.2940111843418,1036.47314453125,1385400
2025-10-07,ASML,ASML,반도체,NL,1036.0062161902745,1038.0130177584977,994.4499737328994,995.741455078125,1667800
2025-10-08,ASML,ASML,반도체,NL,971.5507860077827,985.1015470767868,971.0242249631912,981.3462524414062,1947000
2025-10-09,ASML,ASML,반도체,NL,978.9023024628682,981.0680909136777,965.1528989583367,974.123779296875,1496000
2025-10-10,ASML,ASML,반도체,NL,964.3382744920563,969.8122294070682,929.2891007181343,930.0640258789062,2933900
2025-10-13,ASML,ASML,반도체,NL,965.3714725455909,978.7334746974587,960.6426098685783,978.2168579101562,2223900
2025-10-14,ASML,ASML,반도체,NL,961.1294144552559,986.9791104690592,959.6789461859731,976.7465209960938,2422100
2025-10-15,ASML,ASML,반도체,NL,1023.3893754164808,1026.240590793671,987.0387744703893,1003.2023315429688,2900300
2025-10-16,ASML,ASML,반도체,NL,1030.3833171304361,1042.5133821340082,1004.4838383798077,1012.9183349609375,1938400
2025-10-17,ASML,ASML,반도체,NL,1013.9117781527381,1026.0120708332754,1008.3583297358327,1022.5349731445312,1663700
2025-10-20,ASML,ASML,반도체,NL,1024.9987168942193,1045.2851417479812,1024.740408509295,1035.3306884765625,1271700
2025-10-21,ASML,ASML,반도체,NL,1029.528906205876,1030.6911726321514,1017.4484418847752,1018.312744140625,1072200
2025-10-22,ASML,ASML,반도체,NL,1019.7333826974535,1026.419446855013,991.1417359679252,1004.9508056640625,1328600
2025-10-23,ASML,ASML,반도체,NL,997.9468349149877,1033.691376517899,997.9269463836902,1029.628173828125,1318200
2025-10-24,ASML,ASML,반도체,NL,1031.1383160617443,1036.5724937884238,1025.4259414213177,1026.33984375,1032700
2025-10-27,ASML,ASML,반도체,NL,1043.1392136408454,1053.7890376477676,1042.4934426959721,1053.0439453125,1265600
2025-10-28,ASML,ASML,반도체,NL,1049.8848173233428,1053.6996561078954,1044.8479252459797,1045.593017578125,856900
2025-10-29,ASML,ASML,반도체,NL,1065.5412655170387,1072.6072964974296,1059.7490225948534,1065.7203369140625,1530000
2025-10-30,ASML,ASML,반도체,NL,1067.5515729512313,1080.9172961209474,1065.4914015837091,1070.3082275390625,1283100
2025-10-31,ASML,ASML,반도체,NL,1066.556320568512,1068.1486466251815,1046.3732506746585,1054.165771484375,1179400
2025-11-03,ASML,ASML,반도체,NL,1057.9377231057133,1068.268101207521,1057.907837378842,1061.719482421875,868100
2025-11-04,ASML,ASML,반도체,NL,1044.9301920099383,1058.1766158671019,1023.9111705523727,1025.2149658203125,1735100
2025-11-05,ASML,ASML,반도체,NL,1026.1703423638687,1045.6169615563233,1025.8718495396654,1038.7598876953125,1169400
2025-11-06,ASML,ASML,반도체,NL,1034.9084120742841,1036.5505478382406,1021.5326045913098,1024.2794189453125,1073000
2025-11-07,ASML,ASML,반도체,NL,1026.170312272865,1030.4498026745964,992.0542356859734,1012.0979614257812,1841900
2025-11-10,ASML,ASML,반도체,NL,1031.8132465328993,1037.804484492827,1016.1882957137511,1033.8236083984375,992900
2025-11-11,ASML,ASML,반도체,NL,1026.8371950637586,1032.022247521364,1012.9140900507233,1017.5318603515625,1026000
2025-11-12,ASML,ASML,반도체,NL,1025.2348409070405,1033.733928571431,1020.3283577740378,1032.3704833984375,961900
2025-11-13,ASML,ASML,반도체,NL,1036.0130528801326,1036.8788885805752,1004.6835771157271,1014.9840698242188,1406300
2025-11-14,ASML,ASML,반도체,NL,984.5701840768944,1013.2026552942158,976.3098781939539,1002.1656494140625,1307800
2025-11-17,ASML,ASML,반도체,NL,999.9164371134897,1020.0995082481235,999.4686371435722,1015.1234130859375,1691500
2025-11-18,ASML,ASML,반도체,NL,1006.2460393081024,1012.8542472754447,989.2377199423597,999.2595825195312,1414000
2025-11-19,ASML,ASML,반도체,NL,1000.961474078718,1039.7351690315904,1000.1951359794489,1034.3609619140625,1587800
2025-11-20,ASML,ASML,반도체,NL,1037.247126226578,1045.9254071454675,972.3290073344346,976.3496704101562,2055100
2025-11-21,ASML,ASML,반도체,NL,958.7442157178209,973.8615950155989,941.5866495838876,961.9488525390625,2481800
2025-11-24,ASML,ASML,반도체,NL,972.9460435723502,990.3823007800361,972.9162185873686,983.0972900390625,1628100
2025-11-25,ASML,ASML,반도체,NL,989.0785236648036,1002.066119569694,969.0845470683039,998.423583984375,1193000
2025-11-26,ASML,ASML,반도체,NL,1035.6946712341205,1049.9561167433937,1032.3407878344178,1035.9931640625,1572400
2025-11-28,ASML,ASML,반도체,NL,1035.4259808218844,1055.2109414826868,1030.489611451637,1054.9322509765625,939700
2025-12-01,ASML,ASML,반도체,NL,1050.9811691267425,1086.082563342546,1049.42856914447,1082.788330078125,2103100
2025-12-02,ASML,ASML,반도체,NL,1084.4006110432158,1107.887756251176,1083.4751253622114,1103.47900390625,1426000
2025-12-03,ASML,ASML,반도체,NL,1104.9319589360043,1136.2614343580346,1100.3340519068843,1135.46533203125,2059500
2025-12-04,ASML,ASML,반도체,NL,1117.163254983266,1124.1397501529634,1096.9006099643077,1104.772705078125,1511800
2025-12-05,ASML,ASML,반도체,NL,1116.5662042927668,1123.980537899958,1093.0093247564334,1094.2135009765625,1054400
2025-12-08,ASML,ASML,반도체,NL,1113.470834277663,1128.7575045612575,1108.703818023527,1114.336669921875,1118800
2025-12-09,ASML,ASML,반도체,NL,1102.603106137961,1110.405588740183,1100.3240158519714,1106.1260986328125,904700
2025-12-10,ASML,ASML,반도체,NL,1104.0960108806412,1118.5863367148172,1093.626287297415,1113.968505859375,1093600
2025-12-11,ASML,ASML,반도체,NL,1109.4203919091615,1122.3582390451284,1090.2325402307051,1117.4716796875,1403600
2025-12-12,ASML,ASML,반도체,NL,1104.086085923441,1109.231412191265,1072.0399593466832,1075.6824951171875,1623000
2025-12-15,ASML,ASML,반도체,NL,1084.1418549383056,1092.4618716725283,1074.4285072275948,1082.619140625,1283400
2025-12-16,ASML,ASML,반도체,NL,1076.3592985863559,1082.8581082017506,1060.843745978203,1070.905517578125,956300
2025-12-17,ASML,ASML,반도체,NL,1055.6985140737108,1060.0276925740236,1005.1811861918223,1010.5752563476562,2140900
2025-12-18,ASML,ASML,반도체,NL,1042.9596349157387,1046.7813633778276,1030.2009806841588,1031.35546875,1645400
2025-12-19,ASML,ASML,반도체,NL,1037.575582496255,1057.5993839851553,1037.575582496255,1050.97119140625,2319600
2025-12-22,ASML,ASML,반도체,NL,1060.9035312134042,1062.0580193537032,1044.9800260544787,1051.9266357421875,703700
2025-12-23,ASML,ASML,반도체,NL,1052.8820489007308,1059.659549366202,1050.6428058990177,1056.763427734375,543600
2025-12-24,ASML,ASML,반도체,NL,1054.752959988802,1061.6996907423422,1052.3843338804484,1060.42578125,229800
2025-12-26,ASML,ASML,반도체,NL,1061.1522921169035,1070.945213368558,1057.9974040524912,1067.6212158203125,363800
2025-12-29,ASML,ASML,반도체,NL,1059.4903095907778,1068.517014893118,1055.997080818154,1060.903564453125,424300
2025-12-30,ASML,ASML,반도체,NL,1079.39462674702,1080.8676529806141,1065.3024125577892,1067.01416015625,807300
2025-12-31,ASML,ASML,반도체,NL,1075.0654113880948,1075.3739875947094,1063.8095475617026,1064.7449951171875,561300
2026-01-02,ASML,ASML,반도체,NL,1128.3395688946841,1167.1630740654318,1128.0608784016413,1158.216064453125,2697900
2026-01-05,ASML,ASML,반도체,NL,1205.4292758894799,1231.9419278801083,1205.4292758894799,1222.318115234375,3290600
2026-01-06,ASML,ASML,반도체,NL,1216.9737104122748,1240.4211296430278,1216.5757199799525,1236.2510986328125,1895800
2026-01-07,ASML,ASML,반도체,NL,1221.5816588187279,1229.851988009863,1216.1577632157632,1222.5968017578125,1351200
2026-01-08,ASML,ASML,반도체,NL,1211.440373973609,1218.6855979546738,1170.3776254567595,1188.6099853515625,1682300
2026-01-09,ASML,ASML,반도체,NL,1226.9558052816258,1275.8708468347609,1215.1525216982045,1267.7896728515625,2394500
2026-01-12,ASML,ASML,반도체,NL,1250.0549062895186,1277.4234303403898,1249.248720540222,1275.1044921875,1488600
2026-01-13,ASML,ASML,반도체,NL,1276.1891779448029,1285.3054180247855,1262.0571167027276,1264.08740234375,1374200
2026-01-14,ASML,ASML,반도체,NL,1261.0618694161828,1267.1824904421621,1243.6455372615142,1257.6781005859375,1536500
2026-01-15,ASML,ASML,반도체,NL,1347.1683089831079,1351.5074493968766,1323.6413164196215,1325.233642578125,2858400
2026-01-16,ASML,ASML,반도체,NL,1349.2283950935466,1368.7944358604086,1331.8419472446212,1352.07470703125,2469100
2026-01-20,ASML,ASML,반도체,NL,1312.813378577127,1344.7997341583607,1305.0407807909066,1319.7301025390625,2970800
2026-01-21,ASML,ASML,반도체,NL,1325.6317340996209,1364.445275863799,1316.3463843820168,1353.58740234375,2387200
2026-01-22,ASML,ASML,반도체,NL,1386.9870449941645,1392.1124473682014,1366.7144379269691,1388.33056640625,1844200
2026-01-23,ASML,ASML,반도체,NL,1369.7398907097383,1386.6984629560325,1356.7523544183316,1382.399169921875,1556300
2026-01-26,ASML,ASML,반도체,NL,1379.2442939839666,1413.1613172929801,1378.5377272962915,1406.5928955078125,2001300
2026-01-27,ASML,ASML,반도체,NL,1410.8523635098238,1466.5447817562306,1410.2253706591666,1447.6356201171875,3473900
2026-01-28,ASML,ASML,반도체,NL,1485.8620974059158,1486.3397831299687,1401.3182845306499,1416.1171875,5036800
2026-01-29,ASML,ASML,반도체,NL,1452.3430267533329,1460.4740102175256,1392.401002142678,1448.2030029296875,2818900
2026-01-30,ASML,ASML,반도체,NL,1433.1552261279992,1459.4190704552896,1409.2400840926111,1416.1966552734375,2358800
2026-02-02,ASML,ASML,반도체,NL,1390.559834608579,1446.212526775552,1388.7286656006336,1434.498779296875,1766600
2026-02-03,ASML,ASML,반도체,NL,1429.1744533587967,1438.897763254804,1365.3510485934776,1389.2064208984375,2205100
2026-02-04,ASML,ASML,반도체,NL,1389.0869195186442,1399.3774502465433,1309.7680116229262,1332.7276611328125,2479400
2026-02-05,ASML,ASML,반도체,NL,1322.7655088423855,1362.3155032724444,1313.2213923858662,1343.7049560546875,1790200
2026-02-06,ASML,ASML,반도체,NL,1365.8086802063676,1409.2002038653895,1361.977111392881,1406.25439453125,1971000
2026-02-09,ASML,ASML,반도체,NL,1409.0708756090469,1430.2192799693828,1401.8654995600377,1422.6556396484375,1125100
2026-02-10,ASML,ASML,반도체,NL,1434.278225995682,1434.8960707952947,1405.906997164329,1408.7171630859375,1200600
2026-02-11,ASML,ASML,반도체,NL,1435.4043548099107,1446.4558578391786,1404.4520203122381,1430.65087890625,1139300
2026-02-12,ASML,ASML,반도체,NL,1430.2522260620951,1434.2583031101133,1387.3714362047983,1401.9906005859375,1518100
2026-02-13,ASML,ASML,반도체,NL,1409.9428568202213,1431.6772716710632,1396.1409170517027,1401.7314453125,1248900
2026-02-17,ASML,ASML,반도체,NL,1387.7401241332252,1423.5455623661855,1377.9542361650983,1414.8558349609375,1097200
2026-02-18,ASML,ASML,반도체,NL,1431.4878299547818,1471.3790222107268,1422.4293910650965,1463.6259765625,1334400
2026-02-19,ASML,ASML,반도체,NL,1434.049086114605,1454.727119893473,1422.628749558259,1453.8701171875,1135200
2026-02-20,ASML,ASML,반도체,NL,1444.3930747016684,1481.8526686516334,1443.2967924729103,1464.4930419921875,1102500
2026-02-23,ASML,ASML,반도체,NL,1466.296817703045,1487.8318538766537,1456.9293950742738,1480.836181640625,1284200
2026-02-24,ASML,ASML,반도체,NL,1494.817495781723,1502.1220293287367,1468.81801786493,1492.605224609375,1538900
2026-02-25,ASML,ASML,반도체,NL,1517.1199673289639,1541.853831950164,1511.2204555496237,1521.2156982421875,1306900
2026-02-26,ASML,ASML,반도체,NL,1507.57302606122,1509.0777986531793,1421.6421174217896,1458.72314453125,2177900
2026-02-27,ASML,ASML,반도체,NL,1425.3792100734117,1456.6503817114851,1419.5594986294693,1445.5291748046875,1358300
2026-03-02,ASML,ASML,반도체,NL,1412.8328257003302,1437.6862680489762,1406.3154694182901,1418.602783203125,1492400
2026-03-03,ASML,ASML,반도체,NL,1352.8715165821004,1368.7363456850142,1324.4206083767397,1356.2198486328125,2012500
2026-03-04,ASML,ASML,반도체,NL,1386.3051898424806,1400.6752211759845,1367.9490315906396,1394.5166015625,1486700
2026-03-05,ASML,ASML,반도체,NL,1376.3298902767256,1402.4988230900701,1334.8043695299118,1363.6141357421875,1804500
2026-03-06,ASML,ASML,반도체,NL,1289.372544569358,1333.359470240547,1282.2075397378946,1288.3162841796875,1900100
2026-03-09,ASML,ASML,반도체,NL,1280.3340530664286,1354.2866345593093,1271.6841040392178,1352.712158203125,1808900
2026-03-10,ASML,ASML,반도체,NL,1369.8225476509165,1402.6583418849898,1365.1588471713576,1378.60205078125,1650900
2026-03-11,ASML,ASML,반도체,NL,1379.159946843711,1399.9078045724466,1367.241466861355,1381.87060546875,1164700
2026-03-12,ASML,ASML,반도체,NL,1367.7797221084977,1367.7797221084977,1328.9447875002493,1346.892333984375,1780200
2026-03-13,ASML,ASML,반도체,NL,1362.7970203669688,1381.9802558794358,1337.8438272980177,1341.022705078125,1179000
2026-03-16,ASML,ASML,반도체,NL,1374.7355335421164,1385.3386462244432,1363.454725728217,1370.789306640625,1310400
2026-03-17,ASML,ASML,반도체,NL,1380.2463102357756,1386.2354756168413,1364.5609106630131,1384.342041015625,1135600
2026-03-18,ASML,ASML,반도체,NL,1368.6067998307265,1376.4993750559395,1349.323934865257,1350.469970703125,1391400
2026-03-19,ASML,ASML,반도체,NL,1310.6783788139921,1367.699895034459,1305.8252741696526,1361.6510009765625,1619100
2026-03-20,ASML,ASML,반도체,NL,1352.552639978392,1365.2484442464176,1286.6220679089702,1312.681396484375,2645100
2026-03-23,ASML,ASML,반도체,NL,1355.0141589905907,1395.533175861517,1343.4344643914008,1364.869873046875,1983200
2026-03-24,ASML,ASML,반도체,NL,1344.440931811905,1408.3784440049033,1344.0025162252248,1394.5665283203125,1801000
2026-03-25,ASML,ASML,반도체,NL,1389.254799667113,1400.9540717234565,1361.9498076210411,1389.0555419921875,1610000
2026-03-26,ASML,ASML,반도체,NL,1352.1042555617676,1354.7051887420973,1322.2480826396475,1324.888916015625,1721100
2026-03-27,ASML,ASML,반도체,NL,1313.8574892139104,1329.1542281846805,1294.0165067940552,1297.9527587890625,1759700
2026-03-30,ASML,ASML,반도체,NL,1314.1962454828408,1318.3318767322999,1243.7812752838356,1249.6109619140625,2144500
2026-03-31,ASML,ASML,반도체,NL,1279.875613571045,1317.823621499463,1271.5845227097036,1316.2490234375,1731500
2026-04-01,ASML,ASML,반도체,NL,1340.9730434685873,1380.9139935500868,1339.896832935531,1355.0440673828125,1745000
2026-04-02,ASML,ASML,반도체,NL,1301.0121012437396,1351.4963121681094,1293.6776421533577,1312.6614990234375,1883400
2026-04-06,ASML,ASML,반도체,NL,1310.548782167155,1315.4218367509327,1275.919305782992,1299.4873046875,1299200
2026-04-07,ASML,ASML,반도체,NL,1285.9644611703338,1304.460150107854,1267.7977055868894,1301.9189453125,1368900
2026-04-08,ASML,ASML,반도체,NL,1416.071706781802,1424.3329944415643,1379.4292125411143,1416.12158203125,2427300
2026-04-09,ASML,ASML,반도체,NL,1407.2223648489826,1448.508727453095,1407.2223648489826,1443.61572265625,1579700
2026-04-10,ASML,ASML,반도체,NL,1477.2087847154812,1497.2889233918547,1468.6087110250635,1473.1529541015625,1519600
2026-04-13,ASML,ASML,반도체,NL,1460.0784376919084,1495.5948425168203,1455.9627568541268,1494.996826171875,1709400
2026-04-14,ASML,ASML,반도체,NL,1521.0960873506683,1526.666665679995,1491.7880550062116,1513.0341796875,1769200
2026-04-15,ASML,ASML,반도체,NL,1468.4193261580253,1481.0155009380826,1410.3414318178448,1476.6307373046875,4251700
2026-04-16,ASML,ASML,반도체,NL,1447.9605529525843,1448.8774059049556,1401.6218291313212,1405.936767578125,2626700
2026-04-17,ASML,ASML,반도체,NL,1458.6832872501304,1467.3730146952707,1440.6758908603986,1454.737060546875,1876500
2026-04-20,ASML,ASML,반도체,NL,1456.4211988726431,1474.1694879902043,1446.9641221586098,1471.379150390625,1091900
2026-04-21,ASML,ASML,반도체,NL,1470.9705309678614,1475.036458401076,1441.2340573225206,1453.909912109375,1274600
2026-04-22,ASML,ASML,반도체,NL,1471.877411023059,1471.877411023059,1373.519774869395,1438.653076171875,2621800
2026-04-23,ASML,ASML,반도체,NL,1433.9593624212932,1444.9710872970597,1391.387553789436,1412.8828125,1800500
2026-04-24,ASML,ASML,반도체,NL,1454.46801807068,1467.5425097989425,1436.6898040184592,1452.644287109375,1751800
2026-04-27,ASML,ASML,반도체,NL,1455.9569379983684,1456.416426737177,1413.8613569186418,1430.5897216796875,1326200
2026-04-28,ASML,ASML,반도체,NL,1387.9349727988995,1396.8235017337613,1363.047238076459,1382.771728515625,1926900
2026-04-29,ASML,ASML,반도체,NL,1384.9188211898252,1397.892032942408,1373.1441326084384,1392.279296875,1256500
2026-04-30,ASML,ASML,반도체,NL,1412.5131619521428,1444.781487906325,1393.1981762110368,1437.13134765625,1414400
2026-05-01,ASML,ASML,반도체,NL,1426.4452590563099,1442.2847596442216,1412.1736770141833,1425.1768798828125,707100
2026-05-04,ASML,ASML,반도체,NL,1399.959393709515,1415.239557994117,1365.0245958705816,1384.41943359375,1755700
2026-05-05,ASML,ASML,반도체,NL,1430.5698368981102,1452.920934308617,1412.5630963616845,1441.0562744140625,1621400
2026-05-06,ASML,ASML,반도체,NL,1501.148523165375,1543.5237727607912,1494.0677149885694,1542.7447509765625,2312400
2026-05-07,ASML,ASML,반도체,NL,1546.7396154252826,1547.9979977442024,1495.8754656156461,1514.64111328125,1726700
2026-05-08,ASML,ASML,반도체,NL,1536.5428432717638,1593.2495347210988,1529.1823673391375,1589.9637451171875,2288300
2026-05-11,ASML,ASML,반도체,NL,1557.2859964714623,1565.9647136127087,1519.394937850838,1563.78759765625,2191300
2026-05-12,ASML,ASML,반도체,NL,1524.1688205870405,1533.127205490166,1473.0948594410388,1518.9754638671875,1846800
2026-05-13,ASML,ASML,반도체,NL,1537.4016625780096,1600.5299784122508,1519.1152541590484,1579.537109375,1691200
2026-05-14,ASML,ASML,반도체,NL,1571.7072704605675,1601.418843901132,1561.2608201217452,1582.46337890625,1412600
2026-05-15,ASML,ASML,반도체,NL,1509.7873448600908,1525.2773210557766,1484.7197897641443,1499.8702392578125,1807400
2026-05-18,ASML,ASML,반도체,NL,1519.2851592284712,1520.5235478961288,1451.4628373932057,1470.48828125,1664400
2026-05-19,ASML,ASML,반도체,NL,1448.0573268976061,1483.841005051334,1439.4484653492038,1457.554931640625,1395400
2026-05-20,ASML,ASML,반도체,NL,1500.439483037399,1553.7905279532235,1490.3924183356096,1548.1278076171875,1744500
2026-05-21,ASML,ASML,반도체,NL,1546.679732624245,1599.7211195436405,1543.9431595298738,1589.9437255859375,1358400
2026-05-22,ASML,ASML,반도체,NL,1617.9375219315632,1651.3942517480048,1613.7628673755914,1630.7908935546875,1666700
2026-05-26,ASML,ASML,반도체,NL,1639.7292593015643,1645.8813367952016,1602.1778501995948,1629.9219970703125,1651000
2026-05-27,ASML,ASML,반도체,NL,1635.2351396324323,1637.0128698057165,1580.9553636276198,1595.80615234375,1361600
2026-05-28,ASML,ASML,반도체,NL,1615.001247704973,1625.427826248619,1577.959189227569,1603.6959228515625,971600
2026-05-29,ASML,ASML,반도체,NL,1631.3600906911925,1652.0632951724904,1602.7870595765107,1610.6768798828125,1069400
2026-06-01,ASML,ASML,반도체,NL,1592.4104997515642,1644.4033158256177,1583.5619582545728,1626.4664306640625,1058900
2026-06-02,ASML,ASML,반도체,NL,1657.546185730931,1706.113377165064,1645.4618392035823,1703.167236328125,1484000
2026-06-03,ASML,ASML,반도체,NL,1707.102222787759,1741.018319233062,1687.8171060929728,1724.130126953125,1826900
2026-06-04,ASML,ASML,반도체,NL,1677.6303509197683,1776.9918358455116,1670.269875187344,1755.199951171875,2248200
2026-06-05,ASML,ASML,반도체,NL,1683.1831620478804,1703.2771700319797,1636.2638612660696,1639.6195068359375,2744600
2026-06-08,ASML,ASML,반도체,NL,1730.5518731731665,1767.2044206913954,1716.7996397483205,1746.7808837890625,2062100
2026-06-09,ASML,ASML,반도체,NL,1774.3252159029612,1828.744823896161,1674.1148546511854,1775.4737548828125,3151400
2026-06-10,ASML,ASML,반도체,NL,1744.2041219640282,1809.6595053357325,1720.9841531455647,1731.949951171875,2586400
2026-06-11,ASML,ASML,반도체,NL,1777.7008368604174,1901.0413162718003,1772.807141634847,1897.0264892578125,2965600
2026-06-12,ASML,ASML,반도체,NL,1845.233588133727,1890.3552867738308,1836.624726700197,1861.14306640625,2529600
2026-06-15,ASML,ASML,반도체,NL,1892.0930307498265,1911.2281957104294,1862.5911459198328,1890.2154541015625,2339100
2026-06-16,ASML,ASML,반도체,NL,1869.5920679724613,1878.7302739526885,1800.2816826194091,1801.56005859375,1797600
2026-06-17,ASML,ASML,반도체,NL,1894.7494175240995,1935.986123973989,1862.910590707209,1865.4173583984375,2322900
2026-06-18,ASML,ASML,반도체,NL,1921.6947260324418,1940.3605269594282,1907.063624021767,1927.1876220703125,2406100
2026-06-22,ASML,ASML,반도체,NL,1950.9968510599383,1956.5097409282707,1884.0034136330044,1926.7581787109375,1793300
2026-06-23,ASML,ASML,반도체,NL,1775.4038136856127,1810.6082835913257,1753.7019003958583,1776.162841796875,2415700
2026-06-24,ASML,ASML,반도체,NL,1748.1591401373805,1777.3513661400661,1728.055135873591,1760.4931640625,2028200
2026-06-25,ASML,ASML,반도체,NL,1853.103329707384,1853.512834263392,1774.7447121584796,1838.8018798828125,2197000
2026-06-26,ASML,ASML,반도체,NL,1779.3587805487525,1806.663433125008,1765.3568697589196,1792.302001953125,2840000
2026-06-29,ASML,ASML,반도체,NL,1796.626402462792,1883.6838563702615,1770.2306080884678,1880.677734375,1760500
2026-06-30,ASML,ASML,반도체,NL,1913.0259214730709,1997.3767930992992,1911.4080187574145,1986.870361328125,2712600
2026-07-01,ASML,ASML,반도체,NL,1913.80493846136,1940.4903973219562,1830.2629574468283,1840.6595458984375,2584700
2026-07-02,ASML,ASML,반도체,NL,1841.5982702069662,1855.9996890223945,1745.7622524934197,1767.03466796875,2699100
2026-07-06,ASML,ASML,반도체,NL,1827.6363324313406,1866.1864514541944,1810.9878198752313,1822.712646484375,1945000
2026-07-07,ASML,ASML,반도체,NL,1734.8862790017888,1758.7654303100999,1715.0919327117617,1745.023193359375,1863900
2026-07-08,ASML,ASML,반도체,NL,1731.4407977980247,1778.3600979821813,1727.1463029991705,1766.3656005859375,1424500
2026-07-09,ASML,ASML,반도체,NL,1833.0892045180422,1856.329167524302,1794.4392398125713,1801.9195556640625,1547400
2026-07-10,ASML,ASML,반도체,NL,1781.57583156616,1812.8354512526823,1764.378103276706,1794.9984130859375,1218400
2026-07-13,ASML,ASML,반도체,NL,1771.2493174829074,1773.496411361004,1715.8608672582031,1723.8106689453125,1419800
2026-07-14,ASML,ASML,반도체,NL,1785.141240157985,1795.9473330709561,1747.5998263925394,1773.3465576171875,2529100
2026-07-15,ASML,ASML,반도체,NL,1822.7028092777523,1827.6363702509607,1733.408257183666,1812.9254150390625,4189300
2026-07-16,ASML,ASML,반도체,NL,1794.5890627913243,1851.0559502343729,1776.8220021589498,1782.5645751953125,2581400
2026-07-17,ASML,ASML,반도체,NL,1731.5406513539729,1788.5968662111472,1701.1998857700853,1745.32275390625,2209400
2026-07-20,ASML,ASML,반도체,NL,1776.3924856892684,1796.0171290293854,1726.3672188789735,1736.7738037109375,1639000
2026-07-21,ASML,ASML,반도체,NL,1798.8734473594104,1821.5242065817538,1783.2337622354967,1799.18310546875,1681100
2026-07-22,ASML,ASML,반도체,NL,1765.366819514132,1814.85274455554,1764.7576220569626,1799.5325927734375,1007400
2026-07-23,ASML,ASML,반도체,NL,1779.8181074980525,1821.2245163902169,1777.9405309365513,1800.671142578125,1106700
2026-07-24,ASML,ASML,반도체,NL,1787.5681206402005,1795.547790667371,1737.6327027416905,1754.8204345703125,1315000
2026-07-27,ASML,ASML,반도체,NL,1736.9435977682272,1744.4439075797202,1611.25617043839,1653.1220703125,3325500
2026-07-28,ASML,ASML,반도체,NL,1580.5,1599.8800048828125,1553.5799560546875,1582.949951171875,3010100
2026-07-29,ASML,ASML,반도체,NL,1569.3900146484375,1621.4599609375,1530.6400146484375,1550.68994140625,2538800
2026-07-30,ASML,ASML,반도체,NL,1645.0699462890625,1676.780029296875,1626.43994140625,1651.43994140625,2170500
2026-07-31,ASML,ASML,반도체,NL,1683.3800048828125,1692.1500244140625,1624.7099609375,1629.0,1601400
2026-08-03,ASML,ASML,반도체,NL,1609.68994140625,1655.199951171875,1582.0,1642.52001953125,1437400
2026-08-04,ASML,ASML,반도체,NL,1700.0400390625,1717.56005859375,1686.010009765625,1711.8900146484375,1526700
2026-08-05,ASML,ASML,반도체,NL,1700.4200439453125,1729.06005859375,1671.75,1678.219970703125,1221000
2026-08-06,ASML,ASML,반도체,NL,1695.3900146484375,1735.530029296875,1672.1099853515625,1704.3699951171875,1072500
2026-08-07,ASML,ASML,반도체,NL,1759.7099609375,1761.31005859375,1720.1099853515625,1740.989990234375,1064900
2026-08-10,ASML,ASML,반도체,NL,1793.010009765625,1794.469970703125,1732.81005859375,1733.47998046875,1107000
2026-08-11,ASML,ASML,반도체,NL,1793.9300537109375,1819.5899658203125,1778.3199462890625,1799.3800048828125,1479700
2026-08-12,ASML,ASML,반도체,NL,1832.6300048828125,1845.0,1807.3800048828125,1810.0699462890625,1388800
2026-08-13,ASML,ASML,반도체,NL,1819.0699462890625,1873.68994140625,1813.300048828125,1847.9000244140625,1237900
2026-08-14,ASML,ASML,반도체,NL,1839.18994140625,1853.3199462890625,1820.4100341796875,1844.0799560546875,929000
2026-08-17,ASML,ASML,반도체,NL,1871.6800537109375,1896.3499755859375,1860.1199951171875,1883.1199951171875,1285400
2026-08-18,ASML,ASML,반도체,NL,1809.0,1820.4100341796875,1775.699951171875,1802.97998046875,1509300
2026-08-19,ASML,ASML,반도체,NL,1797.719970703125,1804.280029296875,1748.8499755859375,1751.72998046875,1463600
2026-08-20,ASML,ASML,반도체,NL,1743.760009765625,1775.8199462890625,1741.02001953125,1750.31005859375,825400
2026-08-21,ASML,ASML,반도체,NL,1763.510009765625,1771.0,1741.0,1763.760009765625,972400
2026-08-24,ASML,ASML,반도체,NL,1761.56005859375,1761.97998046875,1727.5699462890625,1740.1300048828125,1202000
2026-08-25,ASML,ASML,반도체,NL,1759.1500244140625,1769.989990234375,1735.8699951171875,1744.1600341796875,808900
2026-08-26,ASML,ASML,반도체,NL,1746.3299560546875,1761.7099609375,1732.3499755859375,1745.6400146484375,873500
2026-08-27,ASML,ASML,반도체,NL,1746.530029296875,1751.780029296875,1719.1099853515625,1735.010009765625,1027200
2026-08-28,ASML,ASML,반도체,NL,1734.75,1740.0,1692.8800048828125,1696.1600341796875,1257700
2026-08-31,ASML,ASML,반도체,NL,1708.6800537109375,1716.9000244140625,1679.3299560546875,1696.010009765625,1212100
2026-09-01,ASML,ASML,반도체,NL,1680.739990234375,1684.0,1651.2099609375,1665.1400146484375,1004800
2026-09-02,ASML,ASML,반도체,NL,1672.2099609375,1688.6600341796875,1650.199951171875,1682.300048828125,872800
2026-09-03,ASML,ASML,반도체,NL,1642.3900146484375,1656.31005859375,1619.3399658203125,1646.18994140625,1437500
2026-09-04,ASML,ASML,반도체,NL,1678.739990234375,1721.6600341796875,1675.9300537109375,1714.8800048828125,1288700
2026-09-08,ASML,ASML,반도체,NL,1774.3499755859375,1790.0,1743.0899658203125,1764.8499755859375,1352800
2026-09-09,ASML,ASML,반도체,NL,1727.719970703125,1750.8900146484375,1722.9200439453125,1729.52001953125,1060000
2026-09-10,ASML,ASML,반도체,NL,1688.510009765625,1716.6300048828125,1681.5799560546875,1687.4300537109375,1078100
2026-09-11,ASML,ASML,반도체,NL,1726.8699951171875,1727.31005859375,1696.2099609375,1698.300048828125,881200
2026-09-14,ASML,ASML,반도체,NL,1594.2099609375,1610.4100341796875,1572.8399658203125,1575.1500244140625,1970800
2026-09-15,ASML,ASML,반도체,NL,1615.6099853515625,1616.550048828125,1575.780029296875,1591.47998046875,1577600
2026-09-16,ASML,ASML,반도체,NL,1629.8499755859375,1629.8499755859375,1584.5400390625,1602.219970703125,1334100
2026-09-17,ASML,ASML,반도체,NL,1637.0699462890625,1638.699951171875,1614.02001953125,1629.6700439453125,1394000
2025-09-18,CAT,Caterpillar,산업재/건설,US,446.936868288222,463.53743748655063,444.86551731321265,462.79412841796875,4331900
2025-09-19,CAT,Caterpillar,산업재/건설,US,466.06471341486275,467.90810541467124,458.5820505323954,462.3778991699219,5069300
2025-09-22,CAT,Caterpillar,산업재/건설,US,463.14099955435273,469.01808917272103,455.50968122438695,467.8882751464844,3180000
2025-09-23,CAT,Caterpillar,산업재/건설,US,469.0379130057905,481.0101303368078,464.0131367618536,467.0557556152344,3856600
2025-09-24,CAT,Caterpillar,산업재/건설,US,468.48291963680003,472.26881733323603,464.449222016843,465.598876953125,2776700
2025-09-25,CAT,Caterpillar,산업재/건설,US,460.5641660295736,463.8248233633606,455.4799275496085,459.5830078125,2979200
2025-09-26,CAT,Caterpillar,산업재/건설,US,461.32732705293466,464.27083202017843,458.2549770146327,461.6048278808594,2329000
2025-09-29,CAT,Caterpillar,산업재/건설,US,463.9041420421363,468.27480309144755,463.289678037778,467.40264892578125,2892100
2025-09-30,CAT,Caterpillar,산업재/건설,US,467.412554722472,473.1806403000155,466.04486120972217,472.8932189941406,2315300
2025-10-01,CAT,Caterpillar,산업재/건설,US,469.7812432602788,479.6127274244174,466.93685211552236,476.5304870605469,2964700
2025-10-02,CAT,Caterpillar,산업재/건설,US,482.5165880062389,491.5552516553759,479.87042466851204,486.1935119628906,2648600
2025-10-03,CAT,Caterpillar,산업재/건설,US,488.84957073105306,499.97939546490306,488.13599285438494,493.4085388183594,2996500
2025-10-06,CAT,Caterpillar,산업재/건설,US,495.95558557813354,501.0794452017171,488.64142038687004,490.9605407714844,2629200
2025-10-07,CAT,Caterpillar,산업재/건설,US,493.48782447565486,493.93382200201785,479.23610750750447,482.367919921875,2135400
2025-10-08,CAT,Caterpillar,산업재/건설,US,486.6097010639379,504.9347660341606,484.9744273257863,497.6404113769531,3959400
2025-10-09,CAT,Caterpillar,산업재/건설,US,499.56315215365623,502.0111178752257,492.7049041431201,495.8961486816406,3113900
2025-10-10,CAT,Caterpillar,산업재/건설,US,498.6315193662882,506.936763855807,486.9169616699219,486.9169616699219,3889100
2025-10-13,CAT,Caterpillar,산업재/건설,US,497.67019618399775,501.86247025153534,491.0299866005108,500.2569274902344,2618400
2025-10-14,CAT,Caterpillar,산업재/건설,US,496.1141902137148,526.8178209532057,494.5582195537324,522.7642822265625,5459800
2025-10-15,CAT,Caterpillar,산업재/건설,US,529.4342695018062,533.6463541030148,522.5066388597335,529.2855834960938,3447100
2025-10-16,CAT,Caterpillar,산업재/건설,US,533.2598803593914,540.128049489129,529.9298699614556,536.134033203125,3463100
2025-10-17,CAT,Caterpillar,산업재/건설,US,532.5859067052197,537.3728340337814,522.2687429811429,522.3778076171875,2814700
2025-10-20,CAT,Caterpillar,산업재/건설,US,526.3435796883907,530.9554120230167,523.7394977805726,527.9537353515625,2170800
2025-10-21,CAT,Caterpillar,산업재/건설,US,521.8807498192268,530.1402727330866,518.8691248180469,521.4633178710938,2259100
2025-10-22,CAT,Caterpillar,산업재/건설,US,522.5367888942704,522.6063710062963,507.1110655683006,510.78857421875,4149000
2025-10-23,CAT,Caterpillar,산업재/건설,US,515.1817592483561,519.714060073985,509.89406484104944,517.3385620117188,2619400
2025-10-24,CAT,Caterpillar,산업재/건설,US,519.6842689777025,524.0277218743412,517.8554786340886,519.5550537109375,2392000
2025-10-27,CAT,Caterpillar,산업재/건설,US,523.8487544085407,526.2540386558354,518.2628944140288,523.86865234375,2493800
2025-10-28,CAT,Caterpillar,산업재/건설,US,522.7654247641187,527.0690813569698,518.5014427140171,521.284423828125,2775400
2025-10-29,CAT,Caterpillar,산업재/건설,US,554.7896577581906,592.5886960881123,554.6107583416834,581.9337768554688,6948500
2025-10-30,CAT,Caterpillar,산업재/건설,US,574.3800316941055,590.1635847521061,572.2729129833897,579.6080932617188,2574800
2025-10-31,CAT,Caterpillar,산업재/건설,US,580.4826832187915,583.4842987575205,567.8796470181617,573.7537841796875,2974800
2025-11-03,CAT,Caterpillar,산업재/건설,US,572.4318600949517,572.7200768290861,561.9559006827305,567.1243286132812,2439400
2025-11-04,CAT,Caterpillar,산업재/건설,US,561.5682656209613,563.0591548217249,541.8885403037689,544.2540893554688,3440700
2025-11-05,CAT,Caterpillar,산업재/건설,US,548.5876236673902,570.5235819577124,547.0172033013409,565.693115234375,2701300
2025-11-06,CAT,Caterpillar,산업재/건설,US,569.7184853735289,580.4429267692692,560.802936198976,566.3192749023438,2245800
2025-11-07,CAT,Caterpillar,산업재/건설,US,560.1270274017677,562.1447264528318,546.9873538099368,559.6797485351562,2320100
2025-11-10,CAT,Caterpillar,산업재/건설,US,566.5379384539784,570.692542722908,558.0995146559482,567.3827514648438,1829900
2025-11-11,CAT,Caterpillar,산업재/건설,US,565.2656485660478,566.9851820502381,556.8570721971415,564.48046875,1517400
2025-11-12,CAT,Caterpillar,산업재/건설,US,567.0348376074203,577.7394410709279,567.0348376074203,569.53955078125,2645100
2025-11-13,CAT,Caterpillar,산업재/건설,US,569.2910340649148,573.3164223708467,541.3219409009232,550.187744140625,3458700
2025-11-14,CAT,Caterpillar,산업재/건설,US,545.6257042876273,554.9188892372654,537.7140305388385,550.6649169921875,2764500
2025-11-17,CAT,Caterpillar,산업재/건설,US,549.2336583411678,558.1789933722746,544.2441298334198,548.6968994140625,1941100
2025-11-18,CAT,Caterpillar,산업재/건설,US,540.0497004633088,548.2198042224385,534.7819044779213,543.5582885742188,1918600
2025-11-19,CAT,Caterpillar,산업재/건설,US,546.6593924579079,557.5031002595834,544.3137412606447,549.75048828125,1880900
2025-11-20,CAT,Caterpillar,산업재/건설,US,562.5124888059083,565.4147360338169,537.7140204613562,542.8128662109375,3195000
2025-11-21,CAT,Caterpillar,산업재/건설,US,542.5048067612285,551.6190930459434,533.8179014635666,547.0867919921875,2921600
2025-11-24,CAT,Caterpillar,산업재/건설,US,548.7764505760367,562.303770930973,547.3252965564551,556.2010498046875,4653500
2025-11-25,CAT,Caterpillar,산업재/건설,US,561.1608283641237,563.6953280792367,544.2242868369434,563.1685180664062,3105100
2025-11-26,CAT,Caterpillar,산업재/건설,US,563.1684295381483,571.3882174558887,562.5820471356207,570.2451782226562,1995100
2025-11-28,CAT,Caterpillar,산업재/건설,US,570.3048733591917,573.8531970540906,568.9233620924339,572.262939453125,1019500
2025-12-01,CAT,Caterpillar,산업재/건설,US,566.9453823369956,572.0939731224682,563.5561208948657,564.6096801757812,1764500
2025-12-02,CAT,Caterpillar,산업재/건설,US,567.8598378257869,582.0033873672734,565.6036060782534,578.93212890625,2749500
2025-12-03,CAT,Caterpillar,산업재/건설,US,577.8687184896376,589.6367707569907,558.7952722341024,587.8973999023438,2545700
2025-12-04,CAT,Caterpillar,산업재/건설,US,586.5953754595274,599.0591885512819,583.4346973261479,595.5109252929688,2313600
2025-12-05,CAT,Caterpillar,산업재/건설,US,600.3314454870341,603.3132241897843,594.1094575543178,599.5064697265625,2177300
2025-12-08,CAT,Caterpillar,산업재/건설,US,600.9873638802582,601.1762122768168,588.3347033041421,592.876953125,1822500
2025-12-09,CAT,Caterpillar,산업재/건설,US,589.4478981194702,596.3457481089031,588.632871387066,590.7499389648438,1755300
2025-12-10,CAT,Caterpillar,산업재/건설,US,596.4849000067838,613.481012756534,595.0536439367937,611.6124267578125,2797900
2025-12-11,CAT,Caterpillar,산업재/건설,US,606.7422259966224,623.0028431331369,600.5898207461994,621.8101196289062,2779500
2025-12-12,CAT,Caterpillar,산업재/건설,US,622.1977955926144,623.6886848791781,592.161375218241,594.258544921875,4581100
2025-12-15,CAT,Caterpillar,산업재/건설,US,598.8703742952125,600.480529864253,584.3192803647931,586.1779174804688,3968600
2025-12-16,CAT,Caterpillar,산업재/건설,US,587.1121739265766,595.0237870530518,582.7190374419431,585.3529052734375,2319400
2025-12-17,CAT,Caterpillar,산업재/건설,US,584.0211505858223,587.4104123981671,554.0741478890851,558.4772338867188,3753300
2025-12-18,CAT,Caterpillar,산업재/건설,US,565.0470153417933,571.1695737233289,558.4970153317583,562.3932495117188,2193000
2025-12-19,CAT,Caterpillar,산업재/건설,US,569.2116256967963,578.196697144301,566.8659743097338,572.7201538085938,5355600
2025-12-22,CAT,Caterpillar,산업재/건설,US,580.9398809195987,582.2319727710629,572.1933430045676,578.8724975585938,2387700
2025-12-23,CAT,Caterpillar,산업재/건설,US,576.9741250836139,585.1342805437183,576.9741250836139,578.8824462890625,1731000
2025-12-24,CAT,Caterpillar,산업재/건설,US,579.1210002741107,583.5638818359926,577.4711095107192,580.21435546875,947000
2025-12-26,CAT,Caterpillar,산업재/건설,US,579.6677307197201,580.2839601209602,575.1354295978415,579.458984375,954400
2025-12-29,CAT,Caterpillar,산업재/건설,US,576.5666941638784,580.4230721297454,571.1497840708116,575.0956420898438,2585700
2025-12-30,CAT,Caterpillar,산업재/건설,US,576.4870770896953,577.4511562712479,572.0144097163305,573.8829956054688,1216700
2025-12-31,CAT,Caterpillar,산업재/건설,US,573.7935272520331,575.423580620767,568.5754152101644,569.3904418945312,1163900
2026-01-02,CAT,Caterpillar,산업재/건설,US,574.0818402232668,595.9680531205,571.8156594485761,594.7753295898438,2761600
2026-01-05,CAT,Caterpillar,산업재/건설,US,604.1878056556369,617.9735558810016,602.5378543489936,612.3578491210938,3444800
2026-01-06,CAT,Caterpillar,산업재/건설,US,612.2585177535216,622.9631219651767,605.2016662464886,619.3054809570312,2706800
2026-01-07,CAT,Caterpillar,산업재/건설,US,619.2159958106629,621.2038481246618,592.161354936068,592.8968505859375,3312400
2026-01-08,CAT,Caterpillar,산업재/건설,US,592.8968717959257,605.8775454441251,590.5611088447556,604.4363403320312,2075400
2026-01-09,CAT,Caterpillar,산업재/건설,US,606.265093173736,615.3893884435275,604.5058851731994,613.86865234375,1822000
2026-01-12,CAT,Caterpillar,산업재/건설,US,610.9166672847938,627.1474359069005,609.236929843652,625.94482421875,1856800
2026-01-13,CAT,Caterpillar,산업재/건설,US,629.3540881301068,640.6749222183288,629.1552907552737,632.6638793945312,1959100
2026-01-14,CAT,Caterpillar,산업재/건설,US,630.2485196336725,635.8443284643606,619.2855462285229,634.8703002929688,2105700
2026-01-15,CAT,Caterpillar,산업재/건설,US,641.0226997206615,648.3976143777527,640.1281419671761,643.2490844726562,2052800
2026-01-16,CAT,Caterpillar,산업재/건설,US,648.0099774300207,651.6974651408015,637.1165860793672,642.9608764648438,2554900
2026-01-20,CAT,Caterpillar,산업재/건설,US,639.5935440912535,641.6856481839558,622.7768117746247,626.6422729492188,2659000
2026-01-21,CAT,Caterpillar,산업재/건설,US,631.2948080123786,644.7741229203464,624.9686339367224,642.9609375,2490700
2026-01-22,CAT,Caterpillar,산업재/건설,US,646.6768804892716,653.3219226371673,638.4976935289512,645.9794921875,1565700
2026-01-23,CAT,Caterpillar,산업재/건설,US,641.7056451196811,644.076729048593,621.2326846870689,624.271240234375,2267800
2026-01-26,CAT,Caterpillar,산업재/건설,US,625.646020079062,636.6047879466889,616.93879061144,633.5363159179688,2532900
2026-01-27,CAT,Caterpillar,산업재/건설,US,637.6010778091998,641.7156021289474,630.8564344499586,636.51513671875,1827500
2026-01-28,CAT,Caterpillar,산업재/건설,US,635.578619912044,644.853780913422,626.6223275337533,640.8687744140625,2720700
2026-01-29,CAT,Caterpillar,산업재/건설,US,652.7141381037418,677.4411098987508,640.320765874623,662.7463989257812,4441900
2026-01-30,CAT,Caterpillar,산업재/건설,US,653.1924446205849,675.2892997995466,647.8724338432187,654.89599609375,3300100
2026-02-02,CAT,Caterpillar,산업재/건설,US,657.3467611470082,688.7884603174838,654.965705145667,688.3201904296875,4450000
2026-02-03,CAT,Caterpillar,산업재/건설,US,691.7572546223108,707.3685611608522,688.8083887672638,700.2553100585938,3524700
2026-02-04,CAT,Caterpillar,산업재/건설,US,704.3499613887487,720.4493623228277,672.4699065592722,689.2268676757812,7146700
2026-02-05,CAT,Caterpillar,산업재/건설,US,678.9853294346018,683.9267595218794,662.5770939030525,675.7674560546875,2792800
2026-02-06,CAT,Caterpillar,산업재/건설,US,689.9739599719104,724.6734193236329,687.9316564062774,723.4779052734375,3359700
2026-02-09,CAT,Caterpillar,산업재/건설,US,721.784307931297,740.7130889536498,718.9051261191041,739.3382568359375,2496800
2026-02-10,CAT,Caterpillar,산업재/건설,US,739.9659218045892,749.181249676272,734.9049463368419,739.5873413085938,4008700
2026-02-11,CAT,Caterpillar,산업재/건설,US,755.8361974505888,772.6329857410683,753.2658511578556,772.0950317382812,3926300
2026-02-12,CAT,Caterpillar,산업재/건설,US,773.7786862769942,786.8495028882893,753.1762097231763,755.4476318359375,4893400
2026-02-13,CAT,Caterpillar,산업재/건설,US,762.1325073851986,781.0612886143734,744.6183864642087,771.2980346679688,3232800
2026-02-17,CAT,Caterpillar,산업재/건설,US,762.1325232876301,771.5171969407592,747.1887483212059,761.8934326171875,3450300
2026-02-18,CAT,Caterpillar,산업재/건설,US,762.2420671138931,769.8036437114121,747.5673001182851,749.1513061523438,2563700
2026-02-19,CAT,Caterpillar,산업재/건설,US,749.1812652501612,759.1437820752964,741.360713864981,757.6793212890625,2908000
2026-02-20,CAT,Caterpillar,산업재/건설,US,752.1699888653055,769.0763500239998,749.290807029629,756.8922119140625,2095100
2026-02-23,CAT,Caterpillar,산업재/건설,US,756.1052059025391,765.1013267300037,749.9583502155189,753.6344604492188,2289600
2026-02-24,CAT,Caterpillar,산업재/건설,US,752.1700126641815,771.0390217717472,748.8724220607829,765.3504028320312,2615300
2026-02-25,CAT,Caterpillar,산업재/건설,US,769.6043869103986,774.6852459189079,753.903451436773,763.7364501953125,2606500
2026-02-26,CAT,Caterpillar,산업재/건설,US,767.7214484449499,767.7214484449499,725.6697063630479,750.1077270507812,3350900
2026-02-27,CAT,Caterpillar,산업재/건설,US,742.4266496050734,748.6731671120482,728.2998080447596,740.045654296875,3441900
2026-03-02,CAT,Caterpillar,산업재/건설,US,730.7406251292482,752.8972524631026,722.3422308774508,749.5000610351562,2473100
2026-03-03,CAT,Caterpillar,산업재/건설,US,725.5402218752246,728.927441063359,703.9514044442288,719.4730224609375,3332700
2026-03-04,CAT,Caterpillar,산업재/건설,US,734.3271829401724,743.213730965023,728.1006098946033,729.226318359375,2823700
2026-03-05,CAT,Caterpillar,산업재/건설,US,717.3012171503184,725.3409755893101,690.9802645134494,703.4334106445312,3713200
2026-03-06,CAT,Caterpillar,산업재/건설,US,679.9118399139131,693.7199341079731,672.539614127826,678.3477783203125,3564400
2026-03-09,CAT,Caterpillar,산업재/건설,US,662.7264984623016,705.9738169690279,660.3653868983685,702.1781005859375,3584400
2026-03-10,CAT,Caterpillar,산업재/건설,US,710.1083072450041,728.0507490656289,707.6176780254063,713.99365234375,3089100
2026-03-11,CAT,Caterpillar,산업재/건설,US,710.8255647405732,717.7196092536873,700.9925656471443,704.937744140625,1947500
2026-03-12,CAT,Caterpillar,산업재/건설,US,690.4024207095666,701.1320708617518,677.2120580717838,698.0635986328125,3231800
2026-03-13,CAT,Caterpillar,산업재/건설,US,701.6999129217173,704.2801706399919,684.6042005803665,691.388671875,2042200
2026-03-16,CAT,Caterpillar,산업재/건설,US,702.7259948828996,707.338644712223,691.9963455607045,697.156982421875,2145500
2026-03-17,CAT,Caterpillar,산업재/건설,US,704.7085465487422,706.3424138343572,692.3052014506017,699.36865234375,1824900
2026-03-18,CAT,Caterpillar,산업재/건설,US,698.681258364083,709.1718176679043,690.1035460530255,691.0200805664062,1796200
2026-03-19,CAT,Caterpillar,산업재/건설,US,673.9542714263839,690.8905495378739,666.4923562698121,686.0687255859375,2240200
2026-03-20,CAT,Caterpillar,산업재/건설,US,684.0562667400018,691.458409110066,667.9269502961769,678.3278198242188,5131100
2026-03-23,CAT,Caterpillar,산업재/건설,US,696.3798716896126,709.3311425507928,691.9565121324623,699.0697631835938,2981000
2026-03-24,CAT,Caterpillar,산업재/건설,US,691.1993456422197,718.4468632963017,690.4322732610791,713.9437866210938,2098300
2026-03-25,CAT,Caterpillar,산업재/건설,US,724.52397406583,726.6160780974074,714.3123951944999,716.3447265625,1591500
2026-03-26,CAT,Caterpillar,산업재/건설,US,707.408415425701,715.2787669658998,693.8195283451223,700.55419921875,2428700
2026-03-27,CAT,Caterpillar,산업재/건설,US,691.8668284864045,705.704777984371,689.7348962474484,692.7933959960938,2059800
2026-03-30,CAT,Caterpillar,산업재/건설,US,699.5778837714008,700.3549284287943,662.0789575685164,664.92822265625,2610000
2026-03-31,CAT,Caterpillar,산업재/건설,US,677.4511589968097,706.2328853306609,669.4811453615531,705.8045043945312,3002200
2026-04-01,CAT,Caterpillar,산업재/건설,US,719.2936984243867,737.2362005476217,717.0421599440658,727.58251953125,2435800
2026-04-02,CAT,Caterpillar,산업재/건설,US,702.9252603277583,732.6533745115805,702.805714998292,714.5315551757812,1764300
2026-04-06,CAT,Caterpillar,산업재/건설,US,714.0534274480283,719.8615918337244,701.6301980453669,718.5365600585938,1246500
2026-04-07,CAT,Caterpillar,산업재/건설,US,716.8927521560001,723.0096910790843,706.2726755068721,721.7245483398438,1549100
2026-04-08,CAT,Caterpillar,산업재/건설,US,761.753932826917,771.497303164643,750.2770943447797,768.6878662109375,3014000
2026-04-09,CAT,Caterpillar,산업재/건설,US,770.1024837237906,792.5380891242095,770.0925114788108,784.1197509765625,2801900
2026-04-10,CAT,Caterpillar,산업재/건설,US,787.7063223437747,794.8594023232097,783.2929345662269,787.6963500976562,1872000
2026-04-13,CAT,Caterpillar,산업재/건설,US,785.4646776681433,795.5467391011684,782.3862942434884,788.7622680664062,1820100
2026-04-14,CAT,Caterpillar,산업재/건설,US,793.0163286045207,795.0088319427231,779.1086334135731,791.2728881835938,1866300
2026-04-15,CAT,Caterpillar,산업재/건설,US,784.1496134186502,787.0088506584693,753.813800712942,767.2830810546875,2764700
2026-04-16,CAT,Caterpillar,산업재/건설,US,765.121287885604,769.9132560194034,751.6220898244186,769.7637939453125,2005100
2026-04-17,CAT,Caterpillar,산업재/건설,US,777.5843739948707,798.7646935012053,773.0912693883489,791.67138671875,2818800
2026-04-20,CAT,Caterpillar,산업재/건설,US,789.4355185739555,798.1493337790997,785.3730476630781,796.921630859375,1454100
2026-04-21,CAT,Caterpillar,산업재/건설,US,803.3896242170772,818.6812637814107,796.3127258265731,798.9678344726562,2293500
2026-04-22,CAT,Caterpillar,산업재/건설,US,810.9955368131328,816.3356061328308,803.9885158799823,807.3722534179688,1628400
2026-04-23,CAT,Caterpillar,산업재/건설,US,815.5969859008802,843.7048776309479,813.9500776721137,833.6934204101562,2601800
2026-04-24,CAT,Caterpillar,산업재/건설,US,837.705996175505,837.9455420325936,825.1193600701589,829.2516479492188,2253900
2026-04-27,CAT,Caterpillar,산업재/건설,US,828.2235455919534,834.4719637158767,815.2076527314963,827.2553100585938,1986700
2026-04-28,CAT,Caterpillar,산업재/건설,US,812.8420891130871,823.4723934703793,803.5094263559458,816.3555908203125,1875600
2026-04-29,CAT,Caterpillar,산업재/건설,US,821.4062042924049,821.6857150696084,807.6017957228132,808.550048828125,2566300
2026-04-30,CAT,Caterpillar,산업재/건설,US,855.0438055268626,895.3190661192531,849.2245837270511,888.4617919921875,5203300
2026-05-01,CAT,Caterpillar,산업재/건설,US,895.1793501989104,903.3242135395597,877.9513007544701,888.0225830078125,2376500
2026-05-04,CAT,Caterpillar,산업재/건설,US,885.6370712947719,891.1867735213634,867.9798250634782,873.1602172851562,2669900
2026-05-05,CAT,Caterpillar,산업재/건설,US,886.4555216632989,907.2170559966296,886.4555216632989,902.9150390625,2581100
2026-05-06,CAT,Caterpillar,산업재/건설,US,911.8084983025743,928.8169238923074,903.6735650545003,925.213623046875,3010600
2026-05-07,CAT,Caterpillar,산업재/건설,US,928.2380574406951,929.6254373403041,885.2378096524474,894.031494140625,2957300
2026-05-08,CAT,Caterpillar,산업재/건설,US,909.3131053486029,913.0761439514413,892.1948375585309,895.7882080078125,2030300
2026-05-11,CAT,Caterpillar,산업재/건설,US,901.9367819677409,927.2797822414883,893.4026260809471,925.0738525390625,2811700
2026-05-12,CAT,Caterpillar,산업재/건설,US,910.3112944144943,913.3955996190748,892.853689535601,910.4510498046875,2348900
2026-05-13,CAT,Caterpillar,산업재/건설,US,910.8103364117429,921.2809024767588,895.7183387797106,900.6292114257812,1957100
2026-05-14,CAT,Caterpillar,산업재/건설,US,908.3149449183267,918.6457553625539,900.8288327349338,918.5159912109375,2095600
2026-05-15,CAT,Caterpillar,산업재/건설,US,897.0858323763846,898.0639982673679,878.5701926102348,886.6651611328125,2907900
2026-05-18,CAT,Caterpillar,산업재/건설,US,891.6658929816624,891.6658929816624,849.2545792592714,862.3502807617188,2720500
2026-05-19,CAT,Caterpillar,산업재/건설,US,859.9946480464719,868.2492933238366,843.9843098133897,858.5573120117188,3239700
2026-05-20,CAT,Caterpillar,산업재/건설,US,869.6067293796847,876.1346582270527,855.4729763111202,870.9442749023438,2415600
2026-05-21,CAT,Caterpillar,산업재/건설,US,863.2985140562439,871.0540851449379,857.0101308463039,864.3465576171875,1860700
2026-05-22,CAT,Caterpillar,산업재/건설,US,876.3742272364863,892.1849234720975,859.4655922148785,878.2607421875,1987600
2026-05-26,CAT,Caterpillar,산업재/건설,US,883.311398971316,907.8758153673763,876.3942381815907,906.86767578125,2255700
2026-05-27,CAT,Caterpillar,산업재/건설,US,903.5039125438832,909.9818855620404,888.1823598012618,908.2451171875,2463400
2026-05-28,CAT,Caterpillar,산업재/건설,US,896.8961560274821,903.3242336741595,878.8396260315028,886.0263061523438,2750600
2026-05-29,CAT,Caterpillar,산업재/건설,US,885.048141137427,889.1605073645437,864.5861004655337,874.2481689453125,5195400
2026-06-01,CAT,Caterpillar,산업재/건설,US,858.5672458630542,872.1520910164453,851.7898405937815,863.7576293945312,2675000
2026-06-02,CAT,Caterpillar,산업재/건설,US,875.0466557908541,910.2713483962286,871.5032414993966,908.1253051757812,2822600
2026-06-03,CAT,Caterpillar,산업재/건설,US,912.7367838017946,934.9755581708781,910.7005831099782,924.4650268554688,2511200
2026-06-04,CAT,Caterpillar,산업재/건설,US,912.297585778242,945.0768038629545,901.3279453383334,938.738525390625,3077000
2026-06-05,CAT,Caterpillar,산업재/건설,US,928.2080586400859,932.3005032997836,899.8307092518731,902.6055908203125,2780500
2026-06-08,CAT,Caterpillar,산업재/건설,US,915.3019861022437,925.6228662736298,901.0683816744204,913.9445190429688,2550600
2026-06-09,CAT,Caterpillar,산업재/건설,US,925.772581787675,936.4427898370324,875.3660912890945,913.0062866210938,3007300
2026-06-10,CAT,Caterpillar,산업재/건설,US,900.0702638605761,904.3223854868979,853.1473011972071,854.5746459960938,3611200
2026-06-11,CAT,Caterpillar,산업재/건설,US,870.7846324915096,898.9823229769119,868.4190258095142,895.9678955078125,3463300
2026-06-12,CAT,Caterpillar,산업재/건설,US,903.5637635987888,917.2783115881767,897.5349697570279,908.8839111328125,2097200
2026-06-15,CAT,Caterpillar,산업재/건설,US,933.2687096416439,944.3481319861804,926.7807453500175,932.20068359375,2449600
2026-06-16,CAT,Caterpillar,산업재/건설,US,941.0542418876219,959.5499598531543,937.4309585430387,943.7093505859375,2834400
2026-06-17,CAT,Caterpillar,산업재/건설,US,955.2079371009456,973.8334184263562,951.2353263767437,954.14990234375,2743900
2026-06-18,CAT,Caterpillar,산업재/건설,US,977.1871891305391,992.648496604276,974.5221502183816,983.9945678710938,6175000
2026-06-22,CAT,Caterpillar,산업재/건설,US,997.4296738000802,1021.3951635807964,997.1501630302782,1020.3870849609375,4033500
2026-06-23,CAT,Caterpillar,산업재/건설,US,983.4256200069108,992.7582823135842,970.8489757007219,982.41748046875,4286900
2026-06-24,CAT,Caterpillar,산업재/건설,US,979.7923306630531,1003.0092696913831,968.2537388400114,992.6085815429688,3526000
2026-06-25,CAT,Caterpillar,산업재/건설,US,1022.7426790826507,1055.1125599134125,1013.120514940133,1055.052734375,4642100
2026-06-26,CAT,Caterpillar,산업재/건설,US,1029.9393303113325,1029.9393303113325,987.8075282770787,995.6229858398438,13948500
2026-06-29,CAT,Caterpillar,산업재/건설,US,996.5612868546871,1037.1459727555814,990.2729643108368,1031.27685546875,3146900
2026-06-30,CAT,Caterpillar,산업재/건설,US,1043.0650457416903,1071.4723093369823,1035.2894309559908,1062.92822265625,3287500
2026-07-01,CAT,Caterpillar,산업재/건설,US,1032.0055753443496,1039.3319500420437,983.22600993022,989.57421875,3914100
2026-07-02,CAT,Caterpillar,산업재/건설,US,999.4260109246698,999.4260109246698,947.023222455603,961.7459106445312,3568600
2026-07-06,CAT,Caterpillar,산업재/건설,US,977.2770876034715,989.1650075586006,961.5362687449162,968.1240234375,2441700
2026-07-07,CAT,Caterpillar,산업재/건설,US,944.7474027012789,948.2409218871791,907.8458878574123,938.3792114257812,3810200
2026-07-08,CAT,Caterpillar,산업재/건설,US,935.774027986887,953.2316321090701,923.5467112399381,946.324462890625,2741500
2026-07-09,CAT,Caterpillar,산업재/건설,US,973.2744686198736,981.3394630795779,932.6498203250138,936.6524047851562,3521200
2026-07-10,CAT,Caterpillar,산업재/건설,US,928.9566796429589,956.2161080745815,926.7807235961147,950.6464233398438,1959400
2026-07-13,CAT,Caterpillar,산업재/건설,US,937.4708973262046,944.9969136609404,922.6683408124034,929.7451782226562,1991000
2026-07-14,CAT,Caterpillar,산업재/건설,US,956.2260654912558,962.8437935531342,923.786245941709,931.6117553710938,2028600
2026-07-15,CAT,Caterpillar,산업재/건설,US,936.8420650237014,936.8420650237014,888.7512863907219,912.6069946289062,2703600
2026-07-16,CAT,Caterpillar,산업재/건설,US,890.1187789179534,900.329817104665,867.2711484279856,875.5457763671875,3586600
2026-07-17,CAT,Caterpillar,산업재/건설,US,840.171358288863,891.536092302809,836.7776905848835,878.6500244140625,3377200
2026-07-20,CAT,Caterpillar,산업재/건설,US,890.0,894.3699951171875,861.27001953125,864.2999877929688,2770000
2026-07-21,CAT,Caterpillar,산업재/건설,US,887.489990234375,898.0,876.010009765625,889.969970703125,3219600
2026-07-22,CAT,Caterpillar,산업재/건설,US,877.2899780273438,902.5700073242188,872.9400024414062,889.3099975585938,1976900
2026-07-23,CAT,Caterpillar,산업재/건설,US,886.5599975585938,909.5999755859375,881.9500122070312,894.5399780273438,2677100
2026-07-24,CAT,Caterpillar,산업재/건설,US,895.0,902.8200073242188,881.1900024414062,888.72998046875,1982100
2026-07-27,CAT,Caterpillar,산업재/건설,US,887.5,894.02001953125,839.5800170898438,873.280029296875,3150000
2026-07-28,CAT,Caterpillar,산업재/건설,US,855.760009765625,855.8200073242188,824.0,840.8499755859375,3808600
2026-07-29,CAT,Caterpillar,산업재/건설,US,810.22998046875,822.7999877929688,776.0,782.7100219726562,5966400
2026-07-30,CAT,Caterpillar,산업재/건설,US,810.75,822.760009765625,801.6799926757812,809.1400146484375,3505200
2026-07-31,CAT,Caterpillar,산업재/건설,US,843.3900146484375,845.0,807.3099975585938,814.8099975585938,2423600
2026-08-03,CAT,Caterpillar,산업재/건설,US,811.5800170898438,835.3400268554688,804.5700073242188,830.030029296875,3314300
2026-08-04,CAT,Caterpillar,산업재/건설,US,922.0,935.0,866.8499755859375,876.5399780273438,6230100
2026-08-05,CAT,Caterpillar,산업재/건설,US,874.9000244140625,905.719970703125,870.0,871.0800170898438,3363200
2026-08-06,CAT,Caterpillar,산업재/건설,US,862.0,879.3300170898438,856.9600219726562,856.9600219726562,2896500
2026-08-07,CAT,Caterpillar,산업재/건설,US,865.6300048828125,868.0,836.010009765625,842.1900024414062,2443800
2026-08-10,CAT,Caterpillar,산업재/건설,US,849.0399780273438,854.9299926757812,835.8599853515625,837.5800170898438,1900900
2026-08-11,CAT,Caterpillar,산업재/건설,US,850.0,864.25,842.1099853515625,843.3699951171875,2173800
2026-08-12,CAT,Caterpillar,산업재/건설,US,866.0,871.2000122070312,855.25,855.5999755859375,3148500
2026-08-13,CAT,Caterpillar,산업재/건설,US,858.5,864.1099853515625,848.3699951171875,854.5999755859375,2523500
2026-08-14,CAT,Caterpillar,산업재/건설,US,854.0,870.989990234375,850.0,856.5700073242188,1894900
2026-08-17,CAT,Caterpillar,산업재/건설,US,864.030029296875,887.9099731445312,859.6199951171875,881.6500244140625,2140600
2026-08-18,CAT,Caterpillar,산업재/건설,US,862.1900024414062,863.9199829101562,834.8099975585938,840.8699951171875,2685700
2026-08-19,CAT,Caterpillar,산업재/건설,US,845.0,848.9400024414062,805.6799926757812,816.1500244140625,4143900
2026-08-20,CAT,Caterpillar,산업재/건설,US,811.5399780273438,818.9299926757812,801.0,815.3900146484375,2937800
2026-08-21,CAT,Caterpillar,산업재/건설,US,829.52001953125,832.0,812.3400268554688,827.9000244140625,2465200
2026-08-24,CAT,Caterpillar,산업재/건설,US,822.989990234375,825.969970703125,804.489990234375,811.02001953125,2536200
2026-08-25,CAT,Caterpillar,산업재/건설,US,833.5700073242188,834.4500122070312,804.75,811.2899780273438,1655500
2026-08-26,CAT,Caterpillar,산업재/건설,US,816.2000122070312,824.6199951171875,812.260009765625,821.9299926757812,1848200
2026-08-27,CAT,Caterpillar,산업재/건설,US,827.4199829101562,832.989990234375,807.3099975585938,817.0,1835400
2026-08-28,CAT,Caterpillar,산업재/건설,US,819.010009765625,821.22998046875,799.1699829101562,800.25,1787500
2026-08-31,CAT,Caterpillar,산업재/건설,US,800.0,802.9000244140625,789.0499877929688,797.469970703125,3071400
2026-09-01,CAT,Caterpillar,산업재/건설,US,788.8800048828125,790.219970703125,774.5499877929688,779.1599731445312,2946600
2026-09-02,CAT,Caterpillar,산업재/건설,US,778.510009765625,793.9400024414062,771.3900146484375,792.280029296875,2507600
2026-09-03,CAT,Caterpillar,산업재/건설,US,796.9000244140625,803.9199829101562,781.489990234375,800.1400146484375,2351900
2026-09-04,CAT,Caterpillar,산업재/건설,US,802.3800048828125,821.0,801.0,813.9400024414062,2149500
2026-09-08,CAT,Caterpillar,산업재/건설,US,823.3400268554688,830.5,817.0900268554688,822.47998046875,2443200
2026-09-09,CAT,Caterpillar,산업재/건설,US,815.6799926757812,827.9600219726562,813.5,815.5599975585938,1929000
2026-09-10,CAT,Caterpillar,산업재/건설,US,809.75,811.9500122070312,797.5,805.0,1781900
2026-09-11,CAT,Caterpillar,산업재/건설,US,817.75,826.0,813.510009765625,818.5700073242188,1824600
2026-09-14,CAT,Caterpillar,산업재/건설,US,783.0499877929688,794.5599975585938,772.8599853515625,784.0,2428000
2026-09-15,CAT,Caterpillar,산업재/건설,US,789.489990234375,791.2000122070312,776.5,783.5399780273438,2261600
2026-09-16,CAT,Caterpillar,산업재/건설,US,797.0,798.3900146484375,774.47998046875,782.719970703125,2645300
2026-09-17,CAT,Caterpillar,산업재/건설,US,813.9500122070312,813.9500122070312,795.0,798.5700073242188,2429600
2025-09-18,URI,United Rentals,산업재/건설,US,933.3281974142293,948.3356473328727,928.4182809357433,935.1532592773438,634200
2025-09-19,URI,United Rentals,산업재/건설,US,939.5176098165874,939.5176098165874,927.5949543928175,933.8935546875,1035000
2025-09-22,URI,United Rentals,산업재/건설,US,936.4526829176102,940.4104144216412,927.247883213338,935.7781982421875,509300
2025-09-23,URI,United Rentals,산업재/건설,US,948.2662446571213,964.2457377113337,942.3148451844969,947.4826049804688,592100
2025-09-24,URI,United Rentals,산업재/건설,US,949.2481590574374,952.2932988701934,927.2279702187989,928.2000732421875,386600
2025-09-25,URI,United Rentals,산업재/건설,US,911.8039279932624,924.8573032507761,906.1898015363464,923.7067260742188,392200
2025-09-26,URI,United Rentals,산업재/건설,US,923.9151107633352,942.781005859312,923.5481126403731,939.5970458984375,378300
2025-09-29,URI,United Rentals,산업재/건설,US,948.990335771331,948.990335771331,928.3984833984931,936.2444458007812,381000
2025-09-30,URI,United Rentals,산업재/건설,US,934.6970419474678,949.6052658393249,933.4670957682159,946.9271240234375,417900
2025-10-01,URI,United Rentals,산업재/건설,US,959.1672078202992,962.281788050761,951.3609604137715,955.1202392578125,395900
2025-10-02,URI,United Rentals,산업재/건설,US,951.4799531183199,970.5343714721848,946.8279402925978,970.2962646484375,385100
2025-10-03,URI,United Rentals,산업재/건설,US,971.5659499557763,989.4201481172913,971.5659499557763,972.8554077148438,334700
2025-10-06,URI,United Rentals,산업재/건설,US,971.8436469147374,980.9889343105239,961.438566817912,979.3424072265625,308600
2025-10-07,URI,United Rentals,산업재/건설,US,980.6615837873384,995.4409154075362,975.8112396503274,980.582275390625,417600
2025-10-08,URI,United Rentals,산업재/건설,US,983.4489463628802,996.7800841573786,977.2793577126844,986.3155517578125,378900
2025-10-09,URI,United Rentals,산업재/건설,US,987.0990693484897,990.0747690228729,968.1934598388717,972.4884033203125,314400
2025-10-10,URI,United Rentals,산업재/건설,US,978.0529189686596,980.9889643573664,942.2155720806749,942.3346557617188,461500
2025-10-13,URI,United Rentals,산업재/건설,US,952.3230208865434,971.4369503513818,952.3230208865434,966.6460571289062,286200
2025-10-14,URI,United Rentals,산업재/건설,US,953.0868165720811,999.805275905749,947.6809502102692,992.3958129882812,306100
2025-10-15,URI,United Rentals,산업재/건설,US,996.6411672419631,1013.0868232794618,991.0369088343618,1011.7378540039062,447500
2025-10-16,URI,United Rentals,산업재/건설,US,1011.7379515275327,1013.1960153981064,993.9234065863516,997.5042114257812,572500
2025-10-17,URI,United Rentals,산업재/건설,US,990.7789798913818,999.2200571443454,967.1023357556805,972.4288330078125,512400
2025-10-20,URI,United Rentals,산업재/건설,US,978.2314615525003,996.1452313388617,973.2521653686422,992.1875,289100
2025-10-21,URI,United Rentals,산업재/건설,US,987.1585861489284,1007.4528798303885,983.458818907227,994.1713256835938,328600
2025-10-22,URI,United Rentals,산업재/건설,US,994.8755988401412,1000.0632159396126,978.7373681080443,983.46875,563900
2025-10-23,URI,United Rentals,산업재/건설,US,942.3148092748503,983.0521443774412,900.2582303880201,906.89404296875,1264300
2025-10-24,URI,United Rentals,산업재/건설,US,917.2692925085802,925.4425373858953,905.1482451572284,905.931884765625,770600
2025-10-27,URI,United Rentals,산업재/건설,US,911.1493533015623,912.9744152097715,878.7042858661034,893.0471801757812,797000
2025-10-28,URI,United Rentals,산업재/건설,US,894.0985908342076,894.8127297000507,867.8925519818824,868.5769653320312,873000
2025-10-29,URI,United Rentals,산업재/건설,US,875.0936957987777,889.2084109980227,860.016806283824,863.7265625,656100
2025-10-30,URI,United Rentals,산업재/건설,US,860.7012002826783,875.8773157646361,851.536055751161,851.95263671875,503700
2025-10-31,URI,United Rentals,산업재/건설,US,850.871523749421,876.3236468783288,843.1148597746034,864.123291015625,697600
2025-11-03,URI,United Rentals,산업재/건설,US,858.9852902998012,861.1972076442726,848.0743916932219,850.46484375,567300
2025-11-04,URI,United Rentals,산업재/건설,US,843.1148857469642,852.5180770996626,838.819942377569,845.8525390625,468100
2025-11-05,URI,United Rentals,산업재/건설,US,843.4818298337215,848.8480416656864,833.8306641327296,837.6693115234375,495000
2025-11-06,URI,United Rentals,산업재/건설,US,837.907439183511,844.6523463845593,827.006468986486,838.195068359375,758400
2025-11-07,URI,United Rentals,산업재/건설,US,829.605242397198,844.75157322849,826.6989829579207,841.3790893554688,376800
2025-11-10,URI,United Rentals,산업재/건설,US,848.8480901554319,855.9897207056096,836.9948747355689,847.6082153320312,429900
2025-11-11,URI,United Rentals,산업재/건설,US,845.6145294999081,856.6543803265035,840.6649586422405,848.0843505859375,310100
2025-11-12,URI,United Rentals,산업재/건설,US,848.0842686901212,861.6421813565463,847.8855210644256,855.5292358398438,440600
2025-11-13,URI,United Rentals,산업재/건설,US,853.7996647895314,860.7873789842654,836.7926677396115,838.1842651367188,483400
2025-11-14,URI,United Rentals,산업재/건설,US,837.4288148233688,839.9137667961386,824.0200236851475,829.0098266601562,396800
2025-11-17,URI,United Rentals,산업재/건설,US,829.0098184247248,831.4649218289012,793.8626119635181,801.7548217773438,793700
2025-11-18,URI,United Rentals,산업재/건설,US,801.1883339449242,808.2157861104259,794.0913565048364,795.6817016601562,781000
2025-11-19,URI,United Rentals,산업재/건설,US,795.264208648472,804.597642642579,786.6861491329679,787.501220703125,619500
2025-11-20,URI,United Rentals,산업재/건설,US,801.744972197605,809.0209196886507,765.246022555203,765.3652954101562,893400
2025-11-21,URI,United Rentals,산업재/건설,US,771.806243013069,811.0287498052511,767.9198045228701,795.1846923828125,1320500
2025-11-24,URI,United Rentals,산업재/건설,US,796.2780345575344,812.927213792727,793.2960920079477,806.1184692382812,951900
2025-11-25,URI,United Rentals,산업재/건설,US,808.9612633501306,816.6944637066788,800.9299415313167,805.12451171875,1100100
2025-11-26,URI,United Rentals,산업재/건설,US,809.5178368464867,814.2392457088783,801.7350107604366,810.0645141601562,787000
2025-11-28,URI,United Rentals,산업재/건설,US,815.1139359960711,818.056140979526,809.2892231177175,810.2732543945312,262200
2025-12-01,URI,United Rentals,산업재/건설,US,804.4386367683744,810.760340394317,797.4708213248439,800.3931274414062,608300
2025-12-02,URI,United Rentals,산업재/건설,US,805.7804927074739,807.3708984751273,794.0714297902724,796.0097045898438,512100
2025-12-03,URI,United Rentals,산업재/건설,US,795.7810033298348,811.2076047424039,792.2026967209149,808.7623901367188,791900
2025-12-04,URI,United Rentals,산업재/건설,US,813.0067186635945,819.2489472864388,797.7789253364186,802.8780517578125,861600
2025-12-05,URI,United Rentals,산업재/건설,US,805.1245177429023,809.0109563137399,789.7377130397272,792.11328125,697500
2025-12-08,URI,United Rentals,산업재/건설,US,789.9364245225172,800.9795977691127,777.7800582556457,780.314697265625,1075700
2025-12-09,URI,United Rentals,산업재/건설,US,779.3008954856674,805.6811257446404,779.3008954856674,785.1455078125,928500
2025-12-10,URI,United Rentals,산업재/건설,US,784.2509155573214,811.5058543429438,781.9150847527474,808.6929321289062,839100
2025-12-11,URI,United Rentals,산업재/건설,US,810.7106208855914,832.1308951411341,805.8003532727022,828.8308715820312,756100
2025-12-12,URI,United Rentals,산업재/건설,US,833.0851680192187,847.0207988387563,811.1380540392919,813.3844604492188,708400
2025-12-15,URI,United Rentals,산업재/건설,US,815.2630912488812,815.2630912488812,795.4728988925981,805.5618286132812,559300
2025-12-16,URI,United Rentals,산업재/건설,US,804.5678846906184,824.666148932627,796.7949469408965,813.7522583007812,655500
2025-12-17,URI,United Rentals,산업재/건설,US,817.4300087201991,820.0242842813994,779.5494115834855,787.7695922851562,839400
2025-12-18,URI,United Rentals,산업재/건설,US,801.6555341366123,823.2746184087819,791.1292498592368,795.7115478515625,774000
2025-12-19,URI,United Rentals,산업재/건설,US,790.9801624325811,807.8182005011737,788.0379572686886,807.5299072265625,1223200
2025-12-22,URI,United Rentals,산업재/건설,US,810.1540338017461,816.6348083944516,802.4307831394439,811.81396484375,487200
2025-12-23,URI,United Rentals,산업재/건설,US,811.7742549559182,816.3564922955884,805.2338437169692,812.92724609375,313500
2025-12-24,URI,United Rentals,산업재/건설,US,812.4898578820456,823.0161417511629,812.4898578820456,819.8056030273438,189900
2025-12-26,URI,United Rentals,산업재/건설,US,818.1853861346499,823.0260678710756,814.9549484720205,822.9564819335938,195600
2025-12-29,URI,United Rentals,산업재/건설,US,820.5709435921527,824.914635130111,811.0088524993322,814.5772705078125,300700
2025-12-30,URI,United Rentals,산업재/건설,US,812.6489527427474,819.4179600871878,808.6332918407903,812.3308715820312,226600
2025-12-31,URI,United Rentals,산업재/건설,US,814.9648812015399,814.9648812015399,803.901870057497,804.4485473632812,315600
2026-01-02,URI,United Rentals,산업재/건설,US,805.710900585144,842.0508351789575,805.710900585144,839.973388671875,536500
2026-01-05,URI,United Rentals,산업재/건설,US,854.8235271288919,900.5665450524309,853.3325558606438,881.6709594726562,1145300
2026-01-06,URI,United Rentals,산업재/건설,US,883.0426555449129,890.616784714052,867.228386361123,886.7302856445312,777000
2026-01-07,URI,United Rentals,산업재/건설,US,890.8254514592609,890.8254514592609,866.8705382311427,875.5778198242188,543600
2026-01-08,URI,United Rentals,산업재/건설,US,872.1088311102053,920.0783543591456,872.1088311102053,912.335205078125,821700
2026-01-09,URI,United Rentals,산업재/건설,US,928.6067318709204,943.327586178124,922.4142504438066,933.1392822265625,753300
2026-01-12,URI,United Rentals,산업재/건설,US,929.3720317038674,947.1643119789968,928.238879051471,942.7808227539062,579800
2026-01-13,URI,United Rentals,산업재/건설,US,943.2878544795437,949.2517397554946,921.420275134391,934.510986328125,610200
2026-01-14,URI,United Rentals,산업재/건설,US,931.360057243994,936.2007391341986,908.5382350681386,911.8184204101562,564600
2026-01-15,URI,United Rentals,산업재/건설,US,920.2373627361319,927.7021682567743,914.4623367103568,920.9927978515625,342500
2026-01-16,URI,United Rentals,산업재/건설,US,919.9491523042198,927.3940589744936,915.098521026187,915.6948852539062,407400
2026-01-20,URI,United Rentals,산업재/건설,US,899.3936222728789,911.9177562042312,891.3622403459364,905.0692138671875,574400
2026-01-21,URI,United Rentals,산업재/건설,US,914.4624158452867,943.5463062995586,908.6674902883326,934.4315185546875,572900
2026-01-22,URI,United Rentals,산업재/건설,US,944.0730836130721,955.4044899774573,943.6059417173147,950.2556762695312,585900
2026-01-23,URI,United Rentals,산업재/건설,US,940.9817634891399,946.8661130071636,909.1743769756224,913.4982299804688,574100
2026-01-26,URI,United Rentals,산업재/건설,US,916.4503776515237,917.4046211432749,904.2641622722196,905.6755981445312,445700
2026-01-27,URI,United Rentals,산업재/건설,US,899.5526498754579,907.991537403357,893.3005323040153,901.9879150390625,408300
2026-01-28,URI,United Rentals,산업재/건설,US,906.2918619842592,909.9794920023553,894.6026378238437,897.7535400390625,612500
2026-01-29,URI,United Rentals,산업재/건설,US,839.9734621862902,839.9734621862902,752.74169230332,782.3026733398438,2809500
2026-01-30,URI,United Rentals,산업재/건설,US,775.4242749733297,798.4647419873879,770.3350982742813,777.3526000976562,1038100
2026-02-02,URI,United Rentals,산업재/건설,US,779.5890723019852,791.974094806814,770.9513767955068,774.2911376953125,1123500
2026-02-03,URI,United Rentals,산업재/건설,US,781.0303554672505,794.0614290673889,771.0010625996337,787.978271484375,954100
2026-02-04,URI,United Rentals,산업재/건설,US,787.9783003443783,845.3310061769188,784.310508667247,843.0249633789062,1538200
2026-02-05,URI,United Rentals,산업재/건설,US,826.6441487668162,849.853575960139,821.2666787157356,842.6671142578125,972400
2026-02-06,URI,United Rentals,산업재/건설,US,854.9229397773423,898.1313206409603,852.1100175376156,894.135498046875,962700
2026-02-09,URI,United Rentals,산업재/건설,US,891.0540474435874,902.7233716366156,868.9081274125692,871.2440185546875,663300
2026-02-10,URI,United Rentals,산업재/건설,US,879.424517126475,884.1160774050247,867.1389289382997,871.3037109375,430000
2026-02-11,URI,United Rentals,산업재/건설,US,879.0443385873685,894.8443683435065,865.0673470923371,870.5266723632812,750600
2026-02-12,URI,United Rentals,산업재/건설,US,875.0993075305612,899.6163209982697,865.1271384261516,866.1732177734375,630100
2026-02-13,URI,United Rentals,산업재/건설,US,863.9815107933156,880.6283031433746,855.4439006278367,866.2827758789062,587100
2026-02-17,URI,United Rentals,산업재/건설,US,859.2594648355918,873.7444778852442,845.1629312710194,860.0166015625,597500
2026-02-18,URI,United Rentals,산업재/건설,US,859.9966405863909,878.1876223043737,851.4092315105725,876.8526611328125,414200
2026-02-19,URI,United Rentals,산업재/건설,US,869.6998131417074,886.3466665062126,861.7300554038682,885.619384765625,448600
2026-02-20,URI,United Rentals,산업재/건설,US,879.6122574337176,906.4802754246778,877.012138428998,905.67333984375,491400
2026-02-23,URI,United Rentals,산업재/건설,US,897.1456568634518,901.2102503470992,873.8440630149576,879.3631591796875,543500
2026-02-24,URI,United Rentals,산업재/건설,US,881.6544676430242,906.3507330448094,878.16769856195,893.4895629882812,450700
2026-02-25,URI,United Rentals,산업재/건설,US,897.3449081440423,901.0807320747002,849.0382239000559,851.2299194335938,724900
2026-02-26,URI,United Rentals,산업재/건설,US,860.3055173443324,860.3055173443324,836.0475293700018,854.8462524414062,437400
2026-02-27,URI,United Rentals,산업재/건설,US,836.0475043744914,842.6923338461668,815.6648873270623,836.8245849609375,908700
2026-03-02,URI,United Rentals,산업재/건설,US,819.6896060238981,828.824924194033,793.5388373348478,817.47802734375,772200
2026-03-03,URI,United Rentals,산업재/건설,US,794.7342749538429,839.6737315524672,789.0159835377876,830.3192138671875,751500
2026-03-04,URI,United Rentals,산업재/건설,US,836.3364347800904,849.0482082562891,826.4040924593999,848.65966796875,514800
2026-03-05,URI,United Rentals,산업재/건설,US,834.3639193100981,854.5074525734465,832.341564121381,839.7434692382812,533500
2026-03-06,URI,United Rentals,산업재/건설,US,816.9001377060521,817.0595061009263,799.6854324472938,806.5394287109375,720600
2026-03-09,URI,United Rentals,산업재/건설,US,795.6109434706525,823.3855535568784,781.2952712532884,817.5775756835938,1007200
2026-03-10,URI,United Rentals,산업재/건설,US,812.327521529394,816.969939625937,765.6446785262077,772.8572998046875,1026500
2026-03-11,URI,United Rentals,산업재/건설,US,773.1960445438909,782.5605345775762,769.8885876554921,777.6192626953125,398600
2026-03-12,URI,United Rentals,산업재/건설,US,763.6124481830694,768.9123448125221,730.8268205336357,731.0460205078125,861400
2026-03-13,URI,United Rentals,산업재/건설,US,735.2101860710485,742.2932940023286,724.6502808909867,734.43310546875,810300
2026-03-16,URI,United Rentals,산업재/건설,US,744.1761050646046,751.2393293887093,734.4629631310305,740.3207397460938,499400
2026-03-17,URI,United Rentals,산업재/건설,US,743.9170819628036,752.145866335125,729.7707501966753,742.20361328125,507400
2026-03-18,URI,United Rentals,산업재/건설,US,736.1864452740155,747.2245770374406,721.9305432022725,722.5581665039062,431400
2026-03-19,URI,United Rentals,산업재/건설,US,711.1215618579923,726.2441697841266,698.9378142420754,717.2283935546875,624100
2026-03-20,URI,United Rentals,산업재/건설,US,707.18647219044,716.1325056215135,699.3661718825169,707.7841796875,706300
2026-03-23,URI,United Rentals,산업재/건설,US,734.4928629624729,744.4251438251106,724.6103201177212,729.2825927734375,570700
2026-03-24,URI,United Rentals,산업재/건설,US,721.7911244829029,749.4561055868483,717.2782198303448,744.0167846679688,495300
2026-03-25,URI,United Rentals,산업재/건설,US,755.5331105122206,758.7209651859355,734.5228084579593,744.7639770507812,482100
2026-03-26,URI,United Rentals,산업재/건설,US,736.7642668218325,749.4959842564651,733.2575538875185,739.4141845703125,422500
2026-03-27,URI,United Rentals,산업재/건설,US,723.8233501122158,744.8037344283196,722.269249822298,731.5241088867188,590000
2026-03-30,URI,United Rentals,산업재/건설,US,734.7818308759761,739.8127286071358,709.7468229250652,711.1614379882812,513500
2026-03-31,URI,United Rentals,산업재/건설,US,720.9542619264254,736.9933753264103,708.7903970813883,725.8058471679688,779400
2026-04-01,URI,United Rentals,산업재/건설,US,731.2950624016328,736.3259601380055,721.5719476041623,728.7745971679688,583900
2026-04-02,URI,United Rentals,산업재/건설,US,716.690390412564,737.60109307267,706.7680810767763,729.322509765625,493100
2026-04-06,URI,United Rentals,산업재/건설,US,728.0971265251914,734.602470452172,724.909211275372,733.7158203125,269900
2026-04-07,URI,United Rentals,산업재/건설,US,727.9676203618553,734.5227631791258,721.1933383911585,729.9700317382812,336100
2026-04-08,URI,United Rentals,산업재/건설,US,764.9871863374336,770.5161937017162,744.3952806509988,757.8143920898438,677900
2026-04-09,URI,United Rentals,산업재/건설,US,755.8917020114867,765.0967627091223,746.6866413138509,764.4591674804688,460300
2026-04-10,URI,United Rentals,산업재/건설,US,765.4155631625615,773.3753492108335,757.6151455198303,769.0119018554688,357700
2026-04-13,URI,United Rentals,산업재/건설,US,764.3695273685834,776.5831909179688,757.605156525333,776.5831909179688,423200
2026-04-14,URI,United Rentals,산업재/건설,US,774.929450830239,779.6614946351798,764.7679972355858,768.0953979492188,449500
2026-04-15,URI,United Rentals,산업재/건설,US,768.1551518619425,774.9593496196469,753.8295073295288,762.39697265625,525700
2026-04-16,URI,United Rentals,산업재/건설,US,768.2349039957904,790.7992454222509,765.1067593084832,774.5509033203125,486200
2026-04-17,URI,United Rentals,산업재/건설,US,787.8902833024124,805.5034412430659,771.8810245714035,793.140380859375,601500
2026-04-20,URI,United Rentals,산업재/건설,US,793.4790256735903,816.4319666658736,793.4790256735903,809.1994018554688,407000
2026-04-21,URI,United Rentals,산업재/건설,US,812.8256128229259,831.8235303629043,802.963073982555,803.1722412109375,428600
2026-04-22,URI,United Rentals,산업재/건설,US,813.2041538864007,817.3882887711451,798.231003471462,799.7551879882812,585200
2026-04-23,URI,United Rentals,산업재/건설,US,939.4451862004537,990.2025940848579,931.4654563589801,983.0497436523438,1635300
2026-04-24,URI,United Rentals,산업재/건설,US,994.2173186901258,997.3354913096188,960.3857355715684,970.7264404296875,1043600
2026-04-27,URI,United Rentals,산업재/건설,US,970.716480534727,976.2952864210779,950.4931723867513,956.221435546875,528900
2026-04-28,URI,United Rentals,산업재/건설,US,958.9112871128704,970.3180151603948,952.027435545711,959.0806274414062,540600
2026-04-29,URI,United Rentals,산업재/건설,US,964.7690701952254,973.9641588873382,939.2658693135339,948.5307006835938,438500
2026-04-30,URI,United Rentals,산업재/건설,US,957.5564812517691,961.6808456844196,942.0851590683499,956.2116088867188,816500
2026-05-01,URI,United Rentals,산업재/건설,US,970.5571285047382,970.5571285047382,940.3019392812396,945.6416625976562,505700
2026-05-04,URI,United Rentals,산업재/건설,US,948.3214530221086,948.5506249033132,917.5383003455249,921.7124633789062,453600
2026-05-05,URI,United Rentals,산업재/건설,US,926.7931791655618,941.9556751494168,925.6276191009396,930.41943359375,564400
2026-05-06,URI,United Rentals,산업재/건설,US,941.4275980663151,962.0991564365543,937.273379023896,960.8538818359375,684400
2026-05-07,URI,United Rentals,산업재/건설,US,962.7367971464927,970.0390439705988,930.7780512599094,940.5509643554688,478500
2026-05-08,URI,United Rentals,산업재/건설,US,942.712745131724,944.9144126216274,927.988649160624,933.4578857421875,377200
2026-05-11,URI,United Rentals,산업재/건설,US,934.8526315960243,940.6107500949909,927.9288922180074,934.6035766601562,493300
2026-05-12,URI,United Rentals,산업재/건설,US,943.4200781497259,963.7030971270209,927.978672435554,952.14697265625,732100
2026-05-13,URI,United Rentals,산업재/건설,US,947.7944994017039,952.3167252454506,929.1666700284962,933.64892578125,650000
2026-05-14,URI,United Rentals,산업재/건설,US,941.6451382748296,974.5084130716303,941.6451382748296,971.2839965820312,384800
2026-05-15,URI,United Rentals,산업재/건설,US,966.0330283532862,967.3407692778497,948.1139372789885,959.4943237304688,524500
2026-05-18,URI,United Rentals,산업재/건설,US,953.7841488053378,965.9232358535008,938.2010535440022,942.94287109375,572500
2026-05-19,URI,United Rentals,산업재/건설,US,940.4471536341155,940.4471536341155,909.5804349272281,926.0220336914062,541200
2026-05-20,URI,United Rentals,산업재/건설,US,934.9566365500401,943.8313369243671,919.8127860238815,934.6571655273438,618300
2026-05-21,URI,United Rentals,산업재/건설,US,925.7125519736139,942.1042487342902,915.3404358521757,930.5741577148438,303700
2026-05-22,URI,United Rentals,산업재/건설,US,934.3477217621604,946.1772843842074,929.0867804536979,937.0031127929688,339300
2026-05-26,URI,United Rentals,산업재/건설,US,941.2158646985307,966.262609853785,934.587288321917,961.26123046875,354400
2026-05-27,URI,United Rentals,산업재/건설,US,968.0594741769091,988.2645979724668,963.3376418136033,986.53759765625,478600
2026-05-28,URI,United Rentals,산업재/건설,US,977.193741134127,992.7369268471302,965.4539897025705,986.71728515625,360700
2026-05-29,URI,United Rentals,산업재/건설,US,980.797545267403,1003.1589832236325,975.9659168101929,993.954833984375,573500
2026-06-01,URI,United Rentals,산업재/건설,US,985.3796460208279,999.9344862439377,972.5318211096792,996.1011352539062,502400
2026-06-02,URI,United Rentals,산업재/건설,US,996.8698485107446,1013.2515537178025,991.768604726594,993.1063232421875,321800
2026-06-03,URI,United Rentals,산업재/건설,US,1002.6797729817464,1066.0404710194653,994.1545059506772,1054.7598876953125,860200
2026-06-04,URI,United Rentals,산업재/건설,US,1060.2005354394535,1089.35018565012,1048.291032898804,1082.7515869140625,581400
2026-06-05,URI,United Rentals,산업재/건설,US,1078.1395769969997,1081.0046282207293,1052.0345989782602,1065.9306640625,560900
2026-06-08,URI,United Rentals,산업재/건설,US,1063.6645234781947,1092.0854505747482,1060.4101295468124,1082.1826171875,454100
2026-06-09,URI,United Rentals,산업재/건설,US,1086.0757786084537,1104.9732221912775,1068.1567491770181,1092.28515625,455400
2026-06-10,URI,United Rentals,산업재/건설,US,1091.8858564220177,1095.499615620197,1052.2043310394001,1054.5302734375,575300
2026-06-11,URI,United Rentals,산업재/건설,US,1063.1754281928459,1074.1864572096206,1044.1183466639463,1066.6494140625,720900
2026-06-12,URI,United Rentals,산업재/건설,US,1082.5520441255173,1085.4469511567168,1061.3186638954987,1072.3895263671875,450500
2026-06-15,URI,United Rentals,산업재/건설,US,1084.1990882836344,1091.6861688256486,1074.066670104803,1082.1427001953125,671200
2026-06-16,URI,United Rentals,산업재/건설,US,1076.6920974806221,1085.3470842183535,1063.2352162790435,1067.9671630859375,434900
2026-06-17,URI,United Rentals,산업재/건설,US,1068.2865467398983,1078.149531844394,1046.903402007067,1047.1629638671875,433300
2026-06-18,URI,United Rentals,산업재/건설,US,1061.7577591116087,1090.0190490248087,1061.7577591116087,1074.955078125,846500
2026-06-22,URI,United Rentals,산업재/건설,US,1075.1446872973393,1094.7908388229112,1073.0483292707147,1090.7977294921875,444000
2026-06-23,URI,United Rentals,산업재/건설,US,1060.3402939694176,1073.4775361221298,1053.881346918046,1061.30859375,447000
2026-06-24,URI,United Rentals,산업재/건설,US,1071.9103455536847,1083.5403015790655,1063.9839596690604,1081.8531494140625,503800
2026-06-25,URI,United Rentals,산업재/건설,US,1093.2834148842542,1141.7197280204603,1088.7511968625881,1137.5469970703125,759600
2026-06-26,URI,United Rentals,산업재/건설,US,1135.1810967617005,1140.7714254332745,1112.7896826490962,1119.727783203125,959600
2026-06-29,URI,United Rentals,산업재/건설,US,1119.2985012234242,1127.3047051222513,1109.774896244716,1120.736083984375,350200
2026-06-30,URI,United Rentals,산업재/건설,US,1126.4861984393233,1138.724967016754,1118.0806590233403,1130.9384765625,317500
2026-07-01,URI,United Rentals,산업재/건설,US,1126.3563951792394,1140.0327462811574,1109.1859514537332,1109.8448486328125,311800
2026-07-02,URI,United Rentals,산업재/건설,US,1123.641006429128,1123.641006429128,1083.0511360088715,1096.697509765625,341500
2026-07-06,URI,United Rentals,산업재/건설,US,1094.5812132192452,1103.1065413793742,1085.157532869344,1097.7857666015625,292800
2026-07-07,URI,United Rentals,산업재/건설,US,1090.1688919855853,1093.113761594726,1040.9137969430872,1054.200927734375,507200
2026-07-08,URI,United Rentals,산업재/건설,US,1044.4376624927077,1073.1681132553153,1039.6360119095066,1069.6441650390625,418300
2026-07-09,URI,United Rentals,산업재/건설,US,1075.4741245207417,1095.230072840342,1075.4741245207417,1086.794677734375,350000
2026-07-10,URI,United Rentals,산업재/건설,US,1086.1457838145006,1108.7368059923444,1086.1457838145006,1093.662841796875,278500
2026-07-13,URI,United Rentals,산업재/건설,US,1095.1602478924876,1102.946738336341,1078.9680961838467,1083.4703369140625,277200
2026-07-14,URI,United Rentals,산업재/건설,US,1102.5573551139476,1104.0947412171802,1059.5915811415261,1063.993896484375,433700
2026-07-15,URI,United Rentals,산업재/건설,US,1064.7227690672448,1068.0469888360724,1033.217076811933,1045.4759521484375,477000
2026-07-16,URI,United Rentals,산업재/건설,US,1043.2697122735783,1074.6456246784724,1040.7141854882866,1069.9736328125,344700
2026-07-17,URI,United Rentals,산업재/건설,US,1058.8228893881926,1074.785334371497,1039.9154531237864,1043.409423828125,490200
2026-07-20,URI,United Rentals,산업재/건설,US,1055.8480884182654,1055.8480884182654,1008.8890811100948,1010.9655151367188,523000
2026-07-21,URI,United Rentals,산업재/건설,US,1019.2111997682789,1021.8466666032014,993.14619270664,1011.7940063476562,667100
2026-07-22,URI,United Rentals,산업재/건설,US,1015.4776149983848,1035.3333654435012,1004.6064213302999,1033.2769775390625,694100
2026-07-23,URI,United Rentals,산업재/건설,US,1094.1120376534943,1175.6413973216113,1091.2569788937706,1137.7467041015625,1204600
2026-07-24,URI,United Rentals,산업재/건설,US,1129.8503606323382,1148.07891490763,1122.423113734067,1139.6234130859375,490600
2026-07-27,URI,United Rentals,산업재/건설,US,1130.0599537824592,1136.7783408566575,1110.7533039361547,1125.967041015625,474400
2026-07-28,URI,United Rentals,산업재/건설,US,1133.3641626677277,1138.086116792677,1085.367032596036,1089.380126953125,677000
2026-07-29,URI,United Rentals,산업재/건설,US,1093.9223180494864,1094.421456704708,1053.2923583984375,1053.2923583984375,625000
2026-07-30,URI,United Rentals,산업재/건설,US,1069.0951420008428,1081.004645020615,1050.5072216570322,1066.7891845703125,353100
2026-07-31,URI,United Rentals,산업재/건설,US,1074.605653435923,1087.1240910554084,1058.9925802414548,1077.40087890625,381100
2026-08-03,URI,United Rentals,산업재/건설,US,1078.269296069821,1119.9473745487157,1074.146405827328,1113.9976806640625,462000
2026-08-04,URI,United Rentals,산업재/건설,US,1125.0486497947165,1149.2169069224065,1113.518496952416,1148.1488037109375,597600
2026-08-05,URI,United Rentals,산업재/건설,US,1149.0173083856264,1166.9164761129514,1144.3054682179777,1160.038330078125,374100
2026-08-06,URI,United Rentals,산업재/건설,US,1164.6703211754577,1172.047483864612,1150.3849132048574,1160.6572265625,472100
2026-08-07,URI,United Rentals,산업재/건설,US,1162.9931051749504,1177.1487315241613,1157.1432145652566,1160.8367919921875,355300
2026-08-10,URI,United Rentals,산업재/건설,US,1160.6772408073432,1162.4940520878538,1132.4459262083847,1135.560546875,510600
2026-08-11,URI,United Rentals,산업재/건설,US,1137.0379360628178,1163.0729662691663,1132.885068040322,1141.6199951171875,289400
2026-08-12,URI,United Rentals,산업재/건설,US,1148.8299560546875,1152.530029296875,1125.5400390625,1129.300048828125,367800
2026-08-13,URI,United Rentals,산업재/건설,US,1131.3900146484375,1143.6300048828125,1111.3699951171875,1120.5799560546875,437400
2026-08-14,URI,United Rentals,산업재/건설,US,1123.3599853515625,1161.280029296875,1119.7900390625,1153.8299560546875,491400
2026-08-17,URI,United Rentals,산업재/건설,US,1155.5,1176.43994140625,1150.0,1164.8199462890625,368400
2026-08-18,URI,United Rentals,산업재/건설,US,1153.800048828125,1156.780029296875,1116.3599853515625,1116.3800048828125,395400
2026-08-19,URI,United Rentals,산업재/건설,US,1117.4599609375,1129.989990234375,1105.1099853515625,1117.0400390625,388700
2026-08-20,URI,United Rentals,산업재/건설,US,1107.4300537109375,1119.31005859375,1089.510009765625,1095.260009765625,543300
2026-08-21,URI,United Rentals,산업재/건설,US,1099.3699951171875,1107.4000244140625,1084.780029296875,1098.510009765625,472100
2026-08-24,URI,United Rentals,산업재/건설,US,1100.0,1107.469970703125,1082.239990234375,1083.56005859375,401900
2026-08-25,URI,United Rentals,산업재/건설,US,1101.8299560546875,1101.8299560546875,1049.22998046875,1053.1400146484375,441200
2026-08-26,URI,United Rentals,산업재/건설,US,1062.530029296875,1073.93994140625,1050.6600341796875,1057.6600341796875,297000
2026-08-27,URI,United Rentals,산업재/건설,US,1053.3299560546875,1058.719970703125,1036.0400390625,1037.510009765625,407200
2026-08-28,URI,United Rentals,산업재/건설,US,1044.6700439453125,1047.989990234375,1014.3200073242188,1030.25,547100
2026-08-31,URI,United Rentals,산업재/건설,US,1036.0400390625,1041.489990234375,1017.6400146484375,1038.0,443800
2026-09-01,URI,United Rentals,산업재/건설,US,1028.0899658203125,1033.489990234375,988.8800048828125,990.1500244140625,461900
2026-09-02,URI,United Rentals,산업재/건설,US,990.510009765625,992.0599975585938,976.6599731445312,979.8200073242188,380500
2026-09-03,URI,United Rentals,산업재/건설,US,984.5800170898438,995.0800170898438,967.5800170898438,993.8699951171875,322900
2026-09-04,URI,United Rentals,산업재/건설,US,988.5399780273438,1012.3099975585938,988.5399780273438,1009.8599853515625,316100
2026-09-08,URI,United Rentals,산업재/건설,US,1012.2000122070312,1024.6600341796875,1005.8599853515625,1015.1699829101562,559500
2026-09-09,URI,United Rentals,산업재/건설,US,1019.4000244140625,1053.739990234375,1007.52001953125,1028.77001953125,502200
2026-09-10,URI,United Rentals,산업재/건설,US,1002.4000244140625,1013.75,979.0999755859375,989.0800170898438,449700
2026-09-11,URI,United Rentals,산업재/건설,US,1000.010009765625,1003.239990234375,984.1599731445312,989.1199951171875,348000
2026-09-14,URI,United Rentals,산업재/건설,US,979.47998046875,1000.489990234375,968.510009765625,993.7999877929688,335100
2026-09-15,URI,United Rentals,산업재/건설,US,993.7100219726562,995.6599731445312,981.2899780273438,989.1300048828125,317900
2026-09-16,URI,United Rentals,산업재/건설,US,994.4299926757812,1025.530029296875,987.5,1006.25,490000
2026-09-17,URI,United Rentals,산업재/건설,US,1026.27001953125,1026.550048828125,998.510009765625,1002.530029296875,571900
2025-09-18,MMM,3M,산업재/건설,US,152.33789003112602,154.07581285948706,151.51311868222407,152.58335876464844,1795000
2025-09-19,MMM,3M,산업재/건설,US,153.08413106683395,154.55694353047738,151.88624239782607,153.76162719726562,6507100
2025-09-22,MMM,3M,산업재/건설,US,152.77975696699343,152.88776381697102,150.85527536254483,151.0712890625,2484800
2025-09-23,MMM,3M,산업재/건설,US,151.05163897895517,155.273704267854,151.05163897895517,153.4572296142578,2254000
2025-09-24,MMM,3M,산업재/건설,US,153.17248570006748,153.66342315423438,151.66040493341123,151.79786682128906,1739300
2025-09-25,MMM,3M,산업재/건설,US,151.2087523609095,151.2087523609095,149.06827201895624,150.25633239746094,2949300
2025-09-26,MMM,3M,산업재/건설,US,151.2283890420392,151.6996848387487,149.60828633112638,150.04031372070312,2104000
2025-09-29,MMM,3M,산업재/건설,US,150.71781841902586,151.6014999608406,149.77521178982926,151.2873077392578,2043400
2025-09-30,MMM,3M,산업재/건설,US,151.06147478070943,152.4066387367347,149.66719909600369,152.3673553466797,2177100
2025-10-01,MMM,3M,산업재/건설,US,151.65057625066345,153.70269120867866,151.46401762134897,153.1724853515625,2297900
2025-10-02,MMM,3M,산업재/건설,US,154.40965704028972,156.68761423078172,153.70270584201452,155.9217529296875,2167500
2025-10-03,MMM,3M,산업재/건설,US,156.0395685978904,157.4829260038793,154.85150827299154,155.78428649902344,3411600
2025-10-06,MMM,3M,산업재/건설,US,155.82355767879764,156.3243235115565,151.82733426635127,153.103759765625,2421400
2025-10-07,MMM,3M,산업재/건설,US,153.98746096540478,155.07734283534327,152.36735819537526,152.5146484375,1696700
2025-10-08,MMM,3M,산업재/건설,US,152.88774822097128,153.2608504973782,150.0108469553435,153.1724853515625,2084200
2025-10-09,MMM,3M,산업재/건설,US,153.2706932591868,153.76163075843823,148.6264137290673,150.1090545654297,2512200
2025-10-10,MMM,3M,산업재/건설,US,150.46254925684957,151.4542377375755,145.76918736702817,146.05392456054688,3504400
2025-10-13,MMM,3M,산업재/건설,US,147.84092033452498,149.66719338232807,147.69363010077691,148.36131286621094,2724800
2025-10-14,MMM,3M,산업재/건설,US,146.56448893553323,150.92401643651345,146.56448893553323,149.76539611816406,2604800
2025-10-15,MMM,3M,산업재/건설,US,150.90436818652734,152.83866309715583,149.94213490042821,150.6883544921875,2381500
2025-10-16,MMM,3M,산업재/건설,US,151.67023024971522,151.67023024971522,147.88019220537294,148.6656951904297,4279200
2025-10-17,MMM,3M,산업재/건설,US,148.70496419226038,150.29561186347172,148.5282338855832,149.87339782714844,4494000
2025-10-20,MMM,3M,산업재/건설,US,150.45270014784694,153.24123649898948,150.25632814678085,151.974609375,4230400
2025-10-21,MMM,3M,산업재/건설,US,155.13624503578865,163.7963894501396,150.03049819561235,163.61964416503906,7302200
2025-10-22,MMM,3M,산업재/건설,US,164.130220635886,166.11359725249696,162.52975966919226,164.19894409179688,5275800
2025-10-23,MMM,3M,산업재/건설,US,164.18914392142514,168.51921640489815,163.68839304909676,168.48976135253906,4779100
2025-10-24,MMM,3M,산업재/건설,US,168.88250062302947,169.71710036899782,164.70953185763486,165.44593811035156,3612300
2025-10-27,MMM,3M,산업재/건설,US,166.89912753816702,167.53735535104948,164.3658879483737,165.34776306152344,2922300
2025-10-28,MMM,3M,산업재/건설,US,165.26921257011972,165.4459428844041,163.3349175585906,163.80621337890625,2448100
2025-10-29,MMM,3M,산업재/건설,US,164.1204018838079,164.9550016349695,160.64457094153516,161.64608764648438,3163400
2025-10-30,MMM,3M,산업재/건설,US,162.01918781750794,166.19215655362825,161.61663045533678,163.43309020996094,2143700
2025-10-31,MMM,3M,산업재/건설,US,162.49051976967155,164.30697976091355,162.2155959333514,163.48220825195312,2096600
2025-11-03,MMM,3M,산업재/건설,US,163.0010598032652,163.26617024250885,158.5629956872081,159.25030517578125,3141200
2025-11-04,MMM,3M,산업재/건설,US,158.88700771767122,159.28956505084446,156.46177545185992,157.67929077148438,3520900
2025-11-05,MMM,3M,산업재/건설,US,157.77750924095284,161.84247147901104,157.23747494969123,161.3417205810547,2656200
2025-11-06,MMM,3M,산업재/건설,US,161.2238810445852,162.49050825565965,156.67780972756495,160.88023376464844,5193100
2025-11-07,MMM,3M,산업재/건설,US,160.9391278852565,162.28429178276784,159.71178418833807,161.85226440429688,2506400
2025-11-10,MMM,3M,산업재/건설,US,162.00936194563351,166.10377856784737,160.9980319757022,164.63096618652344,2754900
2025-11-11,MMM,3M,산업재/건설,US,164.63097900656368,167.09547985629308,162.99124955886836,165.61285400390625,2365800
2025-11-12,MMM,3M,산업재/건설,US,165.60305116510636,168.66649655706541,165.60305116510636,167.97918701171875,2694300
2025-11-13,MMM,3M,산업재/건설,US,167.33113958856347,169.43235153807723,166.18234760974846,167.5275115966797,3878900
2025-11-14,MMM,3M,산업재/건설,US,166.56114061039636,166.9851538066515,164.66784194213554,165.2496337890625,2748800
2025-11-17,MMM,3M,산업재/건설,US,164.58895500051446,165.4863041617812,162.67593021156355,163.090087890625,2908400
2025-11-18,MMM,3M,산업재/건설,US,161.70957031716082,164.27340584521568,161.0390185321241,163.48452758789062,2325700
2025-11-19,MMM,3M,산업재/건설,US,163.28731127157593,164.9833942531792,162.27163559669276,164.2635498046875,2219100
2025-11-20,MMM,3M,산업재/건설,US,166.38365632047044,167.38947653389948,161.67999821106847,162.32095336914062,3303500
2025-11-21,MMM,3M,산업재/건설,US,163.06051562617517,167.02461799112083,162.8731553458681,165.75254821777344,3183500
2025-11-24,MMM,3M,산업재/건설,US,165.90046635531965,168.38541249730864,164.3227098760179,167.2021026611328,7138100
2025-11-25,MMM,3M,산업재/건설,US,167.92193878800478,169.76594477936118,167.85292003299796,169.15455627441406,2605800
2025-11-26,MMM,3M,산업재/건설,US,168.73056775532007,169.9730409465343,168.30653945375656,168.4248809814453,2031600
2025-11-28,MMM,3M,산업재/건설,US,168.2868006854343,169.8448309650525,167.64583057638762,169.657470703125,1596300
2025-12-01,MMM,3M,산업재/건설,US,168.30654504753218,169.5884704727824,167.25143211403895,168.1093292236328,2244600
2025-12-02,MMM,3M,산업재/건설,US,168.50374918447582,169.53913585733144,167.29084271904986,169.17428588867188,1928500
2025-12-03,MMM,3M,산업재/건설,US,169.65749790116544,172.26078579982138,168.779874728233,170.6830291748047,2883300
2025-12-04,MMM,3M,산업재/건설,US,169.50955471628765,169.61802565951783,166.39350907245816,166.9161376953125,2860400
2025-12-05,MMM,3M,산업재/건설,US,166.84709909164255,166.9851516475453,163.35633300861582,165.15101623535156,3021400
2025-12-08,MMM,3M,산업재/건설,US,163.46480513360083,163.51411284248067,160.03318721068678,161.6799774169922,3254000
2025-12-09,MMM,3M,산업재/건설,US,161.12774926546336,163.43522059907272,161.12774926546336,162.79425048828125,2335000
2025-12-10,MMM,3M,산업재/건설,US,162.29135515680562,164.41145127515108,161.1376269622706,163.35633850097656,3382000
2025-12-11,MMM,3M,산업재/건설,US,164.24383743499615,167.63600368165785,163.90856903881743,166.25547790527344,2525200
2025-12-12,MMM,3M,산업재/건설,US,166.12727155623418,167.47821563657266,165.46659032546276,166.55128479003906,2423500
2025-12-15,MMM,3M,산업재/건설,US,167.2021061380644,167.9909843941198,162.8928799176859,163.39578247070312,2576400
2025-12-16,MMM,3M,산업재/건설,US,163.69160827359235,164.6777022993369,160.57554754105544,160.9305419921875,2786500
2025-12-17,MMM,3M,산업재/건설,US,159.9345973099837,161.94622256321463,158.7709984999629,159.9148712158203,2638500
2025-12-18,MMM,3M,산업재/건설,US,161.09818642518766,161.9462279431715,159.18516148601935,159.5105743408203,2606000
2025-12-19,MMM,3M,산업재/건설,US,159.43167402082537,161.66025613710215,159.43167402082537,159.70779418945312,3715700
2025-12-22,MMM,3M,산업재/건설,US,159.92471736602602,160.3783272255896,156.85797947712126,157.77503967285156,2334600
2025-12-23,MMM,3M,산업재/건설,US,157.75532418868988,158.25824179129185,156.24660147408656,157.92295837402344,1828900
2025-12-24,MMM,3M,산업재/건설,US,157.88352361975836,158.44558942065953,156.85799239791334,158.11032104492188,854400
2025-12-26,MMM,3M,산업재/건설,US,158.09060598014423,159.92472647608489,157.77504866045476,159.8261260986328,1245700
2025-12-29,MMM,3M,산업재/건설,US,159.6190384593981,160.43749832341783,158.58365174806568,159.47113037109375,2185100
2025-12-30,MMM,3M,산업재/건설,US,159.23445871250584,159.43167450789903,158.40614334389394,158.92877197265625,1293600
2025-12-31,MMM,3M,산업재/건설,US,158.92876999441316,159.0964041707408,157.8144789467405,157.8736572265625,1201700
2026-01-02,MMM,3M,산업재/건설,US,157.8736649387988,159.63876668473452,156.84811869085974,159.5697479248047,1961200
2026-01-05,MMM,3M,산업재/건설,US,158.74141167939783,162.11385143395088,158.56392197754798,161.2756805419922,2894500
2026-01-06,MMM,3M,산업재/건설,US,160.61500194281558,164.21423916777078,159.56974466857,163.89869689941406,2854800
2026-01-07,MMM,3M,산업재/건설,US,163.54371132573192,163.5634223740366,159.5204456211169,160.64459228515625,2734400
2026-01-08,MMM,3M,산업재/건설,US,159.52043692861488,163.48452413250166,158.81044801668872,162.9421844482422,2526900
2026-01-09,MMM,3M,산업재/건설,US,163.1887079580332,163.93813401102153,161.67011471162405,162.9421844482422,2306800
2026-01-12,MMM,3M,산업재/건설,US,162.01524794222829,165.93004234366566,160.8417936694639,165.60462951660156,3247700
2026-01-13,MMM,3M,산업재/건설,US,165.663804615446,168.03042437702607,165.45671823917203,167.06405639648438,2827900
2026-01-14,MMM,3M,산업재/건설,US,167.04433744458083,168.4741859518842,165.79200874921884,167.6261444091797,3121900
2026-01-15,MMM,3M,산업재/건설,US,168.129040658295,170.65343909591343,167.56695981026508,168.720703125,2909200
2026-01-16,MMM,3M,산업재/건설,US,166.46253281756688,169.046094392617,164.6777050090566,165.46658325195312,7328100
2026-01-20,MMM,3M,산업재/건설,US,157.23270026527922,161.45318178350334,150.9414301777966,153.94900512695312,11902100
2026-01-21,MMM,3M,산업재/건설,US,154.93508826878832,156.43395539863403,152.19374808521565,153.71234130859375,6969100
2026-01-22,MMM,3M,산업재/건설,US,154.38289103047615,160.2402924352582,154.02789654998625,158.39630126953125,5559600
2026-01-23,MMM,3M,산업재/건설,US,157.65671912512082,161.98567133675326,157.65671912512082,160.4177703857422,4461300
2026-01-26,MMM,3M,산업재/건설,US,159.74723632938515,160.59527781546691,157.2721456771075,157.30172729492188,3891000
2026-01-27,MMM,3M,산업재/건설,US,157.4299143566454,158.68225805529747,155.72397580584015,155.8521728515625,4661100
2026-01-28,MMM,3M,산업재/건설,US,155.66479829423884,157.47920762967817,152.96289533738226,153.77149963378906,4323000
2026-01-29,MMM,3M,산업재/건설,US,155.29007766414006,156.54242124716544,152.47971881459202,154.20538330078125,4137000
2026-01-30,MMM,3M,산업재/건설,US,153.50525724711565,154.55051452101026,149.88629392954059,151.03016662597656,4738200
2026-02-02,MMM,3M,산업재/건설,US,151.41475876525465,151.50350362699766,148.4564763343344,151.29641723632812,5393500
2026-02-03,MMM,3M,산업재/건설,US,150.87238151208646,154.8956468246675,149.12699092468287,153.51510620117188,5178800
2026-02-04,MMM,3M,산업재/건설,US,153.83066348765124,161.54192576433624,153.64330322081918,161.5123291015625,6514900
2026-02-05,MMM,3M,산업재/건설,US,160.9009502289579,163.5141082603593,158.9682144864706,162.78439331054688,3514000
2026-02-06,MMM,3M,산업재/건설,US,164.65797883922227,170.5745430883157,163.70146641522408,170.24913024902344,7257700
2026-02-09,MMM,3M,산업재/건설,US,169.25318262995611,170.19983954120022,166.40337141907278,167.91209411621094,4694500
2026-02-10,MMM,3M,산업재/건설,US,167.70501854042584,171.33383734058026,167.08377448796213,171.01828002929688,3215900
2026-02-11,MMM,3M,산업재/건설,US,171.5803521535946,172.49741233066823,170.04204795553562,170.44635009765625,2996900
2026-02-12,MMM,3M,산업재/건설,US,170.9788488062713,174.94295114851224,170.0026102681265,172.181884765625,4525600
2026-02-13,MMM,3M,산업재/건설,US,172.845531631392,173.0436323697506,168.9626997259167,170.19094848632812,3178200
2026-02-17,MMM,3M,산업재/건설,US,168.38818589906515,169.87396400993924,165.66425936246262,166.03074645996094,4748900
2026-02-18,MMM,3M,산업재/건설,US,165.25814765276738,165.6147350138704,160.96919957293167,162.61346435546875,4211100
2026-02-19,MMM,3M,산업재/건설,US,162.53423320066216,164.05964068166378,161.97954506724997,163.48513793945312,3373800
2026-02-20,MMM,3M,산업재/건설,US,163.4355927655108,167.76415484041942,162.53421708105242,165.47605895996094,2292400
2026-02-23,MMM,3M,산업재/건설,US,165.11948104956522,165.8524704031464,162.75214172051858,164.7628936767578,2922000
2026-02-24,MMM,3M,산업재/건설,US,163.94075472909844,166.69439567617175,163.93085498256826,164.8817596435547,2468500
2026-02-25,MMM,3M,산업재/건설,US,165.67415235788442,166.040654554565,163.43558553646668,163.970458984375,2987900
2026-02-26,MMM,3M,산업재/건설,US,164.30725389545762,166.56563541995732,162.85119013438327,164.59449768066406,3474100
2026-02-27,MMM,3M,산업재/건설,US,163.68323516310807,164.47565324269704,161.32579553271324,163.75257873535156,5367000
2026-03-02,MMM,3M,산업재/건설,US,160.73148649387113,162.6728948367281,157.71040119521822,159.92916870117188,3984400
2026-03-03,MMM,3M,산업재/건설,US,156.02652739718891,158.12642244075192,155.3529667461238,156.9774169921875,4050400
2026-03-04,MMM,3M,산업재/건설,US,157.77972692368647,160.2560238282928,157.26466804969246,159.36456298828125,3865900
2026-03-05,MMM,3M,산업재/건설,US,158.05708652477284,159.44380674959044,153.33230778559516,154.72894287109375,4538000
2026-03-06,MMM,3M,산업재/건설,US,152.64883490909867,152.6587346548514,150.32110995737457,151.95547485351562,4938100
2026-03-09,MMM,3M,산업재/건설,US,150.05369552897795,151.47013013059944,146.3194354937948,150.19236755371094,6235100
2026-03-10,MMM,3M,산업재/건설,US,150.9550460140984,155.02607853444752,150.1725428800103,153.7780303955078,5891100
2026-03-11,MMM,3M,산업재/건설,US,152.42102897592778,153.9167068364478,151.4602245862992,153.69879150390625,3551100
2026-03-12,MMM,3M,산업재/건설,US,151.31164282532094,152.02481755338073,146.8642231928037,147.6863555908203,5683000
2026-03-13,MMM,3M,산업재/건설,US,149.71691818551284,150.9451670010356,148.9740290477466,149.5287322998047,4010700
2026-03-16,MMM,3M,산업재/건설,US,151.14325880048622,151.30174543454885,146.7255534533406,148.52828979492188,5104700
2026-03-17,MMM,3M,산업재/건설,US,150.2121530320947,150.2121530320947,146.59676586551709,147.64671325683594,4412200
2026-03-18,MMM,3M,산업재/건설,US,146.4382786419059,146.92363823823612,142.7337484361036,143.70445251464844,4239600
2026-03-19,MMM,3M,산업재/건설,US,142.07009316924336,142.60498174350872,139.7819973376276,141.35693359375,4275900
2026-03-20,MMM,3M,산업재/건설,US,140.2673681672962,141.9413473610724,138.0188862546188,139.8612518310547,6900600
2026-03-23,MMM,3M,산업재/건설,US,142.67431393595274,146.81469016553893,141.82246720736626,145.17042541503906,4924500
2026-03-24,MMM,3M,산업재/건설,US,143.65493822439055,146.39867949165227,143.52616594578274,145.27938842773438,3036500
2026-03-25,MMM,3M,산업재/건설,US,147.07221706944017,147.75567741265814,145.0812798595536,146.64630126953125,2238500
2026-03-26,MMM,3M,산업재/건설,US,145.695400722029,146.002459119246,142.34745759218382,142.6248016357422,2812100
2026-03-27,MMM,3M,산업재/건설,US,142.32763835552475,144.80393517397536,141.30740527545242,141.6837921142578,3428000
2026-03-30,MMM,3M,산업재/건설,US,142.33753651999768,142.54555210064714,140.41592779197518,141.16873168945312,2483600
2026-03-31,MMM,3M,산업재/건설,US,143.04082503735165,143.91247131290427,140.4357557294802,143.85304260253906,3384900
2026-04-01,MMM,3M,산업재/건설,US,144.63555218058312,145.88360036513646,143.79360519700785,143.8728485107422,2419700
2026-04-02,MMM,3M,산업재/건설,US,140.99044039312477,144.78412915777125,140.80223940549763,143.10025024414062,1782800
2026-04-06,MMM,3M,산업재/건설,US,142.65451433929007,143.77379024709063,142.14934010470324,143.1299591064453,2151000
2026-04-07,MMM,3M,산업재/건설,US,142.46631030738993,143.3280567632979,141.28759060408996,142.98138427734375,2887000
2026-04-08,MMM,3M,산업재/건설,US,147.5674752936819,148.81553855916027,145.62606705822975,147.75567626953125,4223600
2026-04-09,MMM,3M,산업재/건설,US,146.77506354803288,150.00416439948015,146.27980416484078,149.0730743408203,2825800
2026-04-10,MMM,3M,산업재/건설,US,149.78623615792623,150.06358017949177,148.2806435307737,148.894775390625,1826300
2026-04-13,MMM,3M,산업재/건설,US,148.50848509111108,151.34136962890625,147.30006598961702,151.34136962890625,2489100
2026-04-14,MMM,3M,산업재/건설,US,151.70785473481797,152.69837348062256,150.93525132221973,151.1036376953125,2232900
2026-04-15,MMM,3M,산업재/건설,US,150.55884959792326,151.2323950913485,148.6669551630877,149.80606079101562,2837300
2026-04-16,MMM,3M,산업재/건설,US,150.05369443544637,151.42060006524807,149.0037318397001,149.1226043701172,2143800
2026-04-17,MMM,3M,산업재/건설,US,151.39087736106964,154.89732208969036,150.46970220731842,153.0846710205078,4950500
2026-04-20,MMM,3M,산업재/건설,US,152.5597080783974,153.46106868944952,149.58815171208568,149.96453857421875,4672700
2026-04-21,MMM,3M,산업재/건설,US,150.33103172284942,156.64063118966627,145.46758113637668,147.06231689453125,7233600
2026-04-22,MMM,3M,산업재/건설,US,149.19193443647416,149.47919334779158,143.37759400986283,144.3978271484375,4583000
2026-04-23,MMM,3M,산업재/건설,US,144.81384197931203,145.97274713314533,142.22858737026326,143.46673583984375,5138200
2026-04-24,MMM,3M,산업재/건설,US,143.04081355246737,144.89307874267888,142.63469724542233,144.6058349609375,5931000
2026-04-27,MMM,3M,산업재/건설,US,144.2987660190113,145.8043587694714,143.288447763756,144.38792419433594,2991000
2026-04-28,MMM,3M,산업재/건설,US,144.06105955988002,144.68509125282796,142.38708033627643,144.6454620361328,3726200
2026-04-29,MMM,3M,산업재/건설,US,144.41762935885552,145.18033298915327,142.01066106058138,142.50592041015625,3757600
2026-04-30,MMM,3M,산업재/건설,US,142.63470208027528,145.50720045152295,142.4663157040134,145.1308135986328,5017900
2026-05-01,MMM,3M,산업재/건설,US,145.88360432815134,145.9232335431534,140.85176712520288,141.14892578125,2757900
2026-05-04,MMM,3M,산업재/건설,US,140.51499312607638,142.88233237859905,140.0494480956788,140.21783447265625,4053300
2026-05-05,MMM,3M,산업재/건설,US,141.04986542668,142.92194527915672,140.97063722627564,141.4658966064453,3386100
2026-05-06,MMM,3M,산업재/건설,US,143.61532744538383,146.91375689046163,143.11015318015467,145.15061950683594,4910100
2026-05-07,MMM,3M,산업재/건설,US,145.0416526859934,145.5468269193626,142.10972566246662,142.38706970214844,2764000
2026-05-08,MMM,3M,산업재/건설,US,143.3478766934008,143.92237939004727,141.4460824807695,141.93142700195312,2566000
2026-05-11,MMM,3M,산업재/건설,US,142.13944366202432,143.43702083399035,141.5253268604201,141.98095703125,3319300
2026-05-12,MMM,3M,산업재/건설,US,142.25830458861043,143.22902389047013,140.67348358410908,141.85220336914062,2798600
2026-05-13,MMM,3M,산업재/건설,US,145.61614883699085,148.3400752655651,144.63554499573831,145.70530700683594,7625900
2026-05-14,MMM,3M,산업재/건설,US,146.63639259509247,146.65620720251746,143.3082489111964,143.74407958984375,4105600
2026-05-15,MMM,3M,산업재/건설,US,143.01111292805874,145.46759538447688,143.01111292805874,144.8336639404297,5276200
2026-05-18,MMM,3M,산업재/건설,US,145.21004787551664,151.2423031481555,145.11098995959068,151.0838165283203,5520500
2026-05-19,MMM,3M,산업재/건설,US,149.92491563458418,149.92491563458418,146.9533594434501,147.94387817382812,4629300
2026-05-20,MMM,3M,산업재/건설,US,148.3797084053311,149.4395555844371,146.15104126841092,148.35989379882812,3873100
2026-05-21,MMM,3M,산업재/건설,US,147.3594886258157,151.47013567040543,145.92323936409866,150.16265869140625,2834400
2026-05-22,MMM,3M,산업재/건설,US,152.23357556040958,152.79114754832975,151.0388088280043,151.7755889892578,3209100
2026-05-26,MMM,3M,산업재/건설,US,152.45262043281244,153.91621464181245,151.3872919360852,153.35865783691406,2319100
2026-05-27,MMM,3M,산업재/건설,US,154.0356962993744,156.00706212786497,153.9759450505134,154.49368286132812,2877500
2026-05-28,MMM,3M,산업재/건설,US,153.2690529477872,153.6175183528859,150.58082397119932,152.18380737304688,3224200
2026-05-29,MMM,3M,산업재/건설,US,151.83532645218068,153.74695628017676,151.11846336764674,152.46258544921875,7901700
2026-06-01,MMM,3M,산업재/건설,US,149.67478001104183,150.40159401089267,147.75318412527167,150.27215576171875,2691100
2026-06-02,MMM,3M,산업재/건설,US,149.5254354072062,152.49245805989025,148.52979389236066,152.23358154296875,3391700
2026-06-03,MMM,3M,산업재/건설,US,151.99463657893276,153.17945240672432,150.84963972694058,150.98902893066406,3330500
2026-06-04,MMM,3M,산업재/건설,US,152.5820601611976,153.647403860492,151.7656268373701,152.10415649414062,2473200
2026-06-05,MMM,3M,산업재/건설,US,152.92057126268975,153.9659978551166,152.02450000762866,153.08982849121094,2488400
2026-06-08,MMM,3M,산업재/건설,US,152.1340167970537,155.39971954193416,151.5864109603823,153.179443359375,3054400
2026-06-09,MMM,3M,산업재/건설,US,153.607569844727,157.2416552532258,152.99027697448915,155.7083740234375,3434300
2026-06-10,MMM,3M,산업재/건설,US,153.68721391222638,162.29950632640052,151.058721107609,156.16636657714844,7862100
2026-06-11,MMM,3M,산업재/건설,US,157.78924843367318,158.91432810298303,154.46380972762327,157.22174072265625,4873700
2026-06-12,MMM,3M,산업재/건설,US,159.17319117515544,159.29267847797493,155.58889112850542,157.6299591064453,4576700
2026-06-15,MMM,3M,산업재/건설,US,160.70649198662173,161.69216731068946,156.5248008857438,157.54034423828125,4426200
2026-06-16,MMM,3M,산업재/건설,US,158.9342541514112,162.43890121898352,157.72952127723843,160.925537109375,3430500
2026-06-17,MMM,3M,산업재/건설,US,160.79609051855448,163.5838895536175,158.17754870306868,158.53598022460938,3781500
2026-06-18,MMM,3M,산업재/건설,US,160.90561681856738,161.51295871633133,159.21302937649378,159.9000244140625,6934500
2026-06-22,MMM,3M,산업재/건설,US,160.3281486531853,162.84712041903268,159.82037696018315,162.50860595703125,2642100
2026-06-23,MMM,3M,산업재/건설,US,161.3237873485582,163.45445950224953,160.2982778423408,161.13461303710938,2816100
2026-06-24,MMM,3M,산업재/건설,US,161.74194833446657,167.6958798713943,160.87574514616972,165.18687438964844,4556000
2026-06-25,MMM,3M,산업재/건설,US,166.44138356177325,169.02009133601624,165.89377771203667,167.23789978027344,2381800
2026-06-26,MMM,3M,산업재/건설,US,166.43143047834005,167.06864040649822,162.65794082867777,163.29515075683594,6334000
2026-06-29,MMM,3M,산업재/건설,US,163.494286366957,164.86826121348784,161.05495270273713,161.72203063964844,5260400
2026-06-30,MMM,3M,산업재/건설,US,162.97655579920584,164.52975407254442,160.2086737085572,161.20431518554688,4024600
2026-07-01,MMM,3M,산업재/건설,US,161.40344048195035,162.2895607889965,158.526037220438,159.2628173828125,2662100
2026-07-02,MMM,3M,산업재/건설,US,160.6567110015096,161.29392094570252,158.9143383987011,159.74072265625,1837600
2026-07-06,MMM,3M,산업재/건설,US,159.72079823031027,159.75066625817414,155.36984999226905,158.45632934570312,2180100
2026-07-07,MMM,3M,산업재/건설,US,159.1134620184567,159.20306610524426,155.74818896445765,157.32130432128906,1839300
2026-07-08,MMM,3M,산업재/건설,US,155.3200632169572,155.8079329873091,152.89069569484982,154.02572631835938,2310900
2026-07-09,MMM,3M,산업재/건설,US,155.7581603469574,156.62436359963706,153.92618361362588,154.66294860839844,3829900
2026-07-10,MMM,3M,산업재/건설,US,154.85211830126866,157.71957062764827,154.72268004722744,156.8334503173828,1945300
2026-07-13,MMM,3M,산업재/건설,US,156.5347459064221,158.70523691858185,156.07674416674925,157.0126495361328,1726400
2026-07-14,MMM,3M,산업재/건설,US,158.07799439809207,159.07363583000148,155.2404102402373,155.8975372314453,3579200
2026-07-15,MMM,3M,산업재/건설,US,156.96287000095919,162.30947496880756,156.31570912924812,159.830322265625,3287100
2026-07-16,MMM,3M,산업재/건설,US,159.18316436176076,162.63804150575112,158.4264671154309,161.06492614746094,3482400
2026-07-17,MMM,3M,산업재/건설,US,162.95663438424626,163.51419116577463,159.03380463841506,159.14332580566406,2922700
2026-07-20,MMM,3M,산업재/건설,US,159.72080709509405,160.97530991185184,158.31694893844468,158.41651916503906,4063900
2026-07-21,MMM,3M,산업재/건설,US,168.35301238103193,175.3922048605782,168.2634082949518,170.01573181152344,11003500
2026-07-22,MMM,3M,산업재/건설,US,171.30011781447118,173.88877651902362,168.99022231362918,170.01573181152344,4593800
2026-07-23,MMM,3M,산업재/건설,US,170.24473722530075,171.24037867659075,167.58637637343037,168.850830078125,4736800
2026-07-24,MMM,3M,산업재/건설,US,169.56770058220468,172.5944592346749,168.7214144268272,171.8676300048828,4101300
2026-07-27,MMM,3M,산업재/건설,US,174.39655943524593,178.50854827901392,172.76370807048852,177.4531707763672,4826300
2026-07-28,MMM,3M,산업재/건설,US,178.8172095759656,184.09409707996218,178.1999015493925,181.6846466064453,5501400
2026-07-29,MMM,3M,산업재/건설,US,180.33057426847583,181.4058688557967,176.77614219775774,177.1743927001953,4822200
2026-07-30,MMM,3M,산업재/건설,US,176.83587819125108,177.64234533338535,173.20179298287627,175.30259704589844,2811800
2026-07-31,MMM,3M,산업재/건설,US,175.73071530724542,176.3679252253141,174.16755094394472,175.5116729736328,2676800
2026-08-03,MMM,3M,산업재/건설,US,177.22418298149498,178.65790913975104,175.36233828024248,176.45753479003906,2749500
2026-08-04,MMM,3M,산업재/건설,US,178.38908773975427,180.87819151776995,175.83029695594172,180.65914916992188,2980000
2026-08-05,MMM,3M,산업재/건설,US,180.30071690926243,182.58074446863876,180.30071690926243,181.28640747070312,2728600
2026-08-06,MMM,3M,산업재/건설,US,181.23661739368558,182.70021158470595,178.677826690007,179.92237854003906,2547000
2026-08-07,MMM,3M,산업재/건설,US,179.434501947621,182.74002363608713,178.389075394744,182.10281372070312,2430400
2026-08-10,MMM,3M,산업재/건설,US,182.5608208070296,182.70021000533688,180.2210572722823,181.24656677246094,1942500
2026-08-11,MMM,3M,산업재/건설,US,181.14701706913718,183.57638476162415,180.96779369902268,182.3318328857422,2335500
2026-08-12,MMM,3M,산업재/건설,US,182.96903770195536,183.59628149903818,180.59940613526874,182.97898864746094,2647500
2026-08-13,MMM,3M,산업재/건설,US,183.37724262019455,183.8850295039432,179.70333827791703,181.85391235351562,2852800
2026-08-14,MMM,3M,산업재/건설,US,181.14701540219846,183.4469448168987,180.56954151402917,181.85391235351562,2644600
2026-08-17,MMM,3M,산업재/건설,US,180.90805665176305,182.4313869241406,178.8769546860208,179.424560546875,3873800
2026-08-18,MMM,3M,산업재/건설,US,179.81285273915643,180.86823025004108,178.2297712805465,180.1513671875,2318500
2026-08-19,MMM,3M,산업재/건설,US,181.21669596173933,182.63050500637576,179.11589188160514,179.87258911132812,2765400
2026-08-20,MMM,3M,산업재/건설,US,178.46872946352363,181.1768754160933,177.1246074324919,177.31378173828125,3499900
2026-08-21,MMM,3M,산업재/건설,US,177.24410250215672,180.24097792119125,177.24410250215672,178.1800079345703,2587900
2026-08-24,MMM,3M,산업재/건설,US,178.8800048828125,180.35000610351562,178.22999572753906,179.00999450683594,2088100
2026-08-25,MMM,3M,산업재/건설,US,180.3300018310547,180.8000030517578,178.61000061035156,179.3699951171875,2316900
2026-08-26,MMM,3M,산업재/건설,US,180.5,180.6699981689453,178.5399932861328,180.0,2673700
2026-08-27,MMM,3M,산업재/건설,US,177.77000427246094,180.0,176.91000366210938,178.8300018310547,2394600
2026-08-28,MMM,3M,산업재/건설,US,179.66000366210938,179.83999633789062,173.57000732421875,174.33999633789062,2336400
2026-08-31,MMM,3M,산업재/건설,US,173.5,173.64999389648438,171.66000366210938,171.8300018310547,2362500
2026-09-01,MMM,3M,산업재/건설,US,171.9600067138672,172.42999267578125,169.52000427246094,170.24000549316406,3340200
2026-09-02,MMM,3M,산업재/건설,US,171.0,171.25999450683594,168.0800018310547,168.75,2174500
2026-09-03,MMM,3M,산업재/건설,US,169.74000549316406,169.75,165.8000030517578,168.30999755859375,3005800
2026-09-04,MMM,3M,산업재/건설,US,167.8699951171875,169.58999633789062,167.5500030517578,168.55999755859375,2175200
2026-09-08,MMM,3M,산업재/건설,US,168.1699981689453,168.55999755859375,165.7100067138672,167.52000427246094,2179600
2026-09-09,MMM,3M,산업재/건설,US,166.0,166.80999755859375,164.02999877929688,164.39999389648438,3288700
2026-09-10,MMM,3M,산업재/건설,US,164.4499969482422,164.4499969482422,161.3000030517578,162.86000061035156,2908600
2026-09-11,MMM,3M,산업재/건설,US,164.36000061035156,165.3699951171875,162.5500030517578,164.97000122070312,3285600
2026-09-14,MMM,3M,산업재/건설,US,162.47999572753906,163.3800048828125,160.27000427246094,162.02000427246094,3000800
2026-09-15,MMM,3M,산업재/건설,US,162.32000732421875,166.25,160.67999267578125,164.6699981689453,4174800
2026-09-16,MMM,3M,산업재/건설,US,165.57000732421875,166.2899932861328,161.3699951171875,162.64999389648438,2885700
2026-09-17,MMM,3M,산업재/건설,US,164.83999633789062,165.4600067138672,162.8699951171875,164.7100067138672,2401300
2025-09-18,BASFY,BASF,화학/소재,DE,12.138968096548473,12.167756822955303,12.081392474030853,12.148564338684082,90300
2025-09-19,BASFY,BASF,화학/소재,DE,12.062199418861844,12.100583470439567,12.033411608965547,12.043007850646973,112200
2025-09-22,BASFY,BASF,화학/소재,DE,11.918259793848119,11.975835415281354,11.860683257266881,11.937451362609863,120700
2025-09-23,BASFY,BASF,화학/소재,DE,12.071795675792593,12.129372210805897,12.004623814233721,12.090988159179688,241400
2025-09-24,BASFY,BASF,화학/소재,DE,11.8894723913232,11.956644257017466,11.8894723913232,11.9278564453125,286800
2025-09-25,BASFY,BASF,화학/소재,DE,11.70714666008265,11.822298814295506,11.697550418444585,11.755126953125,176000
2025-09-26,BASFY,BASF,화학/소재,DE,11.77431944426259,11.918259408337772,11.77431944426259,11.899066925048828,103000
2025-09-29,BASFY,BASF,화학/소재,DE,11.927856247001197,11.995028111578671,11.90866376275162,11.956644058227539,124500
2025-09-30,BASFY,BASF,화학/소재,DE,11.860683467275702,11.966240300352327,11.822299413924572,11.956644058227539,77900
2025-10-01,BASFY,BASF,화학/소재,DE,12.05260447739198,12.081392288208008,11.947047645819872,12.081392288208008,91100
2025-10-02,BASFY,BASF,화학/소재,DE,12.215735647705266,12.263715941052913,12.148563786107344,12.234928131103516,97300
2025-10-03,BASFY,BASF,화학/소재,DE,12.340484816003354,12.474829462747776,12.330889488852208,12.455636978149414,118800
2025-10-06,BASFY,BASF,화학/소재,DE,12.302100393174237,12.340484446072285,12.24452477140117,12.321292877197266,79800
2025-10-07,BASFY,BASF,화학/소재,DE,12.302100205751778,12.330888931347724,12.225332101125245,12.254120826721191,117900
2025-10-08,BASFY,BASF,화학/소재,DE,12.100584216592777,12.11018045886593,11.966240485360757,12.023816108703613,142300
2025-10-09,BASFY,BASF,화학/소재,DE,12.071796406528241,12.090988891077103,11.793511786605972,11.879876136779785,128600
2025-10-10,BASFY,BASF,화학/소재,DE,11.947047788819118,11.956644030921991,11.716743469238281,11.716743469238281,179600
2025-10-13,BASFY,BASF,화학/소재,DE,11.783915532072863,11.841492070511519,11.764723962691997,11.83189582824707,219400
2025-10-14,BASFY,BASF,화학/소재,DE,11.563207229982117,11.649571578416234,11.53441941888675,11.620782852172852,136500
2025-10-15,BASFY,BASF,화학/소재,DE,11.755127338024936,11.851087927251687,11.735934854120385,11.793511390686035,128500
2025-10-16,BASFY,BASF,화학/소재,DE,11.889472365245425,12.062200150244406,11.870279880718853,11.975835800170898,162600
2025-10-17,BASFY,BASF,화학/소재,DE,12.1197767117884,12.215736389160156,12.110180469506815,12.215736389160156,67900
2025-10-20,BASFY,BASF,화학/소재,DE,12.167757008048296,12.273312927701635,12.138968281203539,12.215736389160156,88400
2025-10-21,BASFY,BASF,화학/소재,DE,12.033411965824612,12.052604449756629,11.937451376460542,11.985431671142578,80500
2025-10-22,BASFY,BASF,화학/소재,DE,11.927856247001197,12.052604649179376,11.879875951525278,11.956644058227539,88500
2025-10-23,BASFY,BASF,화학/소재,DE,12.100583462485595,12.167756239063436,12.081391894283337,12.138967514038086,1877900
2025-10-24,BASFY,BASF,화학/소재,DE,12.119775945835828,12.158159997388319,12.100583462485595,12.138967514038086,201800
2025-10-27,BASFY,BASF,화학/소재,DE,12.100583644720889,12.138967696851445,12.023815540459776,12.062199592590332,115600
2025-10-28,BASFY,BASF,화학/소재,DE,12.014220237731934,12.090988342146042,11.90866340780154,12.014220237731934,158200
2025-10-29,BASFY,BASF,화학/소재,DE,12.206140489138985,12.273312351661346,12.014220228255098,12.110179901123047,109900
2025-10-30,BASFY,BASF,화학/소재,DE,12.014220017872091,12.033411586050416,11.84149132852728,11.85108757019043,89600
2025-10-31,BASFY,BASF,화학/소재,DE,11.841492058092628,11.841492058092628,11.764723950353618,11.783915519714355,104400
2025-11-03,BASFY,BASF,화학/소재,DE,11.85108772897625,11.889471780995162,11.793511193373886,11.822299003601074,125300
2025-11-04,BASFY,BASF,화학/소재,DE,11.49603407784272,11.534419044922728,11.44805469928868,11.486438751220703,177700
2025-11-05,BASFY,BASF,화학/소재,DE,11.783915532072863,11.851088312775968,11.745531478163102,11.83189582824707,128300
2025-11-06,BASFY,BASF,화학/소재,DE,11.84149169921875,11.879875751924969,11.80310764651253,11.84149169921875,107200
2025-11-07,BASFY,BASF,화학/소재,DE,11.678358880845618,11.860682896705606,11.678358880845618,11.85108757019043,81000
2025-11-10,BASFY,BASF,화학/소재,DE,11.947047816102753,11.966240300352327,11.841491898174146,11.956644058227539,178900
2025-11-11,BASFY,BASF,화학/소재,DE,12.014220055927268,12.11977596911235,11.995027572540176,12.090988159179688,136500
2025-11-12,BASFY,BASF,화학/소재,DE,12.090988543893202,12.186948218438001,12.090988543893202,12.129372596740723,75200
2025-11-13,BASFY,BASF,화학/소재,DE,12.186948589659428,12.311696994000782,12.17735234736824,12.263716697692871,218900
2025-11-14,BASFY,BASF,화학/소재,DE,11.96624011613193,12.090988516389608,11.956643874154876,12.033411979675293,80900
2025-11-17,BASFY,BASF,화학/소재,DE,11.812704059970972,11.822299386925827,11.649571604814208,11.716743469238281,136300
2025-11-18,BASFY,BASF,화학/소재,DE,11.572803102790957,11.659166533321319,11.553610619241107,11.630378723144531,158600
2025-11-19,BASFY,BASF,화학/소재,DE,11.9758358264381,12.033412364996067,11.8894723913232,11.9278564453125,126500
2025-11-20,BASFY,BASF,화학/소재,DE,11.764723964152292,11.860683641364588,11.6207830756118,11.687955856323242,183400
2025-11-21,BASFY,BASF,화학/소재,DE,11.947047659353993,12.158160407589362,11.947047659353993,12.129372596740723,145000
2025-11-24,BASFY,BASF,화학/소재,DE,12.1869478225708,12.28290840914653,12.148563770970105,12.1869478225708,182300
2025-11-25,BASFY,BASF,화학/소재,DE,12.340484434862022,12.455636593451558,12.282908813141258,12.417252540588379,165800
2025-11-26,BASFY,BASF,화학/소재,DE,12.263716525087752,12.407657411985594,12.263716525087752,12.38846492767334,72000
2025-11-28,BASFY,BASF,화학/소재,DE,12.388464374837685,12.474828720092773,12.37886813310979,12.474828720092773,44700
2025-12-01,BASFY,BASF,화학/소재,DE,12.436445024593972,12.484425319459946,12.40765721373359,12.417252540588379,133100
2025-12-02,BASFY,BASF,화학/소재,DE,12.753113354684604,12.753113354684604,12.484424991696441,12.570789337158203,152700
2025-12-03,BASFY,BASF,화학/소재,DE,12.417252565544377,12.4556366184847,12.321292890767575,12.36927318572998,105700
2025-12-04,BASFY,BASF,화학/소재,DE,12.052604275347532,12.07179584385383,11.899067151557203,11.966239929199219,189000
2025-12-05,BASFY,BASF,화학/소재,DE,12.11977673793834,12.215736415517139,12.11977673793834,12.167757034301758,186400
2025-12-08,BASFY,BASF,화학/소재,DE,12.081391902224695,12.138967522017289,12.023815367284124,12.043007850646973,105000
2025-12-09,BASFY,BASF,화학/소재,DE,11.947047829096926,12.062199989275562,11.947047829096926,12.004624366760254,95500
2025-12-10,BASFY,BASF,화학/소재,DE,11.947047829576373,12.167756822955303,11.947047829576373,12.148564338684082,93200
2025-12-11,BASFY,BASF,화학/소재,DE,12.417252371673499,12.56119325431336,12.417252371673499,12.542000770568848,121600
2025-12-12,BASFY,BASF,화학/소재,DE,12.609173577100266,12.705133250596301,12.542000798990246,12.637961387634277,73000
2025-12-15,BASFY,BASF,화학/소재,DE,12.455636593451558,12.474829077457152,12.350080676864819,12.417252540588379,75500
2025-12-16,BASFY,BASF,화학/소재,DE,12.657153515266668,12.676345999902292,12.484425729286231,12.551597595214844,112400
2025-12-17,BASFY,BASF,화학/소재,DE,12.350080676864819,12.494021561462743,12.350080676864819,12.417252540588379,53500
2025-12-18,BASFY,BASF,화학/소재,DE,12.350080475663894,12.40765701159466,12.282908613034662,12.30210018157959,76600
2025-12-19,BASFY,BASF,화학/소재,DE,12.302100578389412,12.321293062701395,12.234928713593522,12.244524955749512,84300
2025-12-22,BASFY,BASF,화학/소재,DE,12.30210018157959,12.340484233817435,12.234928318950356,12.30210018157959,192700
2025-12-23,BASFY,BASF,화학/소재,DE,12.350080475663894,12.350080475663894,12.234928318950356,12.30210018157959,136100
2025-12-24,BASFY,BASF,화학/소재,DE,12.666749747499512,12.666749747499512,12.225332667860002,12.3596773147583,38900
2025-12-26,BASFY,BASF,화학/소재,DE,12.359677302581138,12.369273544881855,12.282909194471468,12.311697006225586,147900
2025-12-29,BASFY,BASF,화학/소재,DE,12.503616514994333,12.532405240143172,12.3980606015592,12.426848411560059,85700
2025-12-30,BASFY,BASF,화학/소재,DE,12.225331926055402,12.561193065347862,12.225331926055402,12.474828720092773,95500
2025-12-31,BASFY,BASF,화학/소재,DE,12.234928726458465,12.51321334323866,12.234928726458465,12.436445236206055,78300
2026-01-02,BASFY,BASF,화학/소재,DE,12.503616732449016,12.589981079101562,12.48442516383067,12.589981079101562,105000
2026-01-05,BASFY,BASF,화학/소재,DE,12.234928318950356,12.321292665272509,12.186948024866052,12.30210018157959,97400
2026-01-06,BASFY,BASF,화학/소재,DE,12.30210005902206,12.599577147262798,12.30210005902206,12.570789337158203,62800
2026-01-07,BASFY,BASF,화학/소재,DE,12.455636604766427,12.455636604766427,12.311696635185752,12.321292877197266,66700
2026-01-08,BASFY,BASF,화학/소재,DE,12.186948053270818,12.39806079864502,12.186948053270818,12.39806079864502,79000
2026-01-09,BASFY,BASF,화학/소재,DE,12.54200118030922,12.599577718275759,12.494021799676467,12.532405853271484,93600
2026-01-12,BASFY,BASF,화학/소재,DE,12.542000968577074,12.542000968577074,12.436445051759762,12.513213157653809,107900
2026-01-13,BASFY,BASF,화학/소재,DE,12.513212970040904,12.513212970040904,12.39806081292633,12.446041107177734,143600
2026-01-14,BASFY,BASF,화학/소재,DE,12.570789358019002,12.772305859381529,12.570789358019002,12.762709617614746,170900
2026-01-15,BASFY,BASF,화학/소재,DE,12.8298818661954,12.897053730290514,12.724325949024792,12.801094055175781,110200
2026-01-16,BASFY,BASF,화학/소재,DE,12.494021774054518,12.503617101072578,12.369273371339533,12.436445236206055,324200
2026-01-20,BASFY,BASF,화학/소재,DE,12.234928873723327,12.302100739398359,12.177352335181848,12.215736389160156,129500
2026-01-21,BASFY,BASF,화학/소재,DE,12.551596874485435,12.858669289838625,12.551596874485435,12.762709617614746,261900
2026-01-22,BASFY,BASF,화학/소재,DE,12.858669289838625,13.175337946958598,12.714729323928813,12.762709617614746,258300
2026-01-23,BASFY,BASF,화학/소재,DE,12.935437824756477,13.088974952697754,12.877862202533011,13.088974952697754,220900
2026-01-26,BASFY,BASF,화학/소재,DE,13.204126728868472,13.242510780952182,13.136953951360985,13.194530487060547,127000
2026-01-27,BASFY,BASF,화학/소재,DE,13.156146621596108,13.319279074052902,13.14655037965206,13.261702537536621,72500
2026-01-28,BASFY,BASF,화학/소재,DE,13.223318868434392,13.252107595101515,13.088975137913264,13.156147003173828,101300
2026-01-29,BASFY,BASF,화학/소재,DE,13.261702537536621,13.280895021424715,13.050590705655594,13.261702537536621,101600
2026-01-30,BASFY,BASF,화학/소재,DE,13.079378896514795,13.127359192481661,12.973822977506114,13.01220703125,598200
2026-02-02,BASFY,BASF,화학/소재,DE,13.18493445679256,13.271298804153542,13.021802004032482,13.213723182678223,72600
2026-02-03,BASFY,BASF,화학/소재,DE,13.136954178750026,13.415238789960789,13.117762609949976,13.405643463134766,134500
2026-02-04,BASFY,BASF,화학/소재,DE,13.971808794452505,14.10615252021728,13.952616310687253,14.058172225952148,310300
2026-02-05,BASFY,BASF,화학/소재,DE,13.818272219344605,13.895040327162784,13.722312542145898,13.827868461608887,266400
2026-02-06,BASFY,BASF,화학/소재,DE,13.616755708976019,13.74150411298077,13.59756413959346,13.683928489685059,84600
2026-02-09,BASFY,BASF,화학/소재,DE,13.904636223569234,13.943020276523574,13.827868117660552,13.933424949645996,88900
2026-02-10,BASFY,BASF,화학/소재,DE,14.489994432995681,14.56676254027092,14.442014137161651,14.5283784866333,270200
2026-02-11,BASFY,BASF,화학/소재,DE,14.566762343132645,14.72989479767179,14.547569858999562,14.701106071472168,153600
2026-02-12,BASFY,BASF,화학/소재,DE,14.89302744039456,14.96979554760088,14.547570042818093,14.624338150024414,203600
2026-02-13,BASFY,BASF,화학/소재,DE,14.480398362700416,14.585954282669949,14.432418066296796,14.54757022857666,170200
2026-02-17,BASFY,BASF,화학/소재,DE,14.365245424465972,14.442013528505834,14.298072647070104,14.422821044921875,234900
2026-02-18,BASFY,BASF,화학/소재,DE,14.000596629194508,14.192516891439354,13.895039798598845,14.01019287109375,524400
2026-02-19,BASFY,BASF,화학/소재,DE,13.731908018177167,13.818271448292561,13.693523966409886,13.751099586486816,328700
2026-02-20,BASFY,BASF,화학/소재,DE,13.83746450541864,13.97180914974772,13.789484209933393,13.856656074523926,124500
2026-02-23,BASFY,BASF,화학/소재,DE,13.808676904527871,13.914232824084879,13.789484419982216,13.875848770141602,153300
2026-02-24,BASFY,BASF,화학/소재,DE,13.827868461608887,13.895040327162784,13.789484407699797,13.827868461608887,87900
2026-02-25,BASFY,BASF,화학/소재,DE,13.875848782415769,13.933425320955633,13.779888189898672,13.923829078674316,102600
2026-02-26,BASFY,BASF,화학/소재,DE,14.067769062836382,14.13494092855983,13.875848792806506,14.11574935913086,107600
2026-02-27,BASFY,BASF,화학/소재,DE,13.67433224597253,13.952616865600435,13.67433224597253,13.827868461608887,106100
2026-03-02,BASFY,BASF,화학/소재,DE,13.10816673207469,13.367259781682096,13.098570489834112,13.252107620239258,237300
2026-03-03,BASFY,BASF,화학/소재,DE,12.52280906433307,12.829881479686259,12.494021254180705,12.762709617614746,220600
2026-03-04,BASFY,BASF,화학/소재,DE,12.858669506803343,12.954630095794354,12.781901401669735,12.92584228515625,135800
2026-03-05,BASFY,BASF,화학/소재,DE,12.839478306846168,12.945034225649463,12.762710199507765,12.91624641418457,158700
2026-03-06,BASFY,BASF,화학/소재,DE,12.446041491061285,12.666749570218034,12.417252764533691,12.628365516662598,143500
2026-03-09,BASFY,BASF,화학/소재,DE,12.417252801870346,12.839478307397725,12.302100640857796,12.772306442260742,192000
2026-03-10,BASFY,BASF,화학/소재,DE,12.781901369770521,12.935437579654563,12.67634545426224,12.685941696166992,155300
2026-03-11,BASFY,BASF,화학/소재,DE,12.849074720580331,13.00261093730678,12.829882235915505,12.93543815612793,109400
2026-03-12,BASFY,BASF,화학/소재,DE,13.242511364535428,13.520795983193034,13.18493482629853,13.348067283630371,202000
2026-03-13,BASFY,BASF,화학/소재,DE,13.530391644113374,13.587967264728603,13.175338018011509,13.242510795593262,164500
2026-03-16,BASFY,BASF,화학/소재,DE,13.261702197194179,13.424834645464415,13.261702197194179,13.36725902557373,150400
2026-03-17,BASFY,BASF,화학/소재,DE,13.44402751876567,13.578371245838843,13.37685474008108,13.549583435058594,124500
2026-03-18,BASFY,BASF,화학/소재,DE,13.367259931487451,13.43443179762822,13.136954690872743,13.175338745117188,240800
2026-03-19,BASFY,BASF,화학/소재,DE,12.70513367383616,13.069782641623654,12.676345862343155,12.964226722717285,223600
2026-03-20,BASFY,BASF,화학/소재,DE,12.945033620328001,12.973822345594735,12.609173395214624,12.714729309082031,157900
2026-03-23,BASFY,BASF,화학/소재,DE,13.088975309428216,13.367259931487451,12.993014716243085,13.175338745117188,189700
2026-03-24,BASFY,BASF,화학/소재,DE,13.280894702374223,13.674331461148503,13.280894702374223,13.559179306030273,186000
2026-03-25,BASFY,BASF,화학/소재,DE,13.885444246777153,13.981403918770159,13.818271469719269,13.94301986694336,260100
2026-03-26,BASFY,BASF,화학/소재,DE,14.000596432100174,14.163728881498786,13.866251792846029,14.038980484008789,118000
2026-03-27,BASFY,BASF,화학/소재,DE,14.374841306004065,14.489994381656954,14.30766944116323,14.336457252502441,195400
2026-03-30,BASFY,BASF,화학/소재,DE,14.489994420288582,14.66272220393238,14.422821640120636,14.480398178100586,201400
2026-03-31,BASFY,BASF,화학/소재,DE,14.58595334881577,14.768278280446705,14.499589003848273,14.739489555358887,201800
2026-04-01,BASFY,BASF,화학/소재,DE,14.278881430516433,14.355649536448134,14.106152734596103,14.221304893493652,188000
2026-04-02,BASFY,BASF,화학/소재,DE,14.048577505546152,14.22130529114827,14.029385020952564,14.163729667663574,209700
2026-04-06,BASFY,BASF,화학/소재,DE,13.91423231402998,14.269285028777123,13.91423231402998,14.250093460083008,164000
2026-04-07,BASFY,BASF,화학/소재,DE,14.25968880785104,14.614741523120937,14.25968880785104,14.585953712463379,374000
2026-04-08,BASFY,BASF,화학/소재,DE,14.442013966527178,14.662722043548785,14.432417724444148,14.65312671661377,193000
2026-04-09,BASFY,BASF,화학/소재,DE,14.960198802010531,15.104138769391875,14.691510435829628,15.046563148498535,200700
2026-04-10,BASFY,BASF,화학/소재,DE,15.430403893691846,15.478383273410827,15.29605925109388,15.353635787963867,223100
2026-04-13,BASFY,BASF,화학/소재,DE,15.315251528163271,15.47838306427002,15.267271233944584,15.47838306427002,148500
2026-04-14,BASFY,BASF,화학/소재,DE,15.363232188800616,15.411211569015636,15.152119438292068,15.180907249450684,90600
2026-04-15,BASFY,BASF,화학/소재,DE,15.056158820033327,15.056158820033327,14.883431038249482,14.941006660461426,79400
2026-04-16,BASFY,BASF,화학/소재,DE,15.027370664768759,15.104138769391875,14.979390370592313,15.046563148498535,84800
2026-04-17,BASFY,BASF,화학/소재,DE,14.912218290985079,15.0177742045199,14.816257704027617,14.883430480957031,189700
2026-04-20,BASFY,BASF,화학/소재,DE,14.864238764172198,15.017774979104821,14.845047194879633,14.960199356079102,75700
2026-04-21,BASFY,BASF,화학/소재,DE,15.046563332613257,15.12333143817573,14.921814932287232,14.969795227050781,73800
2026-04-22,BASFY,BASF,화학/소재,DE,15.084947559629608,15.094542886574741,14.960199157862707,14.98898696899414,114100
2026-04-23,BASFY,BASF,화학/소재,DE,15.190502946847232,15.276867292374213,15.017774255793267,15.171311378479004,139300
2026-04-24,BASFY,BASF,화학/소재,DE,15.180907473044256,15.286464307427243,15.142523419218088,15.248080253601074,71200
2026-04-27,BASFY,BASF,화학/소재,DE,15.315251335485176,15.324847577237783,15.200099179897826,15.267271041870117,72300
2026-04-28,BASFY,BASF,화학/소재,DE,15.315251533673402,15.324847775550191,15.190503134719128,15.238483428955078,85800
2026-04-29,BASFY,BASF,화학/소재,DE,15.190502916839414,15.344039124073868,15.04656295134411,15.075350761413574,55800
2026-04-30,BASFY,BASF,화학/소재,DE,15.08494723776139,15.44959619318841,15.08494723776139,15.430403709411621,97300
2026-05-01,BASFY,BASF,화학/소재,DE,15.449596776308207,15.516768641766268,15.267271834139141,15.440000534057617,76100
2026-05-04,BASFY,BASF,화학/소재,DE,15.593536749474916,15.593536749474916,15.315252130244055,15.440000534057617,114700
2026-05-05,BASFY,BASF,화학/소재,DE,15.539999961853027,15.75,15.520000457763672,15.670000076293945,372100
2026-05-06,BASFY,BASF,화학/소재,DE,15.449999809265137,15.550000190734863,15.3100004196167,15.5,3096100
2026-05-07,BASFY,BASF,화학/소재,DE,15.109999656677246,15.109999656677246,14.819999694824219,14.819999694824219,463700
2026-05-08,BASFY,BASF,화학/소재,DE,15.140000343322754,15.300000190734863,15.140000343322754,15.270000457763672,122800
2026-05-11,BASFY,BASF,화학/소재,DE,15.84000015258789,15.970000267028809,15.739999771118164,15.760000228881836,188300
2026-05-12,BASFY,BASF,화학/소재,DE,15.779999732971191,15.84000015258789,15.579999923706055,15.829999923706055,180000
2026-05-13,BASFY,BASF,화학/소재,DE,15.8100004196167,15.949999809265137,15.760000228881836,15.829999923706055,108900
2026-05-14,BASFY,BASF,화학/소재,DE,15.640000343322754,15.6899995803833,15.520000457763672,15.520000457763672,70900
2026-05-15,BASFY,BASF,화학/소재,DE,15.390000343322754,15.420000076293945,15.289999961853027,15.319999694824219,65800
2026-05-18,BASFY,BASF,화학/소재,DE,15.470000267028809,15.510000228881836,15.380000114440918,15.460000038146973,139900
2026-05-19,BASFY,BASF,화학/소재,DE,15.300000190734863,15.3100004196167,15.130000114440918,15.170000076293945,145600
2026-05-20,BASFY,BASF,화학/소재,DE,15.09000015258789,15.109999656677246,14.84000015258789,14.9399995803833,118800
2026-05-21,BASFY,BASF,화학/소재,DE,15.100000381469727,15.25,15.020000457763672,15.229999542236328,94400
2026-05-22,BASFY,BASF,화학/소재,DE,15.010000228881836,15.149999618530273,14.970000267028809,15.029999732971191,62200
2026-05-26,BASFY,BASF,화학/소재,DE,15.010000228881836,15.039999961853027,14.899999618530273,15.010000228881836,89700
2026-05-27,BASFY,BASF,화학/소재,DE,14.75,14.90999984741211,14.720000267028809,14.859999656677246,97400
2026-05-28,BASFY,BASF,화학/소재,DE,14.850000381469727,14.90999984741211,14.75,14.760000228881836,78100
2026-05-29,BASFY,BASF,화학/소재,DE,14.890000343322754,14.890000343322754,14.770000457763672,14.770000457763672,121300
2026-06-01,BASFY,BASF,화학/소재,DE,14.789999961853027,14.880000114440918,14.720000267028809,14.850000381469727,111300
2026-06-02,BASFY,BASF,화학/소재,DE,14.960000038146973,14.989999771118164,14.75,14.850000381469727,110200
2026-06-03,BASFY,BASF,화학/소재,DE,14.670000076293945,14.789999961853027,14.65999984741211,14.6899995803833,105400
2026-06-04,BASFY,BASF,화학/소재,DE,14.890000343322754,14.920000076293945,14.640000343322754,14.699999809265137,103000
2026-06-05,BASFY,BASF,화학/소재,DE,14.829999923706055,14.84000015258789,14.529999732971191,14.670000076293945,111800
2026-06-08,BASFY,BASF,화학/소재,DE,14.170000076293945,14.1899995803833,14.0,14.0600004196167,190200
2026-06-09,BASFY,BASF,화학/소재,DE,14.010000228881836,14.130000114440918,13.920000076293945,14.050000190734863,350900
2026-06-10,BASFY,BASF,화학/소재,DE,13.899999618530273,13.920000076293945,13.760000228881836,13.800000190734863,114300
2026-06-11,BASFY,BASF,화학/소재,DE,14.119999885559082,14.279999732971191,13.979999542236328,14.260000228881836,238500
2026-06-12,BASFY,BASF,화학/소재,DE,14.149999618530273,14.390000343322754,14.100000381469727,14.359999656677246,186000
2026-06-15,BASFY,BASF,화학/소재,DE,14.1899995803833,14.289999961853027,14.140000343322754,14.270000457763672,155500
2026-06-16,BASFY,BASF,화학/소재,DE,14.289999961853027,14.3100004196167,14.140000343322754,14.140000343322754,134200
2026-06-17,BASFY,BASF,화학/소재,DE,14.319999694824219,14.460000038146973,14.180000305175781,14.210000038146973,565300
2026-06-18,BASFY,BASF,화학/소재,DE,13.770000457763672,13.949999809265137,13.75,13.880000114440918,158100
2026-06-22,BASFY,BASF,화학/소재,DE,13.920000076293945,14.050000190734863,13.899999618530273,13.970000267028809,211300
2026-06-23,BASFY,BASF,화학/소재,DE,13.8100004196167,13.90999984741211,13.75,13.829999923706055,162000
2026-06-24,BASFY,BASF,화학/소재,DE,13.850000381469727,13.869999885559082,13.75,13.829999923706055,145700
2026-06-25,BASFY,BASF,화학/소재,DE,13.649999618530273,13.720000267028809,13.59000015258789,13.65999984741211,96900
2026-06-26,BASFY,BASF,화학/소재,DE,13.630000114440918,13.640000343322754,13.529999732971191,13.550000190734863,112200
2026-06-29,BASFY,BASF,화학/소재,DE,13.5,13.520000457763672,13.34000015258789,13.40999984741211,199800
2026-06-30,BASFY,BASF,화학/소재,DE,13.34000015258789,13.369999885559082,13.260000228881836,13.3100004196167,162800
2026-07-01,BASFY,BASF,화학/소재,DE,13.180000305175781,13.380000114440918,13.149999618530273,13.260000228881836,110600
2026-07-02,BASFY,BASF,화학/소재,DE,13.489999771118164,13.65999984741211,13.489999771118164,13.609999656677246,152700
2026-07-06,BASFY,BASF,화학/소재,DE,13.579999923706055,13.579999923706055,13.479999542236328,13.5600004196167,251500
2026-07-07,BASFY,BASF,화학/소재,DE,13.600000381469727,13.619999885559082,13.430000305175781,13.4399995803833,186100
2026-07-08,BASFY,BASF,화학/소재,DE,13.630000114440918,13.670000076293945,13.449999809265137,13.59000015258789,110500
2026-07-09,BASFY,BASF,화학/소재,DE,13.529999732971191,13.550000190734863,13.420000076293945,13.489999771118164,192200
2026-07-10,BASFY,BASF,화학/소재,DE,13.520000457763672,13.609999656677246,13.489999771118164,13.489999771118164,106500
2026-07-13,BASFY,BASF,화학/소재,DE,13.829999923706055,13.960000038146973,13.800000190734863,13.8100004196167,164200
2026-07-14,BASFY,BASF,화학/소재,DE,14.15999984741211,14.180000305175781,14.010000228881836,14.039999961853027,211300
2026-07-15,BASFY,BASF,화학/소재,DE,13.460000038146973,13.760000228881836,13.460000038146973,13.670000076293945,93100
2026-07-16,BASFY,BASF,화학/소재,DE,13.770000457763672,13.8100004196167,13.75,13.789999961853027,159000
2026-07-17,BASFY,BASF,화학/소재,DE,13.8100004196167,13.90999984741211,13.779999732971191,13.819999694824219,126200
2026-07-20,BASFY,BASF,화학/소재,DE,13.579999923706055,13.6899995803833,13.529999732971191,13.65999984741211,383300
2026-07-21,BASFY,BASF,화학/소재,DE,13.619999885559082,13.760000228881836,13.579999923706055,13.739999771118164,119800
2026-07-22,BASFY,BASF,화학/소재,DE,13.970000267028809,14.039999961853027,13.90999984741211,13.949999809265137,73400
2026-07-23,BASFY,BASF,화학/소재,DE,13.869999885559082,13.90999984741211,13.819999694824219,13.859999656677246,119300
2026-07-24,BASFY,BASF,화학/소재,DE,13.720000267028809,13.8100004196167,13.720000267028809,13.789999961853027,148900
2026-07-27,BASFY,BASF,화학/소재,DE,13.729999542236328,13.779999732971191,13.680000305175781,13.710000038146973,169700
2026-07-28,BASFY,BASF,화학/소재,DE,13.789999961853027,13.960000038146973,13.789999961853027,13.920000076293945,201100
2026-07-29,BASFY,BASF,화학/소재,DE,14.470000267028809,14.619999885559082,14.399999618530273,14.569999694824219,162400
2026-07-30,BASFY,BASF,화학/소재,DE,14.720000267028809,14.84000015258789,14.680000305175781,14.819999694824219,161800
2026-07-31,BASFY,BASF,화학/소재,DE,14.479999542236328,14.550000190734863,14.380000114440918,14.529999732971191,93300
2026-08-03,BASFY,BASF,화학/소재,DE,14.8100004196167,14.829999923706055,14.65999984741211,14.720000267028809,126700
2026-08-04,BASFY,BASF,화학/소재,DE,14.529999732971191,14.59000015258789,14.470000267028809,14.579999923706055,82800
2026-08-05,BASFY,BASF,화학/소재,DE,14.65999984741211,14.680000305175781,14.550000190734863,14.640000343322754,73100
2026-08-06,BASFY,BASF,화학/소재,DE,14.789999961853027,14.859999656677246,14.720000267028809,14.770000457763672,135300
2026-08-07,BASFY,BASF,화학/소재,DE,14.920000076293945,14.9399995803833,14.84000015258789,14.899999618530273,68600
2026-08-10,BASFY,BASF,화학/소재,DE,14.8100004196167,14.899999618530273,14.779999732971191,14.880000114440918,80400
2026-08-11,BASFY,BASF,화학/소재,DE,14.760000228881836,14.880000114440918,14.739999771118164,14.789999961853027,87100
2026-08-12,BASFY,BASF,화학/소재,DE,14.800000190734863,14.84000015258789,14.729999542236328,14.729999542236328,81700
2026-08-13,BASFY,BASF,화학/소재,DE,14.460000038146973,14.479999542236328,14.359999656677246,14.430000305175781,75500
2026-08-14,BASFY,BASF,화학/소재,DE,14.59000015258789,14.829999923706055,14.59000015258789,14.789999961853027,84400
2026-08-17,BASFY,BASF,화학/소재,DE,14.640000343322754,14.770000457763672,14.5600004196167,14.640000343322754,1010700
2026-08-18,BASFY,BASF,화학/소재,DE,14.800000190734863,14.800000190734863,14.729999542236328,14.75,83100
2026-08-19,BASFY,BASF,화학/소재,DE,15.069999694824219,15.15999984741211,15.020000457763672,15.09000015258789,113800
2026-08-20,BASFY,BASF,화학/소재,DE,14.829999923706055,15.050000190734863,14.829999923706055,15.0,106400
2026-08-21,BASFY,BASF,화학/소재,DE,15.119999885559082,15.170000076293945,15.0600004196167,15.09000015258789,90000
2026-08-24,BASFY,BASF,화학/소재,DE,15.289999961853027,15.369999885559082,15.239999771118164,15.279999732971191,115800
2026-08-25,BASFY,BASF,화학/소재,DE,14.989999771118164,15.149999618530273,14.90999984741211,15.100000381469727,74200
2026-08-26,BASFY,BASF,화학/소재,DE,15.15999984741211,15.170000076293945,15.039999961853027,15.050000190734863,104800
2026-08-27,BASFY,BASF,화학/소재,DE,14.930000305175781,15.0,14.859999656677246,15.0,69500
2026-08-28,BASFY,BASF,화학/소재,DE,15.260000228881836,15.270000457763672,15.119999885559082,15.220000267028809,156300
2026-08-31,BASFY,BASF,화학/소재,DE,15.479999542236328,15.510000228881836,15.34000015258789,15.359999656677246,135700
2026-09-01,BASFY,BASF,화학/소재,DE,15.289999961853027,15.380000114440918,15.260000228881836,15.350000381469727,87600
2026-09-02,BASFY,BASF,화학/소재,DE,15.430000305175781,15.5,15.40999984741211,15.460000038146973,94200
2026-09-03,BASFY,BASF,화학/소재,DE,15.609999656677246,15.609999656677246,15.479999542236328,15.5600004196167,97700
2026-09-04,BASFY,BASF,화학/소재,DE,15.479999542236328,15.5600004196167,15.449999809265137,15.5,58200
2026-09-08,BASFY,BASF,화학/소재,DE,15.600000381469727,15.670000076293945,15.529999732971191,15.569999694824219,73200
2026-09-09,BASFY,BASF,화학/소재,DE,15.539999961853027,15.539999961853027,15.239999771118164,15.319999694824219,48500
2026-09-10,BASFY,BASF,화학/소재,DE,15.479999542236328,15.5600004196167,15.40999984741211,15.520000457763672,75400
2026-09-11,BASFY,BASF,화학/소재,DE,15.020000457763672,15.09000015258789,14.989999771118164,15.050000190734863,97000
2026-09-14,BASFY,BASF,화학/소재,DE,15.170000076293945,15.199999809265137,14.989999771118164,15.149999618530273,120000
2026-09-15,BASFY,BASF,화학/소재,DE,14.960000038146973,15.029999732971191,14.9399995803833,15.020000457763672,86000
2026-09-16,BASFY,BASF,화학/소재,DE,15.100000381469727,15.100000381469727,14.920000076293945,14.970000267028809,89700
2026-09-17,BASFY,BASF,화학/소재,DE,15.0600004196167,15.119999885559082,15.020000457763672,15.0600004196167,126600
2025-09-18,DD,DuPont,화학/소재,US,94.90779392450679,96.73341240134835,93.95797328302591,96.33868408203125,2714960
2025-09-19,DD,DuPont,화학/소재,US,96.49904808487796,96.70874563014046,95.0558170442507,96.33868408203125,5292655
2025-09-22,DD,DuPont,화학/소재,US,96.11665379582227,97.96694655378055,95.27784861414871,96.53604888916016,3770145
2025-09-23,DD,DuPont,화학/소재,US,96.93079256351177,97.69557500054358,95.52456905380883,95.56156921386719,3747440
2025-09-24,DD,DuPont,화학/소재,US,95.62324731511133,96.3880297215338,92.74911848230879,93.51390838623047,2751527
2025-09-25,DD,DuPont,화학/소재,US,93.31654582565358,93.61259208437153,91.60193520537125,91.95966339111328,1905706
2025-09-26,DD,DuPont,화학/소재,US,92.71212118803953,94.37739092261384,92.47775683419208,93.97032165527344,2164304
2025-09-29,DD,DuPont,화학/소재,US,94.90780195639512,95.54923552956883,93.78528383146674,95.0311508178711,2404977
2025-09-30,DD,DuPont,화학/소재,US,94.73509761856218,96.12898763520231,94.52540007090354,96.09197998046875,2851668
2025-10-01,DD,DuPont,화학/소재,US,95.56157075524939,97.11581742275382,95.54923736836435,96.4867172241211,2224453
2025-10-02,DD,DuPont,화학/소재,US,96.58540403824973,99.97761792002734,96.52372960330833,99.90360260009766,3360738
2025-10-03,DD,DuPont,화학/소재,US,100.13796505648068,100.89042158268207,98.27533131797355,98.3370132446289,3164440
2025-10-06,DD,DuPont,화학/소재,US,98.78108041210582,101.11245025635154,98.62072390090083,99.69389343261719,2534834
2025-10-07,DD,DuPont,화학/소재,US,99.85425841180981,100.22432000481828,96.81977284263967,97.30084991455078,2074122
2025-10-08,DD,DuPont,화학/소재,US,97.54755069950905,98.09030967719174,96.5360555558723,96.67174530029297,1523147
2025-10-09,DD,DuPont,화학/소재,US,97.11581116048572,97.81892663008938,95.61090563506114,96.01797485351562,1925065
2025-10-10,DD,DuPont,화학/소재,US,96.36336750217771,97.2885139628112,90.88649655652767,90.91116333007812,3421444
2025-10-13,DD,DuPont,화학/소재,US,92.1940425619877,94.8337923278501,92.1940425619877,93.68660736083984,2227400
2025-10-14,DD,DuPont,화학/소재,US,92.18168815890458,96.01797087374551,92.08300607927838,95.69725036621094,2185735
2025-10-15,DD,DuPont,화학/소재,US,96.54839707033278,98.25066683622704,96.04264574646234,96.86911010742188,2536666
2025-10-16,DD,DuPont,화학/소재,US,97.44887151003788,97.54755360027843,95.66025300130299,96.37570190429688,2612668
2025-10-17,DD,DuPont,화학/소재,US,96.70876152009095,98.83043408252536,96.56073837602577,98.15199279785156,2970531
2025-10-20,DD,DuPont,화학/소재,US,98.83042712749392,99.96527115213087,98.68240399384563,99.85425567626953,2426169
2025-10-21,DD,DuPont,화학/소재,US,99.91592992769091,100.92742508788292,99.73090663408831,100.0762939453125,1786127
2025-10-22,DD,DuPont,화학/소재,US,99.55821013388899,100.0022795380673,97.48587875022396,98.32467651367188,1586163
2025-10-23,DD,DuPont,화학/소재,US,99.23748931476663,100.81641024491412,98.94144304614515,100.2736587524414,1520837
2025-10-24,DD,DuPont,화학/소재,US,101.02610477135089,101.27280998777977,99.7062299890815,99.92826843261719,1395999
2025-10-27,DD,DuPont,화학/소재,US,100.10096879873612,101.67988984642201,99.69390702345389,100.38468170166016,2456442
2025-10-28,DD,DuPont,화학/소재,US,100.47102290892043,102.59269533106334,100.13796898242128,101.02610778808594,3012037
2025-10-29,DD,DuPont,화학/소재,US,100.56970134489633,102.87640447546195,100.56970134489633,101.3468246459961,2727946
2025-10-30,DD,DuPont,화학/소재,US,100.24898416900716,101.60586664471172,99.38551213946796,100.49568939208984,2762760
2025-10-31,DD,DuPont,화학/소재,US,100.38467373619311,102.54335380617283,100.00227876672528,100.71772766113281,3190809
2025-11-03,DD,DuPont,화학/소재,US,99.32272215281365,102.88996475403405,98.29087133967184,102.27085876464844,6834433
2025-11-04,DD,DuPont,화학/소재,US,100.94420128370642,111.91126585208845,100.47249611525483,111.32164001464844,7261833
2025-11-05,DD,DuPont,화학/소재,US,112.26504241865709,117.51272959576961,111.8817852509325,116.83465576171875,5263033
2025-11-06,DD,DuPont,화학/소재,US,115.71436470169748,118.24976404615362,114.62355353018727,115.41954803466797,3692167
2025-11-07,DD,DuPont,화학/소재,US,114.94784736915503,117.77805580939295,113.53273940028652,117.3358383178711,2442800
2025-11-10,DD,DuPont,화학/소재,US,117.92546450701042,119.10471615308089,116.09761920735184,118.63301849365234,2234200
2025-11-11,DD,DuPont,화학/소재,US,118.86887222988659,120.28398026158149,118.42665471873165,119.10472106933594,2343033
2025-11-12,DD,DuPont,화학/소재,US,119.51745956889326,121.5516735077737,119.51745956889326,120.2544937133789,1916000
2025-11-13,DD,DuPont,화학/소재,US,120.25449686085916,121.40426835695055,119.01627736641501,119.69435119628906,1795100
2025-11-14,DD,DuPont,화학/소재,US,117.98443358180174,119.48798216606762,116.83466201706895,117.07051086425781,2252000
2025-11-17,DD,DuPont,화학/소재,US,116.92310470872238,117.54221071602863,113.35585450674526,113.94548034667969,1481467
2025-11-18,DD,DuPont,화학/소재,US,113.32637354214553,115.47851571514066,112.44193103971608,114.09288787841797,1984467
2025-11-19,DD,DuPont,화학/소재,US,114.41718300698157,114.68251200500637,110.49616338506468,111.6754150390625,2015000
2025-11-20,DD,DuPont,화학/소재,US,113.23793646811708,113.38533730840076,109.22846866741193,109.4348373413086,2335667
2025-11-21,DD,DuPont,화학/소재,US,109.93602199826056,114.53511562362824,109.81809382927696,113.6211929321289,1596867
2025-11-24,DD,DuPont,화학/소재,US,113.82755513178117,114.6530297752263,112.67778366519728,113.4148178100586,2660933
2025-11-25,DD,DuPont,화학/소재,US,113.7685896896118,115.1836976766448,112.70726619683624,114.3287353515625,2144733
2025-11-26,DD,DuPont,화학/소재,US,114.44666785787135,116.62829025480777,114.32873968864524,116.2745132446289,1349500
2025-11-28,DD,DuPont,화학/소재,US,116.80788346974691,118.0227760371017,116.51156416586319,117.84498596191406,761900
2025-12-01,DD,DuPont,화학/소재,US,116.60045524690396,119.94882849469143,115.35592480303663,118.25982666015625,2005067
2025-12-02,DD,DuPont,화학/소재,US,118.73393573274214,119.35619722487117,116.51156357207904,117.10419464111328,1410800
2025-12-03,DD,DuPont,화학/소재,US,117.51904296875,118.82283433266026,116.83751309589479,117.51904296875,1341433
2025-12-04,DD,DuPont,화학/소재,US,117.37088729158828,119.44509986771028,117.19309721159422,117.99314880371094,1395233
2025-12-05,DD,DuPont,화학/소재,US,118.23019618617587,120.80814850092266,117.96351484203889,120.03772735595703,1496933
2025-12-08,DD,DuPont,화학/소재,US,120.12662601259177,121.16372850041186,119.5339874073084,120.24514770507812,1474067
2025-12-09,DD,DuPont,화학/소재,US,119.77104476885388,121.87488768409688,119.56362427318594,120.33404541015625,1225600
2025-12-10,DD,DuPont,화학/소재,US,120.33404468368313,122.28972793715292,120.21551545728295,121.37114715576172,1597967
2025-12-11,DD,DuPont,화학/소재,US,121.22300268707184,123.86021597115547,121.10447345319686,122.94163513183594,1061733
2025-12-12,DD,DuPont,화학/소재,US,123.26757055716698,123.949092849586,120.92666932606829,121.2822494506836,1608067
2025-12-15,DD,DuPont,화학/소재,US,122.37862747969778,122.94162812100016,119.59325469603667,120.33404541015625,1985600
2025-12-16,DD,DuPont,화학/소재,US,120.39330980938993,121.01557131476045,119.11914883921054,119.85993957519531,1801300
2025-12-17,DD,DuPont,화학/소재,US,119.83030347750196,121.4304141043205,119.20804200159553,120.30441284179688,1556467
2025-12-18,DD,DuPont,화학/소재,US,121.04520695761431,121.4896783764136,119.88956770445296,120.03772735595703,1848267
2025-12-19,DD,DuPont,화학/소재,US,121.07484671576235,122.88237802490593,120.39331678772477,122.2601089477539,4822200
2025-12-22,DD,DuPont,화학/소재,US,123.00089383554742,124.00837346662912,122.05268258822606,122.91200256347656,1288833
2025-12-23,DD,DuPont,화학/소재,US,122.64531019257406,122.88236864945651,121.46004805101342,121.60820770263672,2282533
2025-12-24,DD,DuPont,화학/소재,US,122.0823083473342,122.0823083473342,120.83777783590548,121.69709777832031,639567
2025-12-26,DD,DuPont,화학/소재,US,121.66747783175812,122.40826861068122,121.22300637868966,122.2601089477539,871533
2025-12-29,DD,DuPont,화학/소재,US,122.05267716642597,122.17120639296827,120.2451460241479,121.16372680664062,1222767
2025-12-30,DD,DuPont,화학/소재,US,121.25262604968161,121.5193073907268,120.09698680991826,120.54146575927734,1022867
2025-12-31,DD,DuPont,화학/소재,US,120.33404837115876,120.39330921831842,119.05988740723487,119.11914825439453,1011900
2026-01-02,DD,DuPont,화학/소재,US,119.83030833778892,121.16373014636461,119.0895176068343,121.1044692993164,1380100
2026-01-05,DD,DuPont,화학/소재,US,120.63036190900547,124.95658467212026,120.54147063696438,124.48247528076172,1741133
2026-01-06,DD,DuPont,화학/소재,US,124.21579015053797,129.46059357710692,123.62315908115127,128.7198028564453,1996367
2026-01-07,DD,DuPont,화학/소재,US,128.74943363280047,128.83832490238157,126.23074216135547,128.0975341796875,1363633
2026-01-08,DD,DuPont,화학/소재,US,128.0382642520436,130.20137542031736,127.38636484516731,128.60125732421875,1460167
2026-01-09,DD,DuPont,화학/소재,US,129.43095152723603,130.82364173628702,128.7790671299882,129.816162109375,950333
2026-01-12,DD,DuPont,화학/소재,US,130.05321475346395,130.37916447321808,128.1864227740908,128.69015502929688,1376900
2026-01-13,DD,DuPont,화학/소재,US,128.92723014922265,130.527333460856,128.03828721418802,129.7569122314453,1411900
2026-01-14,DD,DuPont,화학/소재,US,130.2013797035006,130.8828944824638,125.75662800065497,127.09004974365234,4408133
2026-01-15,DD,DuPont,화학/소재,US,128.03827730917396,130.20138869803822,127.56416038050077,128.57164001464844,1695633
2026-01-16,DD,DuPont,화학/소재,US,128.6901694890303,129.31243857588186,126.88265322313931,127.00117492675781,1458300
2026-01-20,DD,DuPont,화학/소재,US,125.28253173828125,126.17148217178692,124.0083782419221,125.28253173828125,1616267
2026-01-21,DD,DuPont,화학/소재,US,127.03079555598968,129.19390690877046,126.46778736436681,128.54200744628906,1474300
2026-01-22,DD,DuPont,화학/소재,US,129.4902383937914,133.22382283522086,129.19391905830403,129.7569122314453,2671300
2026-01-23,DD,DuPont,화학/소재,US,129.6976506215412,131.77187088641733,128.8975989703947,130.7940216064453,1928233
2026-01-26,DD,DuPont,화학/소재,US,131.32738189658602,132.2163247078071,130.675482463597,130.9718017578125,1057567
2026-01-27,DD,DuPont,화학/소재,US,130.9717987840487,132.83859070236707,130.61621865334877,132.1866912841797,1031100
2026-01-28,DD,DuPont,화학/소재,US,132.51264529543798,133.37195769276755,130.85326627448978,132.24595642089844,1127533
2026-01-29,DD,DuPont,화학/소재,US,132.48302371604234,133.54976421397936,129.87544085600513,132.15707397460938,893400
2026-01-30,DD,DuPont,화학/소재,US,130.34954841363708,131.44591938400796,127.68270458802411,130.14212036132812,1497033
2026-02-02,DD,DuPont,화학/소재,US,129.81615872145403,131.92000919207504,129.43094814936822,131.6533203125,1174600
2026-02-03,DD,DuPont,화학/소재,US,132.63117427351182,135.94991742634056,131.62369463655673,134.2312774658203,1654033
2026-02-04,DD,DuPont,화학/소재,US,135.50544321112523,142.32071192209784,135.1202326330516,141.72808837890625,2518933
2026-02-05,DD,DuPont,화학/소재,US,139.56498581752683,140.00945727076768,133.99423976072163,135.35728454589844,1776833
2026-02-06,DD,DuPont,화학/소재,US,137.0462919858869,138.79456241716582,135.65360172586088,138.46861267089844,1185533
2026-02-09,DD,DuPont,화학/소재,US,137.69819500360487,139.9205673629732,137.2833539717607,139.5649871826172,1439233
2026-02-10,DD,DuPont,화학/소재,US,143.20966442690195,146.85434203322905,140.42428414355675,146.46913146972656,2726633
2026-02-11,DD,DuPont,화학/소재,US,147.8025717216728,153.72889779723533,147.71368044768172,152.69178771972656,4137067
2026-02-12,DD,DuPont,화학/소재,US,153.8177776701666,156.0401497837791,145.87650794895185,146.46913146972656,2671800
2026-02-13,DD,DuPont,화학/소재,US,146.43950398994986,149.047086719464,144.89866170497683,148.81004333496094,1421700
2026-02-17,DD,DuPont,화학/소재,US,148.12851646085363,150.82499051415252,147.80256672913654,150.73609924316406,1524800
2026-02-18,DD,DuPont,화학/소재,US,152.0398799843975,154.05483918075342,151.2990892651484,152.15841674804688,1500100
2026-02-19,DD,DuPont,화학/소재,US,151.74356460962971,152.72139864151282,148.4248218282688,148.86929321289062,1726167
2026-02-20,DD,DuPont,화학/소재,US,148.60262567871652,150.9731651892576,147.47662430942324,149.373046875,1621767
2026-02-23,DD,DuPont,화학/소재,US,148.92856532434055,150.08419704037593,146.350613012746,148.39520263671875,1077367
2026-02-24,DD,DuPont,화학/소재,US,149.1063631851223,151.71394592422178,149.1063631851223,151.3287353515625,844100
2026-02-25,DD,DuPont,화학/소재,US,152.0695156376409,152.51398702614105,148.09887341942826,150.3508758544922,916433
2026-02-26,DD,DuPont,화학/소재,US,150.32125273708527,151.83246457426668,147.1802923009849,149.19525146484375,950900
2026-02-27,DD,DuPont,화학/소재,US,147.74330965231272,148.78041972125723,146.7950908566252,148.27667236328125,1280767
2026-03-02,DD,DuPont,화학/소재,US,146.01563316499647,148.66342899930206,143.48683463006043,147.68165588378906,1149933
2026-03-03,DD,DuPont,화학/소재,US,143.6058349609375,144.61735742264605,140.24402499563763,143.6058349609375,1182733
2026-03-04,DD,DuPont,화학/소재,US,145.09336757817468,146.01564210044162,142.56456888848848,143.04058837890625,1155233
2026-03-05,DD,DuPont,화학/소재,US,142.65382515903855,143.39758855375325,137.98298438219214,138.9945068359375,1791000
2026-03-06,DD,DuPont,화학/소재,US,135.09717969609423,136.7334682547168,131.70562040900163,134.6509246826172,2195633
2026-03-09,DD,DuPont,화학/소재,US,131.43786587193662,135.18644745711435,128.07605579457655,134.5914306640625,1943167
2026-03-10,DD,DuPont,화학/소재,US,134.9484296461065,139.08375222807524,133.3121411289863,136.76321411132812,1146867
2026-03-11,DD,DuPont,화학/소재,US,135.95996264202213,136.8524727156663,134.26417534381116,136.82272338867188,1253167
2026-03-12,DD,DuPont,화학/소재,US,135.00792857339331,135.66244398158875,132.98489883122218,134.88893127441406,1817100
2026-03-13,DD,DuPont,화학/소재,US,135.90044857044168,136.6144626806184,133.10390591550447,133.5799102783203,896300
2026-03-16,DD,DuPont,화학/소재,US,134.79966953155116,137.09047348340286,134.56167493118573,135.0674285888672,951200
2026-03-17,DD,DuPont,화학/소재,US,136.52521962984045,137.47724352175626,135.21620380185095,135.48394775390625,837433
2026-03-18,DD,DuPont,화학/소재,US,134.740173328428,135.06743104177858,130.66434927219632,130.90235900878906,1524900
2026-03-19,DD,DuPont,화학/소재,US,128.84955341187825,130.3668445427506,126.8562731135225,129.4743194580078,1521200
2026-03-20,DD,DuPont,화학/소재,US,130.12883962923988,130.66434259432413,125.0712502573876,126.26126861572266,3335500
2026-03-23,DD,DuPont,화학/소재,US,130.42635289577433,133.78816282846552,129.35533179351364,131.31886291503906,1912367
2026-03-24,DD,DuPont,화학/소재,US,130.09910286957802,136.22770632942473,129.65284783359306,134.85919189453125,1512400
2026-03-25,DD,DuPont,화학/소재,US,136.85247060303666,138.16150149820652,135.5434397078668,137.83424377441406,987200
2026-03-26,DD,DuPont,화학/소재,US,136.5252156611549,138.25075229488317,136.10870994927,136.91197204589844,890700
2026-03-27,DD,DuPont,화학/소재,US,136.1087021567059,136.9417135327837,134.23441899457828,134.6509246826172,1166833
2026-03-30,DD,DuPont,화학/소재,US,136.04919908487517,136.34670746149393,130.69409370145104,131.55686950683594,1514767
2026-03-31,DD,DuPont,화학/소재,US,133.84767517019512,137.47724453269873,133.13366102898436,136.25746154785156,1332600
2026-04-01,DD,DuPont,화학/소재,US,137.77472714593048,139.7085241222388,137.0012144081693,137.47723388671875,1113333
2026-04-02,DD,DuPont,화학/소재,US,135.12692410262838,137.65572259615143,133.6691466816058,135.30543518066406,891300
2026-04-06,DD,DuPont,화학/소재,US,135.1566755996554,135.63269506079965,133.4609035565314,135.5731964111328,881900
2026-04-07,DD,DuPont,화학/소재,US,135.84093419370052,135.84093419370052,133.81790453695885,135.4541778564453,951533
2026-04-08,DD,DuPont,화학/소재,US,140.4820400076318,142.47532054853843,139.2325077633242,142.3563232421875,1125167
2026-04-09,DD,DuPont,화학/소재,US,141.22580339077314,143.45709367557063,140.80929768677296,141.07704162597656,977533
2026-04-10,DD,DuPont,화학/소재,US,142.14806391133203,142.29682567731413,140.06553537473476,140.5712890625,731800
2026-04-13,DD,DuPont,화학/소재,US,139.4705111483066,140.72002820373257,138.39949004426788,140.27377319335938,1035167
2026-04-14,DD,DuPont,화학/소재,US,140.89854858063077,140.89854858063077,137.47723976622814,138.87550354003906,868667
2026-04-15,DD,DuPont,화학/소재,US,139.0540049831772,139.0540049831772,135.87069100728047,137.0309600830078,1087500
2026-04-16,DD,DuPont,화학/소재,US,137.47723139491788,139.23250212007386,136.85246529808657,139.08375549316406,970133
2026-04-17,DD,DuPont,화학/소재,US,139.79776857100967,143.04058120170555,139.08375450311507,140.86878967285156,1167500
2026-04-20,DD,DuPont,화학/소재,US,140.74977397110234,141.61254977671337,139.17299924608557,139.8275146484375,737667
2026-04-21,DD,DuPont,화학/소재,US,139.797763535838,141.16629297199572,138.161490182792,138.96475219726562,1190833
2026-04-22,DD,DuPont,화학/소재,US,140.42253782144093,140.89854216677415,135.8706942532675,136.79296875,1069667
2026-04-23,DD,DuPont,화학/소재,US,137.62598933231092,138.19125682483354,135.84095400316878,137.9532470703125,874333
2026-04-24,DD,DuPont,화학/소재,US,138.45899476355817,138.45899476355817,136.2574538085221,137.83424377441406,901367
2026-04-27,DD,DuPont,화학/소재,US,137.7747232976626,140.0952765780348,137.50697937185058,138.90525817871094,793000
2026-04-28,DD,DuPont,화학/소재,US,139.32177251819257,139.53001780676283,134.3236737458246,134.85919189453125,826967
2026-04-29,DD,DuPont,화학/소재,US,134.97819283774788,136.13846201532147,132.38989540103566,132.7469024658203,870367
2026-04-30,DD,DuPont,화학/소재,US,134.14517031412007,136.88221416339655,133.04439988297207,135.8409423828125,1348600
2026-05-01,DD,DuPont,화학/소재,US,136.2872009953949,138.01273756687237,135.33519229740455,137.5664825439453,1089900
2026-05-04,DD,DuPont,화학/소재,US,137.03096509109207,137.56648322678703,133.4014111056178,135.09718322753906,1218067
2026-05-05,DD,DuPont,화학/소재,US,137.26896914144453,149.22868200530374,137.26896914144453,146.49163818359375,2413233
2026-05-06,DD,DuPont,화학/소재,US,147.7411546528575,149.6451871038325,144.58760516177836,148.9609375,2007133
2026-05-07,DD,DuPont,화학/소재,US,148.3064273361938,149.169188051654,143.6950851039872,143.87359619140625,1459000
2026-05-08,DD,DuPont,화학/소재,US,146.75939938285308,148.15766307315099,144.97436419832854,148.03866577148438,1318933
2026-05-11,DD,DuPont,화학/소재,US,148.75267398352423,152.3822428603793,148.69317533503556,150.47821044921875,1613100
2026-05-12,DD,DuPont,화학/소재,US,149.61544373822568,150.95422393815818,146.31313235937688,150.3592071533203,1274867
2026-05-13,DD,DuPont,화학/소재,US,151.3409746644393,153.63176347639046,149.85344788972765,152.2037353515625,1483467
2026-05-14,DD,DuPont,화학/소재,US,151.75747211998993,152.41198749704427,149.73444247407224,150.53770446777344,1245667
2026-05-15,DD,DuPont,화학/소재,US,148.02874304051747,148.2378298808136,146.117154867327,147.2820281982422,1517233
2026-05-18,DD,DuPont,화학/소재,US,147.75993676024504,148.44691684643064,145.01201641550261,145.2808380126953,1545433
2026-05-19,DD,DuPont,화학/소재,US,143.6380672624548,144.20556262676237,138.14224192457385,139.0681610107422,1508867
2026-05-20,DD,DuPont,화학/소재,US,139.66554231401304,143.54845340122228,139.63567493580007,141.1291046142578,1190400
2026-05-21,DD,DuPont,화학/소재,US,140.38238795900827,142.32384347749777,137.664350233123,140.83041381835938,1164833
2026-05-22,DD,DuPont,화학/소재,US,141.66673609258757,144.26530440458848,141.12910807960066,143.72767639160156,758900
2026-05-26,DD,DuPont,화학/소재,US,149.04428226866509,150.83640096205028,146.77427032102807,147.73007202148438,1174633
2026-05-27,DD,DuPont,화학/소재,US,148.38716751429175,148.38716751429175,141.45766225082895,142.3537139892578,1580200
2026-05-28,DD,DuPont,화학/소재,US,141.81608692301575,143.30951662491447,140.5914788212055,142.50306701660156,977133
2026-05-29,DD,DuPont,화학/소재,US,141.7862111120347,145.34056569135404,141.63685903555557,144.62371826171875,2124700
2026-06-01,DD,DuPont,화학/소재,US,143.07055715056762,144.05622618673416,140.68107579204224,142.14463806152344,1125400
2026-06-02,DD,DuPont,화학/소재,US,143.04069683259712,147.37164909961973,142.5926709547558,145.340576171875,828467
2026-06-03,DD,DuPont,화학/소재,US,144.5042559168298,145.6989966281252,143.24978044876246,143.27964782714844,741333
2026-06-04,DD,DuPont,화학/소재,US,143.42897578759275,143.54844529369709,140.80054030963757,142.32383728027344,903467
2026-06-05,DD,DuPont,화학/소재,US,141.48752104419557,142.89134851557876,139.27724401876932,139.93435668945312,891900
2026-06-08,DD,DuPont,화학/소재,US,141.15897340744962,141.78621874011412,139.0382983813572,140.35252380371094,779133
2026-06-09,DD,DuPont,화학/소재,US,142.32385107707302,143.07056594651405,137.06697961156428,140.5615997314453,1149533
2026-06-10,DD,DuPont,화학/소재,US,139.6954097293173,139.96423132525774,134.1995842573869,134.58787536621094,1031867
2026-06-11,DD,DuPont,화학/소재,US,135.48394100114672,140.02396475100605,134.79696092468998,139.9044952392578,1204900
2026-06-12,DD,DuPont,화학/소재,US,141.8459490224559,144.1458282470703,140.77067785407408,144.1458282470703,978133
2026-06-15,DD,DuPont,화학/소재,US,146.50544426184229,148.0287413068877,144.95227983881185,144.98214721679688,1410367
2026-06-16,DD,DuPont,화학/소재,US,145.6093988352415,146.29637894250996,143.21991734139303,143.4887237548828,1039733
2026-06-17,DD,DuPont,화학/소재,US,144.44451772855768,147.81966813356036,142.98095545460544,143.21990966796875,1609400
2026-06-18,DD,DuPont,화학/소재,US,145.161370062947,145.93795229257813,141.57713270160903,142.50306701660156,2431000
2026-06-22,DD,DuPont,화학/소재,US,141.30830163579012,144.35491078482235,141.27843425910905,143.93675231933594,1666067
2026-06-23,DD,DuPont,화학/소재,US,141.66672503123155,143.01081774668094,139.15777424392155,139.39671325683594,1178300
2026-06-24,DD,DuPont,화학/소재,US,144.11596155941228,144.21552961309078,136.17092005672285,137.21632385253906,1990700
2026-06-25,DD,DuPont,화학/소재,US,138.91882912872728,140.60142901720144,135.29477367353385,137.1964111328125,1770300
2026-06-26,DD,DuPont,화학/소재,US,135.75275794632145,136.6189422607422,130.56557240421472,136.6189422607422,3014400
2026-06-29,DD,DuPont,화학/소재,US,135.1752988959603,135.59345737159097,131.55124358187615,135.1454315185547,1913100
2026-06-30,DD,DuPont,화학/소재,US,135.71293135723477,136.00166960428137,134.20955094107757,135.04586791992188,1649900
2026-07-01,DD,DuPont,화학/소재,US,134.2792272733845,139.07812163373333,133.8112847878915,137.86346435546875,1444200
2026-07-02,DD,DuPont,화학/소재,US,139.30711564553587,140.54168962279346,138.1721097215232,139.2971649169922,1235600
2026-07-06,DD,DuPont,화학/소재,US,139.81488008112592,141.3680597176938,139.25733542838728,140.4321746826172,1311900
2026-07-07,DD,DuPont,화학/소재,US,139.59585204880239,140.3126842933203,137.1565715039519,138.99847412109375,1435800
2026-07-08,DD,DuPont,화학/소재,US,137.16653974666772,137.43534614593116,133.1442273748253,136.3700408935547,1348300
2026-07-09,DD,DuPont,화학/소재,US,137.5349173379787,137.99290912635408,133.9208126347794,134.1995849609375,1403200
2026-07-10,DD,DuPont,화학/소재,US,134.44848108199807,135.58348696168494,133.53251275733422,134.09005737304688,1051700
2026-07-13,DD,DuPont,화학/소재,US,134.40866500437198,135.30471669428715,131.41185505374744,132.07891845703125,1009600
2026-07-14,DD,DuPont,화학/소재,US,133.39313571667284,134.74717924388946,132.49708397905334,133.58230590820312,745700
2026-07-15,DD,DuPont,화학/소재,US,133.58230701526224,135.0359186106844,132.17847944833204,134.269287109375,1091500
2026-07-16,DD,DuPont,화학/소재,US,132.99488546638187,134.56796646411652,131.7603115310587,133.70176696777344,1185100
2026-07-17,DD,DuPont,화학/소재,US,132.18843689327798,135.20516348463858,131.76031250604132,134.6973876953125,1311900
2026-07-20,DD,DuPont,화학/소재,US,135.29476640550644,137.8634671680801,134.3190633101255,135.15538024902344,1349700
2026-07-21,DD,DuPont,화학/소재,US,136.39991508113522,138.9188320055985,134.9264020040785,138.18206787109375,1456500
2026-07-22,DD,DuPont,화학/소재,US,138.19203382871257,141.55721848428905,138.19203382871257,139.02835083007812,1035900
2026-07-23,DD,DuPont,화학/소재,US,137.83360985514645,139.27725555097598,135.5038631301289,136.79815673828125,1248300
2026-07-24,DD,DuPont,화학/소재,US,137.20635105216465,138.33140619612044,136.47955291100135,137.09683227539062,800500
2026-07-27,DD,DuPont,화학/소재,US,138.12233104951406,139.41663983211447,136.83798818779567,139.34695434570312,1079400
2026-07-28,DD,DuPont,화학/소재,US,139.85470764274552,142.0450680566244,138.8790045404812,140.1533966064453,1338800
2026-07-29,DD,DuPont,화학/소재,US,140.46204471072633,140.46204471072633,135.80253609702945,137.49510192871094,1463500
2026-07-30,DD,DuPont,화학/소재,US,139.3867645937177,140.3724336124473,137.73403216746664,138.23184204101562,1690000
2026-07-31,DD,DuPont,화학/소재,US,137.34573804423974,138.78938360729794,135.98174388222668,136.39990234375,7537000
2026-08-03,DD,DuPont,화학/소재,US,137.77387200325094,140.9698030356135,136.57911609647184,140.66116333007812,2019100
2026-08-04,DD,DuPont,화학/소재,US,129.61973858058215,142.92121914034766,129.61973858058215,142.30392456054688,3279100
2026-08-05,DD,DuPont,화학/소재,US,143.10043178503543,147.21234648323878,142.6822732856855,146.7244873046875,1533500
2026-08-06,DD,DuPont,화학/소재,US,147.1526111578457,148.76551039082895,142.70218938569678,143.41903686523438,1859600
2026-08-07,DD,DuPont,화학/소재,US,144.1657431105384,145.55960468638895,141.16891793453203,141.845947265625,1367000
2026-08-10,DD,DuPont,화학/소재,US,142.22428611905036,142.3437556265798,139.69540346869874,140.9299774169922,1337500
2026-08-11,DD,DuPont,화학/소재,US,140.7208901499547,145.7089547611444,140.7208901499547,143.8571014404297,1189800
2026-08-12,DD,DuPont,화학/소재,US,143.817276528804,144.31508642692512,141.5273479590563,143.7376251220703,1422700
2026-08-13,DD,DuPont,화학/소재,US,143.67788267368178,144.2055599220865,142.4034906180683,143.46881103515625,908200
2026-08-14,DD,DuPont,화학/소재,US,143.0506382143395,146.17689880982095,142.48314285734278,145.6193389892578,1108700
2026-08-17,DD,DuPont,화학/소재,US,145.290786836765,145.85829740207052,142.08490512984793,142.44332885742188,1567500
2026-08-18,DD,DuPont,화학/소재,US,141.6966157758525,141.6966157758525,137.89334088669602,138.2019805908203,1292000
2026-08-19,DD,DuPont,화학/소재,US,139.79497437492913,140.3823863882156,138.29157881203588,139.0681610107422,969100
2026-08-20,DD,DuPont,화학/소재,US,137.9032844583449,139.9243913113789,137.84354970476977,137.853515625,983500
2026-08-21,DD,DuPont,화학/소재,US,139.30712243301284,140.38239365424994,137.63448843905695,137.72409057617188,1119100
2026-08-24,DD,DuPont,화학/소재,US,138.14224101116415,138.45088070451283,135.24498387794264,136.07135009765625,1013400
2026-08-25,DD,DuPont,화학/소재,US,136.9475026337588,137.10680544329702,134.47836985372484,135.44410705566406,1347200
2026-08-26,DD,DuPont,화학/소재,US,136.01161614059058,137.6145645632748,135.4142382072858,137.3756103515625,915000
2026-08-27,DD,DuPont,화학/소재,US,136.8977230765104,138.84914457718745,136.8977230765104,138.19203186035156,860000
2026-08-28,DD,DuPont,화학/소재,US,139.38676553429545,140.38238528811186,135.2350329839153,136.37998962402344,1055500
2026-08-31,DD,DuPont,화학/소재,US,136.5,136.55999755859375,133.67999267578125,134.58999633789062,1713200
2026-09-01,DD,DuPont,화학/소재,US,133.52000427246094,134.0399932861328,131.55999755859375,132.11000061035156,982900
2026-09-02,DD,DuPont,화학/소재,US,132.88999938964844,134.4199981689453,132.3800048828125,132.92999267578125,872100
2026-09-03,DD,DuPont,화학/소재,US,134.38999938964844,134.38999938964844,130.69000244140625,131.1300048828125,1656000
2026-09-04,DD,DuPont,화학/소재,US,130.36000061035156,132.13999938964844,129.1699981689453,131.58999633789062,1832700
2026-09-08,DD,DuPont,화학/소재,US,131.38999938964844,132.38999938964844,130.3000030517578,131.32000732421875,1212100
2026-09-09,DD,DuPont,화학/소재,US,130.72999572753906,131.60000610351562,127.75,127.91999816894531,1223100
2026-09-10,DD,DuPont,화학/소재,US,127.4800033569336,128.30999755859375,126.44000244140625,127.31999969482422,1081200
2026-09-11,DD,DuPont,화학/소재,US,129.19000244140625,129.5,126.2300033569336,126.98999786376953,862400
2026-09-14,DD,DuPont,화학/소재,US,125.0,125.0,122.80000305175781,124.29000091552734,1178700
2026-09-15,DD,DuPont,화학/소재,US,124.66999816894531,128.2899932861328,123.01000213623047,128.0399932861328,1674100
2026-09-16,DD,DuPont,화학/소재,US,128.72999572753906,129.50999450683594,126.11000061035156,127.56999969482422,1010600
2026-09-17,DD,DuPont,화학/소재,US,129.10000610351562,129.82000732421875,128.36000061035156,128.4600067138672,1214800
2025-09-18,LIN,Linde,화학/소재,IE,472.48051538752753,473.5164500664677,464.9920740110463,469.6291809082031,1650900
2025-09-19,LIN,Linde,화학/소재,IE,471.11898357192507,474.4438744470525,467.65595201386327,472.5989074707031,3742100
2025-09-22,LIN,Linde,화학/소재,IE,470.5961023588037,472.2733314642408,467.9421029560956,471.36566162109375,1562700
2025-09-23,LIN,Linde,화학/소재,IE,472.01680360941145,476.5058940199726,468.29724230607883,473.5164489746094,1462900
2025-09-24,LIN,Linde,화학/소재,IE,473.1810313527094,475.2923738990644,466.98508418535243,467.78424072265625,1579400
2025-09-25,LIN,Linde,화학/소재,IE,467.78419487296054,469.9744833443689,463.62067462944117,467.4388732910156,1536700
2025-09-26,LIN,Linde,화학/소재,IE,466.4029782367924,468.80044781718414,464.41987050259854,468.06048583984375,1476400
2025-09-29,LIN,Linde,화학/소재,IE,468.3860320040988,470.32966656994364,465.0907384459545,470.11260986328125,1859600
2025-09-30,LIN,Linde,화학/소재,IE,467.35998942852024,472.37198522655586,466.8962787257998,468.642578125,2171200
2025-10-01,LIN,Linde,화학/소재,IE,466.45226241400854,468.7214669326534,454.63259313285084,460.5621643066406,2286100
2025-10-02,LIN,Linde,화학/소재,IE,457.227427538977,463.9956286875766,456.7538711475825,463.19647216796875,1677500
2025-10-03,LIN,Linde,화학/소재,IE,460.76937331609287,463.14712138513136,456.8031880089519,460.4832763671875,1250700
2025-10-06,LIN,Linde,화학/소재,IE,460.4832515671331,464.27185302419593,458.87506282666277,462.27886962890625,1539000
2025-10-07,LIN,Linde,화학/소재,IE,461.834916634134,464.27185915277477,459.65450388875917,464.07452392578125,1283300
2025-10-08,LIN,Linde,화학/소재,IE,464.0153609597246,465.37689583491004,461.2725697289634,461.56854248046875,1208500
2025-10-09,LIN,Linde,화학/소재,IE,461.5882647873865,463.7094829962885,451.38665977456355,452.0279541015625,1499900
2025-10-10,LIN,Linde,화학/소재,IE,451.9392118755259,456.8426947466827,446.8581453452444,447.74609375,2038900
2025-10-13,LIN,Linde,화학/소재,IE,450.4493741756588,453.64600020775475,448.91025570767715,450.5283203125,1287400
2025-10-14,LIN,Linde,화학/소재,IE,447.18369761276455,455.88565787358266,447.0061139606982,453.1033935546875,1664800
2025-10-15,LIN,Linde,화학/소재,IE,452.8863065602159,455.3528463711465,444.75660097830996,445.378173828125,1838000
2025-10-16,LIN,Linde,화학/소재,IE,445.98990385028185,446.4141415029297,435.0483360533148,438.2942810058594,3033700
2025-10-17,LIN,Linde,화학/소재,IE,438.25482244874536,445.2893689674958,436.96235794700596,444.85528564453125,2365300
2025-10-20,LIN,Linde,화학/소재,IE,446.3055771037995,449.14703585989713,443.691050855699,445.51629638671875,1895900
2025-10-21,LIN,Linde,화학/소재,IE,444.51983255658774,446.39442706835274,442.3788926697653,444.0561218261719,1766100
2025-10-22,LIN,Linde,화학/소재,IE,444.30274043154833,448.9891661193283,441.7572845691498,443.89825439453125,1856800
2025-10-23,LIN,Linde,화학/소재,IE,446.5226618583561,446.6114837955502,442.65514394900475,444.0561218261719,1527000
2025-10-24,LIN,Linde,화학/소재,IE,443.5233602336391,444.3718355320031,439.6262150324877,440.0307312011719,1593300
2025-10-27,LIN,Linde,화학/소재,IE,441.65862601654,444.125165902826,438.31401358748354,438.86651611328125,2337600
2025-10-28,LIN,Linde,화학/소재,IE,439.50781057483056,441.2343884956744,436.07437621295156,436.79461669921875,2110300
2025-10-29,LIN,Linde,화학/소재,IE,432.917190250497,433.5584845504268,425.44850081555757,426.2279357910156,4087200
2025-10-30,LIN,Linde,화학/소재,IE,426.6620491414861,429.36536701644644,422.8734176681026,424.1560363769531,3635300
2025-10-31,LIN,Linde,화학/소재,IE,419.31175454265434,420.70288656493824,408.92269039329204,412.701416015625,4072800
2025-11-03,LIN,Linde,화학/소재,IE,416.5985593108527,416.5985593108527,403.52589877593545,406.663330078125,4908100
2025-11-04,LIN,Linde,화학/소재,IE,410.5999835226959,415.68104977161164,408.4590136091428,412.3462829589844,3483500
2025-11-05,LIN,Linde,화학/소재,IE,410.7183783447771,414.1715343050446,409.44563528886476,412.6324157714844,3076400
2025-11-06,LIN,Linde,화학/소재,IE,410.77756578541545,413.87552427940085,408.05449606895786,409.7613525390625,3443900
2025-11-07,LIN,Linde,화학/소재,IE,411.41886523468,417.16097748644887,408.4590172833514,414.88189697265625,2563300
2025-11-10,LIN,Linde,화학/소재,IE,414.8916869041607,416.5196271459293,410.3532780759765,415.0397033691406,2624200
2025-11-11,LIN,Linde,화학/소재,IE,420.0418731204971,422.66627521184097,416.2927444809373,420.939697265625,2477700
2025-11-12,LIN,Linde,화학/소재,IE,422.271637611436,425.78398807629605,419.21312206485425,423.2187805175781,2592700
2025-11-13,LIN,Linde,화학/소재,IE,421.4823467920825,423.2582434622584,415.2863998170934,422.903076171875,2873300
2025-11-14,LIN,Linde,화학/소재,IE,422.9030612020315,424.3435120105911,417.40760331702313,417.72332763671875,2469700
2025-11-17,LIN,Linde,화학/소재,IE,415.9671322691348,417.71346175386105,411.971349753307,412.2574768066406,2249300
2025-11-18,LIN,Linde,화학/소재,IE,413.12568138454697,413.7669756895536,408.1136558152706,409.1693420410156,2586700
2025-11-19,LIN,Linde,화학/소재,IE,409.179290659178,410.50135257054046,405.2328264070632,407.6697692871094,2635300
2025-11-20,LIN,Linde,화학/소재,IE,409.050998801178,410.38293642033204,402.74650812144347,403.0425109863281,2723600
2025-11-21,LIN,Linde,화학/소재,IE,401.9276038779622,410.84662034893984,400.98046101219035,407.2158508300781,3100100
2025-11-24,LIN,Linde,화학/소재,IE,404.74929456327277,406.93958305147174,401.26654166316337,402.2137145996094,4038300
2025-11-25,LIN,Linde,화학/소재,IE,406.1602071126409,407.34412820386024,400.6548731728861,402.3913269042969,3580000
2025-11-26,LIN,Linde,화학/소재,IE,402.0460029491099,404.9959750290788,401.5822922444107,402.4406433105469,2591500
2025-11-28,LIN,Linde,화학/소재,IE,402.3617072974272,406.0713626416396,401.0297697982435,404.8282470703125,1160800
2025-12-01,LIN,Linde,화학/소재,IE,404.5322550184753,406.06152778391737,401.27643447510525,401.6908264160156,2074800
2025-12-02,LIN,Linde,화학/소재,IE,402.5392905878219,405.8148626295802,398.8592024105638,403.3187255859375,2139800
2025-12-03,LIN,Linde,화학/소재,IE,404.3584838055991,407.012345256125,402.0413035641683,405.16058349609375,1957500
2025-12-04,LIN,Linde,화학/소재,IE,403.6355690446981,404.74467382789754,398.01095934854146,399.7934265136719,2859800
2025-12-05,LIN,Linde,화학/소재,IE,400.02122179766826,400.66487799663025,395.04026749551707,395.6740417480469,3183600
2025-12-08,LIN,Linde,화학/소재,IE,394.87191962340904,395.52548795180985,383.99896870186143,385.5833740234375,4569900
2025-12-09,LIN,Linde,화학/소재,IE,387.39550219461,392.96069960343976,386.2963397445462,386.5736083984375,3574700
2025-12-10,LIN,Linde,화학/소재,IE,385.82103500380646,390.5049263779532,385.20708510182914,388.8511962890625,5121700
2025-12-11,LIN,Linde,화학/소재,IE,391.3862061240649,400.3479823092577,391.0198186410712,399.36761474609375,3272500
2025-12-12,LIN,Linde,화학/소재,IE,402.78399908588034,413.94410048620165,402.78399908588034,412.18145751953125,4726400
2025-12-15,LIN,Linde,화학/소재,IE,413.3598455025676,417.4000804245838,406.00229889970143,412.92413330078125,4798100
2025-12-16,LIN,Linde,화학/소재,IE,414.44916137694184,420.3114522703566,410.85455051544136,419.380615234375,3960500
2025-12-17,LIN,Linde,화학/소재,IE,418.8755531825924,420.27180865293644,416.6771980067341,418.22198486328125,4766000
2025-12-18,LIN,Linde,화학/소재,IE,417.41987478563,420.34112292844554,414.389713702311,414.9046325683594,3370800
2025-12-19,LIN,Linde,화학/소재,IE,413.9539891092562,419.26174203894755,413.122183172069,417.3208312988281,6048500
2025-12-22,LIN,Linde,화학/소재,IE,417.44961643802566,421.14325830293217,416.4296605649845,419.380615234375,2354200
2025-12-23,LIN,Linde,화학/소재,IE,419.46970384101627,421.1828161743999,418.87554808341935,420.955078125,1656600
2025-12-24,LIN,Linde,화학/소재,IE,420.4698382178072,422.4701616082199,420.00444995015624,420.75701904296875,830100
2025-12-26,LIN,Linde,화학/소재,IE,421.25212739534453,421.84628313390255,419.28154057880965,420.6282653808594,1328200
2025-12-29,LIN,Linde,화학/소재,IE,419.71726883036695,423.133611572753,419.6182378334824,422.38104248046875,2240300
2025-12-30,LIN,Linde,화학/소재,IE,419.8658149823674,425.27256913822384,419.2716592001811,424.18328857421875,1501800
2025-12-31,LIN,Linde,화학/소재,IE,422.9454640812,424.8170502065997,422.12357026455436,422.2325134277344,1569200
2026-01-02,LIN,Linde,화학/소재,IE,422.123541145995,426.60937001805024,417.96448130090397,424.9259338378906,2202400
2026-01-05,LIN,Linde,화학/소재,IE,421.4600857056331,429.7583815578942,419.93512319599427,428.8770751953125,2617800
2026-01-06,LIN,Linde,화학/소재,IE,429.8376543123674,434.7195776237658,429.2335863374777,432.89752197265625,2359400
2026-01-07,LIN,Linde,화학/소재,IE,432.6499322643091,434.7393442983219,428.66913997324156,429.9069519042969,2322200
2026-01-08,LIN,Linde,화학/소재,IE,429.21374218926053,438.11607545108865,428.19378642139816,435.4028015136719,2801600
2026-01-09,LIN,Linde,화학/소재,IE,433.5510584634157,440.71054325730074,432.90740230997073,439.75,1787900
2026-01-12,LIN,Linde,화학/소재,IE,438.066631335492,441.63153600827906,435.1057946447703,439.304443359375,2284900
2026-01-13,LIN,Linde,화학/소재,IE,439.64108670508205,440.3342734667098,435.7989136789529,438.5815124511719,1790300
2026-01-14,LIN,Linde,화학/소재,IE,437.521909264095,440.0272392099898,433.6302361066406,435.6899719238281,2542000
2026-01-15,LIN,Linde,화학/소재,IE,437.4724447115122,439.6707999199125,433.47182807045573,435.7494201660156,2336600
2026-01-16,LIN,Linde,화학/소재,IE,435.17505641293025,436.2346306784678,431.4121202314174,434.679931640625,3297000
2026-01-20,LIN,Linde,화학/소재,IE,430.08521054539176,430.66945417894203,424.98543118472435,428.9266052246094,2958400
2026-01-21,LIN,Linde,화학/소재,IE,429.2434595932368,436.6505368639247,428.80774738790126,435.0661315917969,2633300
2026-01-22,LIN,Linde,화학/소재,IE,435.56127688359726,442.9287360592903,435.56127688359726,441.2948303222656,2214000
2026-01-23,LIN,Linde,화학/소재,IE,438.9181965931959,447.5729981254446,438.74987109454673,447.1669921875,1639000
2026-01-26,LIN,Linde,화학/소재,IE,448.2166687890023,451.1378868955606,447.74133811504527,450.59326171875,1945500
2026-01-27,LIN,Linde,화학/소재,IE,450.5932615954227,452.5440544613105,448.0285188300201,448.6127624511719,1929100
2026-01-28,LIN,Linde,화학/소재,IE,448.2661434254905,449.0682431154473,444.6220324612403,447.09765625,2281300
2026-01-29,LIN,Linde,화학/소재,IE,448.49391969970867,451.5934055737701,443.7902344170958,450.56353759765625,2717200
2026-01-30,LIN,Linde,화학/소재,IE,448.2166637918353,452.9104370422575,447.18679578641974,452.51434326171875,2816700
2026-02-02,LIN,Linde,화학/소재,IE,454.87114855245767,457.86169139127753,453.5343055815215,455.6732482910156,2191500
2026-02-03,LIN,Linde,화학/소재,IE,453.9205024142437,462.2583866411258,453.8115592501302,459.04998779296875,2912200
2026-02-04,LIN,Linde,화학/소재,IE,461.66424116591116,472.67581149181154,461.0899097151078,468.7148132324219,3420300
2026-02-05,LIN,Linde,화학/소재,IE,466.47683831279267,469.75456173383225,454.78199415808314,455.2077941894531,3453400
2026-02-06,LIN,Linde,화학/소재,IE,451.45476093197834,453.5243788519237,440.6610469495766,443.86944580078125,3132800
2026-02-09,LIN,Linde,화학/소재,IE,443.8001505764232,453.03916550733885,439.6905908007249,451.8904724121094,3610600
2026-02-10,LIN,Linde,화학/소재,IE,449.89018920651256,459.63424129067664,449.75153976193224,456.01983642578125,2567800
2026-02-11,LIN,Linde,화학/소재,IE,453.9600859253217,463.1000999893852,450.84080594199037,462.9515686035156,2392600
2026-02-12,LIN,Linde,화학/소재,IE,465.33808376178575,472.893662474791,464.90237154037817,468.2493896484375,3757600
2026-02-13,LIN,Linde,화학/소재,IE,469.5466370242057,483.77651805897085,468.7346251497332,476.3100280761719,4412900
2026-02-17,LIN,Linde,화학/소재,IE,474.45829035574445,479.0530327337422,473.34921565140087,477.5181579589844,2249500
2026-02-18,LIN,Linde,화학/소재,IE,478.1221857956763,483.50914586516996,477.89444773576474,480.5483093261719,2451000
2026-02-19,LIN,Linde,화학/소재,IE,480.17198523067515,485.7668889633307,477.498329664105,485.3311767578125,3072600
2026-02-20,LIN,Linde,화학/소재,IE,483.47940995535157,493.49084819232377,483.2417597439156,491.6687927246094,3202400
2026-02-23,LIN,Linde,화학/소재,IE,488.7376253066393,495.68919609008043,487.96523191070315,493.3323974609375,2159200
2026-02-24,LIN,Linde,화학/소재,IE,493.00560788102155,499.57096698534275,489.7477087426916,499.08575439453125,2761700
2026-02-25,LIN,Linde,화학/소재,IE,501.9079800230948,504.6509603403413,495.51097652474124,503.3141174316406,3483400
2026-02-26,LIN,Linde,화학/소재,IE,501.94758770592125,505.67090530705894,492.59962993112026,493.6492919921875,1945600
2026-02-27,LIN,Linde,화학/소재,IE,493.411630923654,504.56185049371294,493.411630923654,503.1259765625,3239500
2026-03-02,LIN,Linde,화학/소재,IE,503.0467570114966,505.0767564429259,494.64943018847646,504.3736877441406,3071800
2026-03-03,LIN,Linde,화학/소재,IE,495.1247791082818,498.7391839517686,486.7967766972783,496.78839111328125,3815300
2026-03-04,LIN,Linde,화학/소재,IE,497.313205037094,499.0758479811929,492.49069468992553,494.3226623535156,2907000
2026-03-05,LIN,Linde,화학/소재,IE,490.75775588167994,492.4114858765211,483.78639080081956,485.28167724609375,3784900
2026-03-06,LIN,Linde,화학/소재,IE,483.24177295838064,483.5388357307989,475.01280174220307,480.0135498046875,2195600
2026-03-09,LIN,Linde,화학/소재,IE,477.9538184221458,481.7959912460101,474.1611459843558,478.9044494628906,2279400
2026-03-10,LIN,Linde,화학/소재,IE,476.10206329695563,478.33012466133414,470.002122779633,473.27984619140625,2505600
2026-03-11,LIN,Linde,화학/소재,IE,474.0946086046687,478.93331765670524,468.1132935042056,478.4563903808594,2007400
2026-03-12,LIN,Linde,화학/소재,IE,477.3038428964562,489.64403605401844,474.4622006402476,487.25946044921875,2908500
2026-03-13,LIN,Linde,화학/소재,IE,494.800723964522,496.79782092678505,489.45528157305955,490.7469482421875,2648800
2026-03-16,LIN,Linde,화학/소재,IE,491.1145566269798,495.2776413661086,487.7364052054655,494.2145080566406,2217600
2026-03-17,LIN,Linde,화학/소재,IE,494.21452899803955,497.1256987364202,490.06138954312866,490.8760986328125,2471000
2026-03-18,LIN,Linde,화학/소재,IE,488.28286244437845,491.29339571356314,485.24252311595535,485.4313049316406,2200800
2026-03-19,LIN,Linde,화학/소재,IE,485.54058137939137,488.62067221253346,480.35411484610137,486.65338134765625,2744500
2026-03-20,LIN,Linde,화학/소재,IE,489.7334616759921,492.62477063233575,481.2284560192289,485.01397705078125,6334100
2026-03-23,LIN,Linde,화학/소재,IE,485.7194334187015,487.11046374547647,474.26350607302004,474.9788818359375,2794300
2026-03-24,LIN,Linde,화학/소재,IE,470.8853489203527,483.71241551867666,470.39850650470703,476.75738525390625,3181800
2026-03-25,LIN,Linde,화학/소재,IE,480.0461297063764,489.2466510872872,478.8538569690949,489.1770935058594,2086000
2026-03-26,LIN,Linde,화학/소재,IE,488.0940723811509,497.09586597735915,487.99470874485996,492.30682373046875,3051700
2026-03-27,LIN,Linde,화학/소재,IE,494.4132015318968,495.05905000980357,483.30503221324665,487.96490478515625,2154100
2026-03-30,LIN,Linde,화학/소재,IE,492.66451553853153,500.39453325016285,491.67093984129605,496.0526123046875,2458600
2026-03-31,LIN,Linde,화학/소재,IE,492.95269792203123,497.0660858496461,488.749861492021,492.57513427734375,2761300
2026-04-01,LIN,Linde,화학/소재,IE,489.65397987270984,491.26356764251676,485.35178014573324,490.657470703125,2472400
2026-04-02,LIN,Linde,화학/소재,IE,496.78785189101814,499.4705184198393,491.1940158272814,499.37115478515625,2127700
2026-04-06,LIN,Linde,화학/소재,IE,500.4243764096962,500.4243764096962,494.0754126793175,496.26129150390625,1488700
2026-04-07,LIN,Linde,화학/소재,IE,496.57923421946975,497.27471905384704,487.0409009237221,491.4126281738281,1703800
2026-04-08,LIN,Linde,화학/소재,IE,484.86496478082046,497.65227979972303,479.6685527056375,497.2648010253906,2544000
2026-04-09,LIN,Linde,화학/소재,IE,496.25132324424106,503.921729056046,494.333729371671,500.066650390625,1919000
2026-04-10,LIN,Linde,화학/소재,IE,502.69966335238547,503.077196667688,496.519620968239,499.9176330566406,1153000
2026-04-13,LIN,Linde,화학/소재,IE,500.3746729234033,505.9585941533485,499.559963846217,505.60089111328125,2247600
2026-04-14,LIN,Linde,화학/소재,IE,499.27179081230634,500.14614228248615,491.48216093851414,496.4400939941406,1956500
2026-04-15,LIN,Linde,화학/소재,IE,493.28053136829016,496.43017969393446,487.73639227705127,494.7410888671875,1553000
2026-04-16,LIN,Linde,화학/소재,IE,493.60841180371943,497.4932965565847,491.8696542717517,496.01287841796875,1630800
2026-04-17,LIN,Linde,화학/소재,IE,493.36994899650455,494.7609489173599,484.86494339867596,489.0677795410156,3012400
2026-04-20,LIN,Linde,화학/소재,IE,491.47225284115785,498.13913782582097,489.3559315812053,494.94976806640625,1717500
2026-04-21,LIN,Linde,화학/소재,IE,492.3863319410542,494.8007136885129,489.157210817585,491.6610107421875,1544400
2026-04-22,LIN,Linde,화학/소재,IE,493.2705889997601,498.00996454707035,490.76678912375473,491.4424133300781,1554600
2026-04-23,LIN,Linde,화학/소재,IE,495.84395453787647,504.99480881702164,494.9000757899375,504.79608154296875,1716400
2026-04-24,LIN,Linde,화학/소재,IE,503.9614979999335,507.36945557821394,498.53658284251503,507.0216979980469,1486800
2026-04-27,LIN,Linde,화학/소재,IE,507.0017987333158,509.66460461034546,503.2659444592171,507.4687805175781,1773700
2026-04-28,LIN,Linde,화학/소재,IE,509.70436158733503,512.3174706706986,505.7300585730089,507.01177978515625,2743200
2026-04-29,LIN,Linde,화학/소재,IE,504.93519019397394,505.73003863689564,500.22562068901334,501.46759033203125,1440000
2026-04-30,LIN,Linde,화학/소재,IE,498.75516273025215,504.3887202168863,496.45005972773913,497.9205627441406,3036800
2026-05-01,LIN,Linde,화학/소재,IE,500.12627958183094,517.9312008491671,498.7750311036912,504.6570129394531,2578300
2026-05-04,LIN,Linde,화학/소재,IE,500.3448354754763,503.0473625805135,489.34597556895557,490.3792724609375,2406600
2026-05-05,LIN,Linde,화학/소재,IE,491.41259522695555,499.97721279452736,487.24951067412513,497.07598876953125,1902800
2026-05-06,LIN,Linde,화학/소재,IE,494.33375875808747,501.92469230459767,493.8767223873293,498.6458740234375,2289300
2026-05-07,LIN,Linde,화학/소재,IE,497.71187081665136,500.50381612303494,490.3395560628177,490.6773681640625,1937600
2026-05-08,LIN,Linde,화학/소재,IE,490.82639071225026,494.3833783399091,489.09757871505826,489.9917907714844,1686200
2026-05-11,LIN,Linde,화학/소재,IE,490.73697703837485,502.9579460051418,490.6773649221681,501.1595764160156,1769200
2026-05-12,LIN,Linde,화학/소재,IE,500.95094711457193,502.53072887842706,493.5487958361734,500.63299560546875,1430400
2026-05-13,LIN,Linde,화학/소재,IE,500.9707986620243,512.4366708091278,500.4442047502535,509.9626770019531,2359000
2026-05-14,LIN,Linde,화학/소재,IE,510.7476128951955,511.48284926276256,505.02463707353155,508.363037109375,1969000
2026-05-15,LIN,Linde,화학/소재,IE,513.4501635953226,513.688612074228,500.891351466526,502.8586120605469,2157300
2026-05-18,LIN,Linde,화학/소재,IE,503.16664603612946,510.8271065996069,501.40799754803095,507.5780944824219,1881300
2026-05-19,LIN,Linde,화학/소재,IE,505.4419023401763,507.09124169454657,501.5570175879016,502.8188781738281,2104800
2026-05-20,LIN,Linde,화학/소재,IE,497.08592333577553,509.0982805399335,496.75805668783363,503.3752746582031,2049700
2026-05-21,LIN,Linde,화학/소재,IE,506.18710554277936,513.2117238665769,502.5009479097319,511.2046813964844,1655700
2026-05-22,LIN,Linde,화학/소재,IE,513.6985438640003,517.8814588800935,511.67161056114276,514.2549438476562,1454000
2026-05-26,LIN,Linde,화학/소재,IE,514.5231851809529,515.7453246080688,509.3963609211498,511.66168212890625,2099100
2026-05-27,LIN,Linde,화학/소재,IE,509.6844572171833,512.5261298861609,504.428463450928,504.6072998046875,1594800
2026-05-28,LIN,Linde,화학/소재,IE,504.5774967129606,504.9848664021583,495.37697572058124,498.7551574707031,2266400
2026-05-29,LIN,Linde,화학/소재,IE,496.78786380388004,499.3016091818667,492.1478518144809,494.4927062988281,4481400
2026-06-01,LIN,Linde,화학/소재,IE,492.96259293253723,495.1385262094193,485.73930828301957,494.2145080566406,2507300
2026-06-02,LIN,Linde,화학/소재,IE,490.2998243664786,496.57923035548305,487.2892910703412,492.7241516113281,3010900
2026-06-03,LIN,Linde,화학/소재,IE,494.94973801120136,508.9194405064251,492.95267143603746,504.3092346191406,2283600
2026-06-04,LIN,Linde,화학/소재,IE,506.9405284519506,510.47886379651055,502.85401058946985,505.78436279296875,2995800
2026-06-05,LIN,Linde,화학/소재,IE,510.6084542298107,515.9209762466251,505.35576325498266,506.2328796386719,2886200
2026-06-08,LIN,Linde,화학/소재,IE,505.4654122638564,508.5950897783501,498.3089870415825,500.27252197265625,1890500
2026-06-09,LIN,Linde,화학/소재,IE,506.28270712839884,515.3827435041866,504.6978994082536,513.8976440429688,2956600
2026-06-10,LIN,Linde,화학/소재,IE,520.5357688027952,521.1736826698502,503.3124898186063,507.4887390136719,2572100
2026-06-11,LIN,Linde,화학/소재,IE,512.3328468582199,516.8878540050525,510.31945765579485,513.7481689453125,2259500
2026-06-12,LIN,Linde,화학/소재,IE,516.6984274783723,524.0940550266687,515.4923772834626,521.8514404296875,2191200
2026-06-15,LIN,Linde,화학/소재,IE,517.3662477319796,524.1439157140059,516.0705269292835,519.768310546875,2860700
2026-06-16,LIN,Linde,화학/소재,IE,518.8513470741339,521.9212545268226,511.8843003049816,516.4691772460938,2490600
2026-06-17,LIN,Linde,화학/소재,IE,512.3427658239119,517.8944291987782,509.7313402189107,514.15673828125,2090800
2026-06-18,LIN,Linde,화학/소재,IE,514.3561259178759,517.1370070675579,509.48219247568045,510.4689636230469,5193700
2026-06-22,LIN,Linde,화학/소재,IE,506.30264447436775,516.2897439547207,505.4554284242169,515.0139770507812,1926100
2026-06-23,LIN,Linde,화학/소재,IE,522.1604367549074,522.1604367549074,507.06017074725173,510.5785827636719,2215800
2026-06-24,LIN,Linde,화학/소재,IE,513.070383497435,520.9743471039853,512.7115797464138,514.0371704101562,2564900
2026-06-25,LIN,Linde,화학/소재,IE,513.5986272356848,526.2071301187268,512.1135276381743,520.5657348632812,2281900
2026-06-26,LIN,Linde,화학/소재,IE,519.2899039567254,523.2767746205006,516.6585547182774,517.9144287109375,3318300
2026-06-29,LIN,Linde,화학/소재,IE,517.4160489534535,517.9742083904171,505.1165571031923,509.38250732421875,2314400
2026-06-30,LIN,Linde,화학/소재,IE,510.6782144650765,520.8746768713547,509.89082946233526,517.2366333007812,2581100
2026-07-01,LIN,Linde,화학/소재,IE,523.5857621041682,537.1810058611987,515.3030406158631,531.7987060546875,3087500
2026-07-02,LIN,Linde,화학/소재,IE,533.6924909496997,545.4238166102659,531.2106736738973,544.8457641601562,2275600
2026-07-06,LIN,Linde,화학/소재,IE,541.9352974568301,542.3240319449898,529.4564337083576,538.745849609375,2296700
2026-07-07,LIN,Linde,화학/소재,IE,545.1945741629814,546.4006244123242,533.6027431006223,536.4633178710938,2098200
2026-07-08,LIN,Linde,화학/소재,IE,534.3602646377861,535.2872047572888,524.4728425282736,525.93798828125,1619200
2026-07-09,LIN,Linde,화학/소재,IE,524.273458080138,526.1074452331359,517.3064117833277,523.8348999023438,1870500
2026-07-10,LIN,Linde,화학/소재,IE,523.3465472521763,530.9614847489717,521.7617394108593,528.051025390625,1858100
2026-07-13,LIN,Linde,화학/소재,IE,529.1773121569677,530.7023193461937,519.7682952062082,522.33984375,1628800
2026-07-14,LIN,Linde,화학/소재,IE,522.6787702012291,529.8750425740515,519.2899057911216,520.8248291015625,2153600
2026-07-15,LIN,Linde,화학/소재,IE,516.9376548435043,519.3995182299442,511.7148641087848,512.46240234375,1529700
2026-07-16,LIN,Linde,화학/소재,IE,511.55531886516474,520.4460226074686,508.993777812612,519.0307006835938,2046100
2026-07-17,LIN,Linde,화학/소재,IE,520.4660123872942,525.7287107518002,510.02043093842065,511.535400390625,2780800
2026-07-20,LIN,Linde,화학/소재,IE,511.89426990703817,514.8046684237195,509.2629206994435,510.3692626953125,1583600
2026-07-21,LIN,Linde,화학/소재,IE,510.21975985395073,511.14673038732093,501.2094237651396,503.372314453125,1777100
2026-07-22,LIN,Linde,화학/소재,IE,505.18633283856025,509.2828276649843,503.442076999907,507.0003662109375,1636600
2026-07-23,LIN,Linde,화학/소재,IE,502.21611067809675,509.2429882664492,500.4519314116125,504.6580810546875,1808400
2026-07-24,LIN,Linde,화학/소재,IE,503.7909427522851,511.23639431420503,503.2327833078901,510.5985412597656,1327200
2026-07-27,LIN,Linde,화학/소재,IE,511.64509030585253,513.3095917541024,504.8075913831045,505.35577392578125,1656100
2026-07-28,LIN,Linde,화학/소재,IE,510.37922208531285,520.2865976619229,508.31600931164803,509.5021057128906,2339600
2026-07-29,LIN,Linde,화학/소재,IE,510.100140127621,511.9640276195344,503.48195097666667,509.4921569824219,2030200
2026-07-30,LIN,Linde,화학/소재,IE,508.74461511079676,513.0903197008794,500.9701995141047,506.970458984375,2360800
2026-07-31,LIN,Linde,화학/소재,IE,473.42095008250567,482.3615084258519,465.3475312090726,476.8097839355469,5221600
2026-08-03,LIN,Linde,화학/소재,IE,481.484383350478,483.4080410383497,474.8462404152027,478.8829345703125,2806200
2026-08-04,LIN,Linde,화학/소재,IE,480.4079292708197,484.00609579599035,476.92939441399375,483.04925537109375,2974700
2026-08-05,LIN,Linde,화학/소재,IE,488.82021133383535,493.1061153174656,487.1158327335589,489.43817138671875,2209600
2026-08-06,LIN,Linde,화학/소재,IE,496.2955901989137,497.54148720627194,487.74376652406636,488.5012512207031,2062400
2026-08-07,LIN,Linde,화학/소재,IE,484.982839903327,491.4216575460485,484.60411276323225,488.3717041015625,1731300
2026-08-10,LIN,Linde,화학/소재,IE,487.6839889681735,490.96316814610947,485.42142042865254,490.84356689453125,1877600
2026-08-11,LIN,Linde,화학/소재,IE,489.42822707556576,494.3320607165257,488.3717088351391,488.9198913574219,1332200
2026-08-12,LIN,Linde,화학/소재,IE,486.24869902112204,488.7305161716649,477.17856255794885,477.8563232421875,2336900
2026-08-13,LIN,Linde,화학/소재,IE,478.2848955514806,481.70366005540797,474.18840079343147,476.63037109375,2197600
2026-08-14,LIN,Linde,화학/소재,IE,477.517443295321,481.90299476169395,475.56388526726005,481.15545654296875,1365100
2026-08-17,LIN,Linde,화학/소재,IE,480.41790907649147,480.7866897415697,471.49727390904116,472.7730712890625,1745800
2026-08-18,LIN,Linde,화학/소재,IE,480.08900856603776,481.89306509683234,476.1419847328062,477.1387023925781,2401000
2026-08-19,LIN,Linde,화학/소재,IE,476.9194016297793,482.38142510752033,476.4310197322435,479.5507507324219,2847100
2026-08-20,LIN,Linde,화학/소재,IE,479.6703583737173,488.19228192435463,477.79652436668766,479.7102355957031,1811400
2026-08-21,LIN,Linde,화학/소재,IE,484.7536382523147,490.1558309160162,480.88636887886724,485.9696350097656,2048400
2026-08-24,LIN,Linde,화학/소재,IE,486.83676192407427,489.87673853044356,483.40805084141465,488.4215393066406,2184100
2026-08-25,LIN,Linde,화학/소재,IE,487.59426529122504,489.00958725877786,483.5276404227528,485.600830078125,1785600
2026-08-26,LIN,Linde,화학/소재,IE,486.94639434190157,492.87687650933117,486.4081887129817,488.7205505371094,1843200
2026-08-27,LIN,Linde,화학/소재,IE,482.97945845535946,485.09249491686325,479.42116929575167,483.75689697265625,1899800
2026-08-28,LIN,Linde,화학/소재,IE,485.401488279744,487.99296021441114,485.10248515618594,487.90325927734375,1240800
2026-08-31,LIN,Linde,화학/소재,IE,487.4447328291122,490.87344382560974,484.8532913885983,487.9729919433594,2109600
2026-09-01,LIN,Linde,화학/소재,IE,486.8965714558708,487.3550530574604,480.57738521234626,485.16229248046875,1641100
2026-09-02,LIN,Linde,화학/소재,IE,486.3882422581635,489.3684487520701,483.9263484157584,485.85003662109375,1154200
2026-09-03,LIN,Linde,화학/소재,IE,487.8999938964844,491.9800109863281,480.04998779296875,482.19000244140625,1829300
2026-09-04,LIN,Linde,화학/소재,IE,479.25,482.9599914550781,476.4800109863281,477.57000732421875,2273700
2026-09-08,LIN,Linde,화학/소재,IE,474.010009765625,474.010009765625,466.0,468.3800048828125,2580500
2026-09-09,LIN,Linde,화학/소재,IE,468.3800048828125,468.3800048828125,463.3699951171875,466.6499938964844,2095700
2026-09-10,LIN,Linde,화학/소재,IE,465.4100036621094,467.1300048828125,460.20001220703125,461.6199951171875,2149000
2026-09-11,LIN,Linde,화학/소재,IE,462.8299865722656,467.6600036621094,460.69000244140625,466.2200012207031,1631000
2026-09-14,LIN,Linde,화학/소재,IE,467.8800048828125,467.8800048828125,461.3500061035156,464.4100036621094,1439300
2026-09-15,LIN,Linde,화학/소재,IE,462.19000244140625,464.0400085449219,459.5799865722656,462.9599914550781,1641800
2026-09-16,LIN,Linde,화학/소재,IE,462.8599853515625,466.239990234375,459.7699890136719,462.0899963378906,1338200
2026-09-17,LIN,Linde,화학/소재,IE,461.32000732421875,462.9599914550781,455.70001220703125,458.4800109863281,2189000
2025-09-18,GS,Goldman Sachs,금융,US,780.224370561849,791.7085195855286,777.1155330013595,788.7957763671875,1501600
2025-09-19,GS,Goldman Sachs,금융,US,788.5799304061101,794.0424379740397,781.9895213928004,789.4723510742188,3789800
2025-09-22,GS,Goldman Sachs,금융,US,785.6869409802706,790.4826328446516,782.1563449439643,790.0216674804688,1151000
2025-09-23,GS,Goldman Sachs,금융,US,791.5318912922345,809.3318213951112,786.5302887111532,790.7669677734375,1758800
2025-09-24,GS,Goldman Sachs,금융,US,793.9346045162482,797.1611821227159,777.0566059532387,777.1448364257812,1402500
2025-09-25,GS,Goldman Sachs,금융,US,770.8388931775727,782.7839467057026,766.92586562534,779.429931640625,1413100
2025-09-26,GS,Goldman Sachs,금융,US,781.7836769908143,793.8856789656234,779.7928644747758,787.030517578125,1376200
2025-09-29,GS,Goldman Sachs,금융,US,792.2184458425028,793.2384237357438,782.5976719665075,788.6094360351562,1059000
2025-09-30,GS,Goldman Sachs,금융,US,789.9627265528345,794.0032511663142,771.2801935947566,780.9891967773438,2463900
2025-10-01,GS,Goldman Sachs,금융,US,778.3118895584151,780.9206144411304,768.1222875028735,770.3583374023438,1788900
2025-10-02,GS,Goldman Sachs,금융,US,773.6633122835522,775.7424148520497,757.5404207613396,764.3465576171875,1553700
2025-10-03,GS,Goldman Sachs,금융,US,767.89678222228,779.586841635886,762.8559128619855,774.7421264648438,1470500
2025-10-06,GS,Goldman Sachs,금융,US,779.6652553720404,787.0205879698898,765.0036137554239,781.4109497070312,1632600
2025-10-07,GS,Goldman Sachs,금융,US,782.6073698528617,789.7861814810703,766.3177746783242,774.41845703125,1547200
2025-10-08,GS,Goldman Sachs,금융,US,776.4780099415673,779.6653210022685,759.4038561046216,761.531982421875,1939300
2025-10-09,GS,Goldman Sachs,금융,US,763.8267705256952,767.8084549588107,756.4714377164042,764.9154052734375,1575000
2025-10-10,GS,Goldman Sachs,금융,US,768.0144205573317,776.3896712432261,749.2632303661168,749.6162719726562,2457900
2025-10-13,GS,Goldman Sachs,금융,US,762.8754690539175,775.7914160212536,762.8754690539175,771.6038208007812,2766000
2025-10-14,GS,Goldman Sachs,금융,US,749.7045987663556,771.3979231161937,728.1387716458331,755.8928833007812,4710800
2025-10-15,GS,Goldman Sachs,금융,US,763.6012351900234,767.3965821759674,747.9490652375347,753.117431640625,3217400
2025-10-16,GS,Goldman Sachs,금융,US,755.7947706936252,766.3668648134975,737.8967935755481,743.46728515625,3160900
2025-10-17,GS,Goldman Sachs,금융,US,743.5261044662626,744.300844644816,725.735991702054,736.2884521484375,2884700
2025-10-20,GS,Goldman Sachs,금융,US,742.3982734212175,751.6365548586778,738.3577486371966,748.5963745117188,1925400
2025-10-21,GS,Goldman Sachs,금융,US,744.3597212670428,750.5381891953169,743.6438213220506,744.340087890625,1782200
2025-10-22,GS,Goldman Sachs,금융,US,745.9386203072986,745.9386203072986,728.7761768648239,730.2374267578125,2141400
2025-10-23,GS,Goldman Sachs,금융,US,734.8860524870165,740.4368507525539,730.2962720485008,736.2982788085938,1615400
2025-10-24,GS,Goldman Sachs,금융,US,745.1933100481325,769.4757266131159,741.4175962326824,768.7598266601562,2505600
2025-10-27,GS,Goldman Sachs,금융,US,773.7809977535687,781.3423012956523,771.829392393525,774.7518920898438,1645300
2025-10-28,GS,Goldman Sachs,금융,US,776.7721346182126,782.960418626249,772.1627809523408,776.8114013671875,1242000
2025-10-29,GS,Goldman Sachs,금융,US,772.8003426436643,785.0494146395285,763.797421977027,767.9556274414062,2251500
2025-10-30,GS,Goldman Sachs,금융,US,768.4459709560252,791.5711549677443,765.5430446122657,774.9186401367188,1829500
2025-10-31,GS,Goldman Sachs,금융,US,769.8385847775245,776.4485680542281,767.8967959422991,774.1439208984375,1328100
2025-11-03,GS,Goldman Sachs,금융,US,774.3400318481316,780.6459967241545,766.3668462135645,770.3681640625,1569100
2025-11-04,GS,Goldman Sachs,금융,US,762.01255387163,790.4531768604038,758.0897093214542,775.5758056640625,2046000
2025-11-05,GS,Goldman Sachs,금융,US,775.193266992778,781.9797708932507,760.6199147376251,777.7921752929688,1832700
2025-11-06,GS,Goldman Sachs,금융,US,778.6846374659198,782.8036361847919,762.0125482506544,772.3884887695312,1572500
2025-11-07,GS,Goldman Sachs,금융,US,767.8967619948003,771.8784465145333,748.0863865592514,771.17236328125,2098400
2025-11-10,GS,Goldman Sachs,금융,US,780.7244843681942,790.8061630288282,773.5848790559476,781.8228759765625,1698200
2025-11-11,GS,Goldman Sachs,금융,US,783.0781638415867,796.3373967949519,780.2635278311984,794.6799926757812,1521500
2025-11-12,GS,Goldman Sachs,금융,US,798.4263399822792,823.7973315842268,798.4263399822792,822.7871704101562,2954100
2025-11-13,GS,Goldman Sachs,금융,US,816.9911001832412,825.0525756989075,789.491985395819,789.9627075195312,2557400
2025-11-14,GS,Goldman Sachs,금융,US,780.204688586814,785.1670842627976,762.9932210853162,775.6541748046875,2552000
2025-11-17,GS,Goldman Sachs,금융,US,774.7618132846454,781.3619802103909,755.6379457415434,760.600341796875,1850600
2025-11-18,GS,Goldman Sachs,금융,US,757.1678441276213,772.5061807995495,751.754299453327,761.3260498046875,1673500
2025-11-19,GS,Goldman Sachs,금융,US,761.3259484047717,772.6727820227958,760.0510360577931,770.8290405273438,1521100
2025-11-20,GS,Goldman Sachs,금융,US,779.9104961494681,800.2602513146383,757.2953007554055,758.7761840820312,2599000
2025-11-21,GS,Goldman Sachs,금융,US,761.8457714117012,765.3174669328466,739.4561216832938,759.0997924804688,2284700
2025-11-24,GS,Goldman Sachs,금융,US,763.6208790934844,778.6747700193052,760.4041180639823,775.4580688476562,2319500
2025-11-25,GS,Goldman Sachs,금융,US,781.6267261134112,789.7274091633111,762.9833990161848,786.8441162109375,2252900
2025-11-26,GS,Goldman Sachs,금융,US,790.2962050868894,803.7711651016332,789.4723814818017,800.27001953125,1862500
2025-11-28,GS,Goldman Sachs,금융,US,804.1830939469577,814.5492173530945,803.1533592738404,810.1065673828125,868300
2025-12-01,GS,Goldman Sachs,금융,US,802.8002975926106,808.8218180439187,793.9934715194623,795.2193603515625,2133200
2025-12-02,GS,Goldman Sachs,금융,US,799.4179546334436,807.874187686473,796.6386315977039,803.448974609375,2254200
2025-12-03,GS,Goldman Sachs,금융,US,801.221564528107,825.8214275610278,801.221564528107,824.5007934570312,2347900
2025-12-04,GS,Goldman Sachs,금융,US,823.4855532872301,831.8136562632475,822.460579134257,825.7425537109375,1670800
2025-12-05,GS,Goldman Sachs,금융,US,825.180801503323,843.8475552151712,824.4514871594108,842.231201171875,2277500
2025-12-08,GS,Goldman Sachs,금융,US,848.6768390301553,858.0003807471861,843.946100924225,854.1862182617188,2238100
2025-12-09,GS,Goldman Sachs,금융,US,853.5062146081501,870.9705392245376,851.8405938385852,863.93359375,2274800
2025-12-10,GS,Goldman Sachs,금융,US,858.7790338007557,884.2561326647902,856.7290852140337,876.4109497070312,2394300
2025-12-11,GS,Goldman Sachs,금융,US,877.1402369611021,905.8401178325155,875.1888216757571,897.8865966796875,2683000
2025-12-12,GS,Goldman Sachs,금융,US,900.5673198249394,901.7894207080915,874.1933769815818,875.1494140625,2715200
2025-12-15,GS,Goldman Sachs,금융,US,879.1311248961666,891.4211914563242,876.7559204101562,876.7559204101562,1976600
2025-12-16,GS,Goldman Sachs,금융,US,877.3865967828591,883.3098998961927,861.7061574599363,866.4664916992188,2161600
2025-12-17,GS,Goldman Sachs,금융,US,873.5428944227881,883.0437719955642,855.9109798131782,859.744873046875,2213300
2025-12-18,GS,Goldman Sachs,금융,US,867.7969500043149,879.9096194509349,862.0806391391241,863.6575317382812,2066300
2025-12-19,GS,Goldman Sachs,금융,US,870.428466722551,886.7692834769792,869.2260965683158,880.5897216796875,4808300
2025-12-22,GS,Goldman Sachs,금융,US,883.5858886426561,892.4165838582563,881.9301332897311,886.0300903320312,1442300
2025-12-23,GS,Goldman Sachs,금융,US,887.3605638666282,892.850212307773,880.8065399719106,888.7009887695312,1210200
2025-12-24,GS,Goldman Sachs,금융,US,888.1589302368087,898.7243039823308,885.7344591775244,897.6401977539062,771800
2025-12-26,GS,Goldman Sachs,금융,US,897.8569922514339,900.1435288026132,892.2490795423842,893.9541015625,995300
2025-12-29,GS,Goldman Sachs,금융,US,893.3726169955112,893.4021529037664,878.6974212600205,879.3084716796875,1578000
2025-12-30,GS,Goldman Sachs,금융,US,881.8315203224283,882.1075096190881,868.4671536984097,871.660400390625,1833300
2025-12-31,GS,Goldman Sachs,금융,US,871.3450013854465,873.2176140100611,864.1404656895835,866.318603515625,1221500
2026-01-02,GS,Goldman Sachs,금융,US,871.2464937361767,901.2473369447692,868.0433816268525,901.1488037109375,2817600
2026-01-05,GS,Goldman Sachs,금융,US,901.2079534838757,947.8156778719291,899.4338740030653,934.7568359375,3742000
2026-01-06,GS,Goldman Sachs,금융,US,935.7127940599805,944.7406760271057,929.6416911166303,941.6853637695312,1966000
2026-01-07,GS,Goldman Sachs,금융,US,943.0750197173418,944.4252498042506,920.5251065141352,927.44384765625,2683300
2026-01-08,GS,Goldman Sachs,금융,US,921.9837259467275,931.5536605517292,918.5539514718187,921.3431396484375,1960800
2026-01-09,GS,Goldman Sachs,금융,US,925.2263567493616,932.4900247294498,919.2439215999806,925.4332885742188,1334100
2026-01-12,GS,Goldman Sachs,금융,US,920.5251819597161,936.8462684328177,915.7057155528224,935.850830078125,2179600
2026-01-13,GS,Goldman Sachs,금융,US,933.652982599554,936.235178939382,917.5684246925146,924.6152954101562,1969600
2026-01-14,GS,Goldman Sachs,금융,US,918.8496982701653,924.6153364279929,904.6574831258403,919.21435546875,2513000
2026-01-15,GS,Goldman Sachs,금융,US,911.5564307456474,967.1033068704418,911.3297080656939,961.7811889648438,3773700
2026-01-16,GS,Goldman Sachs,금융,US,958.9625187039128,970.493734711026,943.1933508732214,948.1212158203125,3071600
2026-01-20,GS,Goldman Sachs,금융,US,932.7265329337516,948.712497303409,925.5515329858489,929.7599487304688,2629100
2026-01-21,GS,Goldman Sachs,금융,US,930.3808425657911,954.9413030495583,929.8387894871648,939.2608642578125,2251300
2026-01-22,GS,Goldman Sachs,금융,US,946.2091815915512,956.9420856540279,937.0926316342786,940.8772583007812,2468300
2026-01-23,GS,Goldman Sachs,금융,US,920.6040121165971,923.669129601063,903.8196756461399,905.623291015625,3872600
2026-01-26,GS,Goldman Sachs,금융,US,905.1600471152791,920.268897625483,904.7362579556985,918.416015625,2655900
2026-01-27,GS,Goldman Sachs,금융,US,910.6694361777805,919.933846278659,907.111532146701,916.306884765625,2012500
2026-01-28,GS,Goldman Sachs,금융,US,919.0566649358228,923.6494085332666,909.447328425455,923.2946166992188,1674100
2026-01-29,GS,Goldman Sachs,금융,US,923.7775616846192,941.596738383639,911.7831551073186,926.556884765625,2335400
2026-01-30,GS,Goldman Sachs,금융,US,920.4758968697572,933.3376122301822,909.8513912692115,921.914794921875,1893700
2026-02-02,GS,Goldman Sachs,금융,US,918.682158600088,935.7424246994401,898.9214321251735,932.6773071289062,1802000
2026-02-03,GS,Goldman Sachs,금융,US,935.8015580640977,950.5851529782224,905.8007137121831,925.4431762695312,2321900
2026-02-04,GS,Goldman Sachs,금융,US,923.6000719771175,930.5384835430333,880.9050466962896,900.1237182617188,3561900
2026-02-05,GS,Goldman Sachs,금융,US,888.6615256439784,897.6894073560873,864.0714690456924,877.56396484375,3214300
2026-02-06,GS,Goldman Sachs,금융,US,894.7721227946464,918.3273407166289,894.1413416600324,915.3508911132812,2473200
2026-02-09,GS,Goldman Sachs,금융,US,915.5972758561138,935.3087349703467,913.734528532715,930.00634765625,2322600
2026-02-10,GS,Goldman Sachs,금융,US,932.0563149002065,947.9536107829788,916.5138108286475,935.298828125,3324900
2026-02-11,GS,Goldman Sachs,금융,US,936.9251068078681,954.1627685051516,917.84442846085,930.96240234375,2654300
2026-02-12,GS,Goldman Sachs,금융,US,942.3752708728192,954.4190036036754,890.9382161998798,891.5,3188700
2026-02-13,GS,Goldman Sachs,금융,US,881.5063039714538,892.9192559412379,856.4629209779705,892.08154296875,2623000
2026-02-17,GS,Goldman Sachs,금융,US,894.6341099844327,908.254735300891,892.6136974783982,902.82421875,2008500
2026-02-18,GS,Goldman Sachs,금융,US,908.2843576690776,934.0275189219125,906.7074048188776,920.259033203125,1864900
2026-02-19,GS,Goldman Sachs,금융,US,911.6549862122408,916.2477297288107,893.4120211336794,903.4254760742188,1974200
2026-02-20,GS,Goldman Sachs,금융,US,899.3845494873619,909.0628827089922,887.5774052422419,908.9347534179688,2009100
2026-02-23,GS,Goldman Sachs,금융,US,905.2488049097353,918.5540404745491,871.0001429928999,879.4366455078125,2535900
2026-02-24,GS,Goldman Sachs,금융,US,872.6657200054034,898.6158727634764,868.9304201602222,889.2529296875,1971500
2026-02-25,GS,Goldman Sachs,금융,US,901.5232696341942,909.2009214961129,894.4271924416454,908.0872192382812,1763600
2026-02-26,GS,Goldman Sachs,금융,US,914.3751282260961,924.8517730215763,908.2448334748725,915.5972290039062,2220300
2026-02-27,GS,Goldman Sachs,금융,US,898.8425277076686,903.0312127326221,841.8271567827882,847.1689453125,5552300
2026-03-02,GS,Goldman Sachs,금융,US,832.2382321748412,865.5574890935354,828.2751929740086,853.7377319335938,2873200
2026-03-03,GS,Goldman Sachs,금융,US,828.2752062956116,860.316405356998,817.0201892973095,854.609619140625,3782100
2026-03-04,GS,Goldman Sachs,금융,US,861.8025447253829,870.6797139728042,852.053441531241,859.2364501953125,2081700
2026-03-05,GS,Goldman Sachs,금융,US,854.0448329524397,858.513169158819,814.6026892074843,827.7401733398438,3093700
2026-03-06,GS,Goldman Sachs,금융,US,808.4599332225949,819.5167851137637,793.9255050315146,813.829833984375,2473000
2026-03-09,GS,Goldman Sachs,금융,US,802.5153917479339,828.9488544319297,787.6539956044537,824.3418579101562,3258200
2026-03-10,GS,Goldman Sachs,금융,US,826.9673638836334,838.27196680954,818.7143180045649,826.1054077148438,1871900
2026-03-11,GS,Goldman Sachs,금융,US,822.2810596137224,825.1047006887386,803.0503791659094,816.1482543945312,2227000
2026-03-12,GS,Goldman Sachs,금융,US,797.8786761147859,799.7512266187072,776.8547220636391,780.2431640625,3533000
2026-03-13,GS,Goldman Sachs,금융,US,782.0661350005344,790.6263141175972,773.2880177553692,774.9822387695312,2567400
2026-03-16,GS,Goldman Sachs,금융,US,784.6817235970753,798.017371628841,782.7002040930424,787.4261474609375,2082700
2026-03-17,GS,Goldman Sachs,금융,US,798.8496110985192,812.8589691213945,796.0457439450395,799.582763671875,1955600
2026-03-18,GS,Goldman Sachs,금융,US,793.5985859344833,808.6482294523876,793.5985859344833,798.0371704101562,1541300
2026-03-19,GS,Goldman Sachs,금융,US,785.603123178189,808.6382874204393,783.2847792215374,802.02001953125,1765900
2026-03-20,GS,Goldman Sachs,금융,US,799.5431271173953,819.586177731408,797.4922471556088,806.0128173828125,3918400
2026-03-23,GS,Goldman Sachs,금융,US,825.3029233465359,841.6802120640807,821.3398840987735,823.5889282226562,2190300
2026-03-24,GS,Goldman Sachs,금융,US,817.3074051001793,836.6965799949694,810.4414475262108,827.9976806640625,1656100
2026-03-25,GS,Goldman Sachs,금융,US,837.2019710162627,846.8519620550194,826.194643852328,834.061279296875,1628900
2026-03-26,GS,Goldman Sachs,금융,US,826.0855704547893,836.9938452453636,808.5689449014773,815.0386352539062,2052200
2026-03-27,GS,Goldman Sachs,금융,US,806.1514893020349,809.549788074206,790.4083624332374,795.4711303710938,2106800
2026-03-30,GS,Goldman Sachs,금융,US,803.6250670146533,811.0656826294972,794.4704563331086,800.1375732421875,1621400
2026-03-31,GS,Goldman Sachs,금융,US,816.2870020178735,840.6596682707222,802.5154169702829,838.1728515625,2689800
2026-04-01,GS,Goldman Sachs,금융,US,852.0038673964804,862.1591549327884,842.2944338462457,852.261474609375,1803600
2026-04-02,GS,Goldman Sachs,금융,US,830.6431150699622,859.2859539990877,823.321385706851,855.0653076171875,1717700
2026-04-06,GS,Goldman Sachs,금융,US,855.0257409723043,865.1414206971177,851.8256060434295,858.0475463867188,1444500
2026-04-07,GS,Goldman Sachs,금융,US,850.0718425758466,859.9496879908031,842.1457647895917,856.1650390625,1498400
2026-04-08,GS,Goldman Sachs,금융,US,894.6659432804587,909.6363081172984,885.3428604634072,897.380615234375,2439000
2026-04-09,GS,Goldman Sachs,금융,US,893.6653679169514,900.9970148577357,887.0173476786756,895.3694458007812,1797800
2026-04-10,GS,Goldman Sachs,금융,US,895.0226844635714,900.5610584071914,886.7300296939602,899.4117431640625,1642700
2026-04-13,GS,Goldman Sachs,금융,US,867.4597292756297,888.6520958735753,857.344110436911,882.5588989257812,4236200
2026-04-14,GS,Goldman Sachs,금융,US,886.1553749906257,905.7427158439513,881.875285342025,901.224853515625,2822600
2026-04-15,GS,Goldman Sachs,금융,US,906.5451600041364,919.216955279817,888.8105365106672,891.178466796875,2403900
2026-04-16,GS,Goldman Sachs,금융,US,889.6924009772804,899.5703078264826,887.5721604496571,891.683837890625,1742100
2026-04-17,GS,Goldman Sachs,금융,US,907.0405306851698,920.6040337758682,903.7908097522366,917.3939819335938,2805100
2026-04-20,GS,Goldman Sachs,금융,US,915.145026970173,933.0975901432487,914.46140027277,933.0381469726562,2374300
2026-04-21,GS,Goldman Sachs,금융,US,935.772614545082,943.2132301868374,914.0155079523663,917.9884643554688,1765400
2026-04-22,GS,Goldman Sachs,금융,US,930.3234383964033,932.2851234205197,922.5459982702721,926.201904296875,1382600
2026-04-23,GS,Goldman Sachs,금융,US,926.3604033943491,935.6636523329645,912.1826332222089,922.694580078125,1655000
2026-04-24,GS,Goldman Sachs,금융,US,921.8920908793607,924.2996299740405,910.7262084099552,918.3451538085938,1263300
2026-04-27,GS,Goldman Sachs,금융,US,917.483147440245,933.0281705114428,917.443538819423,929.1444091796875,1223000
2026-04-28,GS,Goldman Sachs,금융,US,932.5427279788338,936.5652102768242,915.6998116768049,917.9884643554688,1501600
2026-04-29,GS,Goldman Sachs,금융,US,918.9296570816217,921.4065564268552,890.8514994967378,897.2319946289062,1725900
2026-04-30,GS,Goldman Sachs,금융,US,901.9975951227216,919.4250864615692,896.6376112583191,915.2341918945312,1880300
2026-05-01,GS,Goldman Sachs,금융,US,907.9322920358738,927.1332215253389,903.7116456723252,915.1747436523438,1359800
2026-05-04,GS,Goldman Sachs,금융,US,913.7480193448303,916.4527741274244,890.6930204762751,894.923583984375,1660100
2026-05-05,GS,Goldman Sachs,금융,US,901.3238378851867,913.2327892970977,899.8277810041152,910.3992309570312,1507200
2026-05-06,GS,Goldman Sachs,금융,US,927.2817977061277,935.3366795905525,922.7243268866089,928.6886596679688,2318200
2026-05-07,GS,Goldman Sachs,금융,US,929.2633189020665,936.5552964145372,913.4606882198448,917.3147583007812,1715300
2026-05-08,GS,Goldman Sachs,금융,US,927.3511758366263,931.0962769190558,918.890108886545,927.8267211914062,1665000
2026-05-11,GS,Goldman Sachs,금융,US,924.032073986197,941.0037927712829,918.0676811407745,936.1292114257812,2411400
2026-05-12,GS,Goldman Sachs,금융,US,933.4541757227685,939.7356191199865,912.2915620604127,937.15966796875,2236500
2026-05-13,GS,Goldman Sachs,금융,US,933.1372007770184,950.6835174591242,924.4581355871833,946.5916748046875,2355200
2026-05-14,GS,Goldman Sachs,금융,US,957.9656291250516,966.6446337633771,951.6247425189638,960.006591796875,1898000
2026-05-15,GS,Goldman Sachs,금융,US,944.8380603045374,950.6339806568093,932.9092742063114,939.7058715820312,1862700
2026-05-18,GS,Goldman Sachs,금융,US,938.9826708241767,952.8037819465941,929.8775859631081,937.6154174804688,1508000
2026-05-19,GS,Goldman Sachs,금융,US,924.5968487962675,930.9575703703001,915.2738255114831,920.1582641601562,1767300
2026-05-20,GS,Goldman Sachs,금융,US,936.2679849934007,973.6493318582864,931.8095660172417,973.0449829101562,3104400
2026-05-21,GS,Goldman Sachs,금융,US,973.1341729873653,990.264387597492,961.3341902928046,979.0390625,2452300
2026-05-22,GS,Goldman Sachs,금융,US,985.439448090362,996.0702816457916,981.7439332994666,987.52001953125,1923500
2026-05-26,GS,Goldman Sachs,금융,US,997.2294790727344,1007.146933761099,977.909663194511,985.3304443359375,2080600
2026-05-27,GS,Goldman Sachs,금융,US,986.7075060660039,994.3760372494685,965.4160889285779,987.2623291015625,2195000
2026-05-28,GS,Goldman Sachs,금융,US,977.3052400498246,1000.6376206503037,973.3719527703416,999.0524291992188,2273000
2026-05-29,GS,Goldman Sachs,금융,US,999.944103279527,1017.7281922558429,994.7227800930037,1016.0836181640625,2158000
2026-06-01,GS,Goldman Sachs,금융,US,1010.3815939858358,1046.0767084451206,1006.6697316190043,1043.469482421875,2666700
2026-06-02,GS,Goldman Sachs,금융,US,1044.6238396765204,1068.7357297331253,1042.7828803743428,1059.3914794921875,2125600
2026-06-03,GS,Goldman Sachs,금융,US,1050.136798295306,1050.8233770604265,1025.9850661507178,1035.9462890625,2562200
2026-06-04,GS,Goldman Sachs,금융,US,1047.7386033912583,1090.5589164484034,1044.8825958216942,1087.284912109375,2608800
2026-06-05,GS,Goldman Sachs,금융,US,1087.4938267043274,1093.0068650603969,1030.5527312245497,1033.6177978515625,2643800
2026-06-08,GS,Goldman Sachs,금융,US,1047.649094181939,1057.9984319862851,1037.2499514724934,1039.906982421875,2326700
2026-06-09,GS,Goldman Sachs,금융,US,1056.6151127274895,1059.1625726948812,1001.3955075132812,1026.980224609375,2868500
2026-06-10,GS,Goldman Sachs,금융,US,1023.3380252241774,1031.2593125477795,995.166004332938,996.409912109375,2287200
2026-06-11,GS,Goldman Sachs,금융,US,1008.5604202894332,1031.866320007915,995.5740353133616,1030.592529296875,2561900
2026-06-12,GS,Goldman Sachs,금융,US,1047.8679535192086,1068.5068624678345,1042.952088094829,1057.5704345703125,2206000
2026-06-15,GS,Goldman Sachs,금융,US,1084.2099598295606,1088.8472821184498,1069.760707396848,1070.925048828125,2364000
2026-06-16,GS,Goldman Sachs,금융,US,1080.707086887193,1091.9022569861627,1080.239406712703,1085.3543701171875,1965500
2026-06-17,GS,Goldman Sachs,금융,US,1093.106341755491,1116.4818476510864,1088.9567430370296,1093.7830810546875,2180000
2026-06-18,GS,Goldman Sachs,금융,US,1114.541399217635,1119.5170304641424,1088.0013384176311,1091.2156982421875,4499200
2026-06-22,GS,Goldman Sachs,금융,US,1104.2915097606365,1110.5409315311463,1086.3096325443944,1100.977783203125,1894400
2026-06-23,GS,Goldman Sachs,금융,US,1072.089321790577,1098.1716644190944,1063.7900025564231,1089.10595703125,2066900
2026-06-24,GS,Goldman Sachs,금융,US,1084.6876682928576,1084.7871566279005,1063.3024137983984,1071.6614990234375,1933100
2026-06-25,GS,Goldman Sachs,금융,US,1090.2801576905242,1099.8632278142768,1056.9235081740906,1059.89892578125,1950000
2026-06-26,GS,Goldman Sachs,금융,US,1049.5994769128515,1051.8484720109618,1008.4410687818801,1014.6406860351562,4008500
2026-06-29,GS,Goldman Sachs,금융,US,1024.173946692442,1030.8812095042122,1011.2174439690516,1015.23779296875,1887200
2026-06-30,GS,Goldman Sachs,금융,US,1014.3222400332313,1021.3179461701534,1001.2064830036244,1006.4408569335938,3162800
2026-07-01,GS,Goldman Sachs,금융,US,1005.0775371154886,1028.4928875055464,998.1116531948861,1014.6406860351562,1735000
2026-07-02,GS,Goldman Sachs,금융,US,1033.92623773296,1034.214863224548,1004.8088332369092,1016.02392578125,1543500
2026-07-06,GS,Goldman Sachs,금융,US,1024.8606578054337,1050.1468505859375,1023.9849418202748,1050.1468505859375,1754400
2026-07-07,GS,Goldman Sachs,금융,US,1046.872786482168,1048.7237066797024,1030.0850119609984,1037.896728515625,1353500
2026-07-08,GS,Goldman Sachs,금융,US,1024.9800570516636,1035.1104959190673,1006.9881571019131,1024.621826171875,1699000
2026-07-09,GS,Goldman Sachs,금융,US,1049.8582429744572,1058.8243406253782,1037.528613581816,1050.823486328125,1241800
2026-07-10,GS,Goldman Sachs,금융,US,1058.0281248569734,1061.9689073486454,1042.8922937031143,1050.037353515625,1110600
2026-07-13,GS,Goldman Sachs,금융,US,1051.1915984606262,1052.664365831903,1031.7866371477558,1040.8125,1799500
2026-07-14,GS,Goldman Sachs,금융,US,1079.712023818702,1138.2652206641148,1076.7266449510005,1134.4439697265625,3792600
2026-07-15,GS,Goldman Sachs,금융,US,1142.822964389084,1148.365764310693,1111.9541277965745,1146.455078125,2736800
2026-07-16,GS,Goldman Sachs,금융,US,1142.0566742501449,1146.8332074031593,1083.702455905954,1090.1209716796875,2529400
2026-07-17,GS,Goldman Sachs,금융,US,1066.4170743603518,1080.637466881366,1042.0464430103982,1060.0283203125,2162700
2026-07-20,GS,Goldman Sachs,금융,US,1069.4124334073463,1082.597856029351,1048.5247434396488,1049.8880615234375,1718300
2026-07-21,GS,Goldman Sachs,금융,US,1064.8546700698482,1083.1749779528716,1057.8191810822736,1080.269287109375,1718600
2026-07-22,GS,Goldman Sachs,금융,US,1073.2636386531433,1101.2665073680523,1072.7461535400503,1092.84765625,1538700
2026-07-23,GS,Goldman Sachs,금융,US,1067.2928265013086,1079.443279157801,1057.301720065941,1069.4820556640625,1852700
2026-07-24,GS,Goldman Sachs,금융,US,1069.7607698816462,1072.1291753288644,1046.6936888549387,1056.057861328125,1381400
2026-07-27,GS,Goldman Sachs,금융,US,1074.9155738017882,1083.19497111947,1023.984956620978,1043.1212158203125,2538900
2026-07-28,GS,Goldman Sachs,금융,US,1036.8519327690217,1042.6036700931757,1006.9383797996334,1028.3037109375,2173100
2026-07-29,GS,Goldman Sachs,금융,US,1020.0044303775411,1023.1092194919679,972.9349697866809,975.9700927734375,3198400
2026-07-30,GS,Goldman Sachs,금융,US,1002.4503422826306,1024.7710770218607,993.6434994614718,1019.8650512695312,2330800
2026-07-31,GS,Goldman Sachs,금융,US,1029.677016110984,1037.8967687487307,1003.6843230204823,1013.4166870117188,1553700
2026-08-03,GS,Goldman Sachs,금융,US,1020.0044249386357,1022.9499598204849,1000.2610930523142,1022.054443359375,1706500
2026-08-04,GS,Goldman Sachs,금융,US,1044.8825656630202,1060.963839924805,1038.1853854163064,1047.8480224609375,2653600
2026-08-05,GS,Goldman Sachs,금융,US,1058.5256405436016,1071.9598441067083,1054.8536832111943,1055.2119140625,1648000
2026-08-06,GS,Goldman Sachs,금융,US,1056.8638636057258,1062.834620779092,1025.7562090144595,1027.54736328125,1726500
2026-08-07,GS,Goldman Sachs,금융,US,1033.2793830844416,1041.897210645002,1027.0001994520476,1034.543212890625,1429400
2026-08-10,GS,Goldman Sachs,금융,US,1034.543136916353,1040.3348394417374,1025.0495940713545,1029.468017578125,1819100
2026-08-11,GS,Goldman Sachs,금융,US,1031.3388607204963,1038.3445880659199,1022.1836267622056,1029.3685302734375,1829300
2026-08-12,GS,Goldman Sachs,금융,US,1049.8582429152352,1050.9031741168185,1026.7115955382396,1032.1549072265625,1737800
2026-08-13,GS,Goldman Sachs,금융,US,1035.5382875014045,1053.9082787619664,1033.4087028006368,1037.5484619140625,1421700
2026-08-14,GS,Goldman Sachs,금융,US,1035.8368543072004,1038.6530177423288,1024.5619966358515,1034.3541259765625,1592900
2026-08-17,GS,Goldman Sachs,금융,US,1035.7175312795198,1049.490045133821,1033.0804223133007,1046.186279296875,1450400
2026-08-18,GS,Goldman Sachs,금융,US,1034.9312456224122,1038.4141873144108,1021.0790452191037,1035.39892578125,1909200
2026-08-19,GS,Goldman Sachs,금융,US,1039.7277742608971,1039.7277742608971,1009.5555992533239,1016.6707763671875,2744200
2026-08-20,GS,Goldman Sachs,금융,US,1012.0334496074103,1021.4175437270228,996.7980689335711,997.0667724609375,1756200
2026-08-21,GS,Goldman Sachs,금융,US,1011.0383143922187,1038.5735016071771,1003.9330983524162,1034.21484375,2744000
2026-08-24,GS,Goldman Sachs,금융,US,1033.9362065191963,1042.265408636664,1025.1592461651862,1031.2294921875,1987500
2026-08-25,GS,Goldman Sachs,금융,US,1044.882512743037,1058.3366384384155,1034.2247499851753,1053.71923828125,2497300
2026-08-26,GS,Goldman Sachs,금융,US,1055.8289705058328,1057.3814257923248,1031.7270414453599,1035.3890380859375,1487900
2026-08-27,GS,Goldman Sachs,금융,US,1036.603107595924,1047.4201244696637,1029.955611168401,1035.7969970703125,1712500
2026-08-28,GS,Goldman Sachs,금융,US,1041.3896394067035,1043.7281617536837,1026.55227329444,1028.9505615234375,1053100
2026-08-31,GS,Goldman Sachs,금융,US,1027.567321569891,1027.567321569891,1017.6359812231374,1020.9000244140625,1359800
2026-09-01,GS,Goldman Sachs,금융,US,1004.719970703125,1031.1199951171875,996.969970703125,1002.5599975585938,1845600
2026-09-02,GS,Goldman Sachs,금융,US,1009.739990234375,1021.8400268554688,998.0,1004.4199829101562,2193300
2026-09-03,GS,Goldman Sachs,금융,US,1013.5,1039.8299560546875,1012.5,1037.9300537109375,1675400
2026-09-04,GS,Goldman Sachs,금융,US,1031.0899658203125,1041.199951171875,1024.6300048828125,1038.6099853515625,1429000
2026-09-08,GS,Goldman Sachs,금융,US,1040.550048828125,1043.8399658203125,1028.56005859375,1036.530029296875,1263200
2026-09-09,GS,Goldman Sachs,금융,US,1028.0,1038.4300537109375,1011.4000244140625,1028.780029296875,1661600
2026-09-10,GS,Goldman Sachs,금융,US,1017.2899780273438,1027.22998046875,1011.6799926757812,1019.77001953125,1896900
2026-09-11,GS,Goldman Sachs,금융,US,1035.050048828125,1042.989990234375,1018.5900268554688,1029.1800537109375,1163000
2026-09-14,GS,Goldman Sachs,금융,US,1010.0,1013.6900024414062,978.9299926757812,988.4500122070312,2206600
2026-09-15,GS,Goldman Sachs,금융,US,984.6500244140625,988.280029296875,954.489990234375,976.6699829101562,2355200
2026-09-16,GS,Goldman Sachs,금융,US,981.4600219726562,984.6599731445312,932.3699951171875,937.97998046875,3546200
2026-09-17,GS,Goldman Sachs,금융,US,940.0999755859375,957.969970703125,922.0,951.469970703125,3286700
2025-09-18,V,Visa,금융,US,341.9948757376367,342.5305695051567,335.496826171875,335.496826171875,7526600
2025-09-19,V,Visa,금융,US,337.7488274356299,339.9710452297281,335.56627047682144,338.89959716796875,13674300
2025-09-22,V,Visa,금융,US,336.3202490919778,342.123810018113,335.9730199939359,341.6277770996094,5621800
2025-09-23,V,Visa,금융,US,341.85597812289535,342.5206755840167,334.9512080718528,336.0127258300781,10142700
2025-09-24,V,Visa,금융,US,336.4393006348119,337.2031804494151,335.2389094188791,335.99285888671875,5207400
2025-09-25,V,Visa,금융,US,335.66552294048745,337.5008510178562,331.8559932948658,332.27264404296875,5398700
2025-09-26,V,Visa,금융,US,334.55442484442136,336.8064037434848,333.56235885401344,334.69329833984375,9619200
2025-09-29,V,Visa,금융,US,334.70317877443784,337.93732310901214,332.88768132847923,337.46112060546875,7217800
2025-09-30,V,Visa,금융,US,337.1237970579421,342.86783606503286,335.8241933219314,338.6714172363281,8164400
2025-10-01,V,Visa,금융,US,337.6099271681015,346.58811100512,337.6099271681015,345.07025146484375,8381000
2025-10-02,V,Visa,금융,US,343.47301653993634,344.4253912143216,340.83411792457423,343.2051696777344,5198000
2025-10-03,V,Visa,금융,US,343.3639143460552,350.3579971109944,343.25480162919763,347.0643310546875,5199700
2025-10-06,V,Visa,금융,US,347.23300809525006,348.3341867524627,341.61791126204685,346.5087890625,4735600
2025-10-07,V,Visa,금융,US,347.28254931570063,351.62780233611676,347.28254931570063,349.62384033203125,5044600
2025-10-08,V,Visa,금융,US,350.97307846230774,352.18340009053827,348.3143490742109,348.572265625,3927500
2025-10-09,V,Visa,금융,US,348.6813738433532,350.07025993179053,342.83809165015964,344.2865295410156,4434800
2025-10-10,V,Visa,금융,US,344.8718644724454,347.619876043067,340.52661110214683,340.9234313964844,6296200
2025-10-13,V,Visa,금융,US,340.99288338080447,344.90162534592463,338.0266161060487,340.5762023925781,4030700
2025-10-14,V,Visa,금융,US,338.29448481374277,347.2330086020973,337.520674593222,345.6159362792969,5731000
2025-10-15,V,Visa,금융,US,345.61592533540403,347.3024192111109,341.27067182105253,342.947265625,3778200
2025-10-16,V,Visa,금융,US,342.2627301477191,342.94725803005036,331.5186699399313,332.7388916015625,6241500
2025-10-17,V,Visa,금융,US,335.09006206042216,340.72501894313797,334.32618227604405,339.1773986816406,6267100
2025-10-20,V,Visa,금융,US,339.18730374169905,342.2230227820154,336.2507973402091,341.6773986816406,4665000
2025-10-21,V,Visa,금융,US,340.3976542086254,346.87584346628927,340.2786111420936,344.4552001953125,4121800
2025-10-22,V,Visa,금융,US,345.060346283755,345.4075753813841,341.7666804426993,342.6198425292969,5074400
2025-10-23,V,Visa,금융,US,343.4532348171426,344.39567927917403,341.727019522991,343.2151184082031,7217200
2025-10-24,V,Visa,금융,US,345.43734159635414,346.3103341142831,342.58018710001323,344.62384033203125,3576700
2025-10-27,V,Visa,금융,US,346.2310248701323,346.74688827736674,342.27269132265525,345.0603942871094,5400300
2025-10-28,V,Visa,금융,US,345.81433810283966,347.11397236042376,343.75085423268433,344.1476745605469,7445400
2025-10-29,V,Visa,금융,US,343.2547871723516,348.19528604873324,336.3103261601942,338.5722351074219,8361700
2025-10-30,V,Visa,금융,US,339.5047475714054,346.94524081464925,339.0781665582328,342.2924499511719,6411800
2025-10-31,V,Visa,금융,US,339.36589423151366,340.2786081927618,335.4869431536939,338.0365295410156,7301600
2025-11-03,V,Visa,금융,US,338.29446591927433,338.50279127746575,332.1635060317716,334.22698974609375,5538000
2025-11-04,V,Visa,금융,US,333.8103374596785,337.6198667973582,331.59801965303404,337.6000061035156,5920200
2025-11-05,V,Visa,금융,US,337.43138435003425,339.39565548449804,333.6912764760034,337.34210205078125,4984600
2025-11-06,V,Visa,금융,US,335.9035711966457,335.96309272537576,331.06228502362495,334.2864990234375,8507900
2025-11-07,V,Visa,금융,US,334.0583313951361,335.6059516380656,332.1932428266196,333.35394287109375,5318400
2025-11-10,V,Visa,금융,US,333.97897430602666,335.9928668426192,331.6674741139567,332.1932678222656,5295800
2025-11-11,V,Visa,금융,US,332.8381390653168,336.3996523301598,330.5563994024713,336.23101806640625,4453300
2025-11-12,V,Visa,금융,US,336.230963908966,342.20509953822955,335.3860315467677,336.8572082519531,6389600
2025-11-13,V,Visa,금융,US,337.01623628756,339.42177401675406,333.59676765140006,334.0738830566406,4961700
2025-11-14,V,Visa,금융,US,333.88503537503817,334.0738733271696,327.06596799806164,328.050048828125,6422300
2025-11-17,V,Visa,금융,US,329.1832834325262,331.370133257436,322.9904598740608,323.8055725097656,6494800
2025-11-18,V,Visa,금융,US,322.5630378796905,323.06005334637723,316.101836812763,319.2628479003906,9170400
2025-11-19,V,Visa,금융,US,319.6008162287846,322.632628790591,317.96067124835383,322.185302734375,7066700
2025-11-20,V,Visa,금융,US,322.18528870636743,326.43973972186893,321.21115784431845,321.8373718261719,6510300
2025-11-21,V,Visa,금융,US,323.4377610515547,329.1037186642099,322.3542710712508,326.0222473144531,8930000
2025-11-24,V,Visa,금융,US,327.27474167309344,328.75586842302397,324.0540910886259,327.3343811035156,9337100
2025-11-25,V,Visa,금융,US,326.9367735032804,334.0540387480419,326.9367735032804,332.5331726074219,5854300
2025-11-26,V,Visa,금융,US,332.53315005032596,333.70609921167375,331.0719234390147,331.7975769042969,4309900
2025-11-28,V,Visa,금융,US,331.4397445821358,333.0202502105825,330.01828755179565,332.4437255859375,4586200
2025-12-01,V,Visa,금융,US,330.952674561706,331.31051115096835,328.16939997160557,328.41790771484375,7082300
2025-12-02,V,Visa,금융,US,329.4715593852143,330.81347685406314,325.2568476714639,327.6524658203125,8201900
2025-12-03,V,Visa,금융,US,327.64251708984375,330.36618243963824,327.3840896786403,327.64251708984375,6296700
2025-12-04,V,Visa,금융,US,329.30259487053706,330.396035058885,322.3443777352205,325.1475524902344,6277500
2025-12-05,V,Visa,금융,US,324.87910693925505,332.11565070545527,324.45168093112363,329.2627868652344,5266600
2025-12-08,V,Visa,금융,US,327.91093115330386,329.36220783095706,322.77177784886004,324.8890686035156,6059400
2025-12-09,V,Visa,금융,US,324.6604152629651,326.2707707906858,323.1296295298985,324.55108642578125,4325400
2025-12-10,V,Visa,금융,US,324.6902773524443,326.797618069185,323.35824921183155,323.78570556640625,5467500
2025-12-11,V,Visa,금융,US,330.6147028726578,345.2468397955696,328.0898557440862,343.5669250488281,12953600
2025-12-12,V,Visa,금융,US,345.92275226223416,347.75176547302596,343.9048707541211,345.7537536621094,6942300
2025-12-15,V,Visa,금융,US,345.75375811958673,346.37008276561073,341.77763447910525,344.81939697265625,7004600
2025-12-16,V,Visa,금융,US,343.93472044726457,345.5450457875993,341.66833101727156,343.0500183105469,7269300
2025-12-17,V,Visa,금융,US,343.48736646695176,345.71401631820476,341.62853353163234,342.35418701171875,7263500
2025-12-18,V,Visa,금융,US,343.1096587982668,345.45555715920034,342.2150067207226,343.94464111328125,6805000
2025-12-19,V,Visa,금융,US,343.98440250591693,347.8213777963309,343.98440250591693,347.1653137207031,18623900
2025-12-22,V,Visa,금융,US,347.9108213067459,351.33029009156553,347.50326499010805,349.98834228515625,5043500
2025-12-23,V,Visa,금융,US,349.89886244343046,354.2527224604554,349.89886244343046,351.2706298828125,3703200
2025-12-24,V,Visa,금융,US,351.2706375438569,353.86504358199,350.9028509715926,353.0201416015625,2023600
2025-12-26,V,Visa,금융,US,352.9804211319358,354.6006965475734,351.5987034536714,352.8810119628906,2017000
2025-12-29,V,Visa,금융,US,353.36803818653135,354.42170852339746,351.68812352323397,352.4932861328125,3989900
2025-12-30,V,Visa,금융,US,351.8869223692591,352.75172435870365,350.5549246649472,351.5091857910156,3366500
2025-12-31,V,Visa,금융,US,351.539030494231,353.0797966289462,348.5967074506911,348.6165771484375,3503200
2026-01-02,V,Visa,금융,US,347.7815836695472,347.960501949782,341.42974203788856,344.4118347167969,5403800
2026-01-05,V,Visa,금융,US,342.443665092254,355.40583728080946,341.99633902690704,351.6881408691406,7592200
2026-01-06,V,Visa,금융,US,351.56887509982283,356.4793906429162,349.89891030839686,355.42572021484375,6775400
2026-01-07,V,Visa,금융,US,355.0181150566925,356.1413747804971,352.3938893645904,353.7557067871094,6333900
2026-01-08,V,Visa,금융,US,352.88098777382146,354.22293562539693,347.4138175407059,350.1275329589844,6357600
2026-01-09,V,Visa,금융,US,350.0579384420253,352.58278551612295,347.075845630788,347.68218994140625,4902900
2026-01-12,V,Visa,금융,US,340.73392188335623,344.4416681829234,335.306521484956,341.15142822265625,13281300
2026-01-13,V,Visa,금융,US,334.98840838378953,335.5052935234542,321.89700827533295,325.9228515625,20383500
2026-01-14,V,Visa,금융,US,326.69823467398464,327.930823416361,322.00640710360557,327.2052001953125,9388400
2026-01-15,V,Visa,금융,US,327.3641956721743,329.71012446176314,324.42187258773953,325.79364013671875,8587700
2026-01-16,V,Visa,금융,US,324.8294159854098,327.28467351953486,323.45764849102363,326.34033203125,8341600
2026-01-20,V,Visa,금융,US,320.30661550634863,326.3602605702113,319.64060139821356,323.87518310546875,8279900
2026-01-21,V,Visa,금융,US,324.4815084058711,326.70815831170904,321.0719896048092,323.33837890625,8974600
2026-01-22,V,Visa,금융,US,324.51133543161114,326.4298382199604,322.0660277886144,324.41192626953125,6938700
2026-01-23,V,Visa,금융,US,323.91490453064694,325.8433269631201,322.6823158838599,324.2330017089844,5667900
2026-01-26,V,Visa,금융,US,326.0421398816049,330.0182635386976,323.0898668527969,326.5292053222656,7540200
2026-01-27,V,Visa,금융,US,326.51929279034806,326.96658851031486,322.97059506819414,323.3185119628906,6365800
2026-01-28,V,Visa,금융,US,324.77975153347825,326.4298465929955,322.9407881617898,325.02825927734375,8106000
2026-01-29,V,Visa,금융,US,328.03021442692346,331.370143867361,321.5789632505275,329.8194580078125,10214200
2026-01-30,V,Visa,금융,US,330.236962156358,331.0123050809688,319.68035836149653,319.9089660644531,11199100
2026-02-02,V,Visa,금융,US,322.8910614362982,332.6922224170356,322.17535793601024,331.8472900390625,8502400
2026-02-03,V,Visa,금융,US,329.67037933784445,333.7856822919601,326.906974335595,326.96661376953125,9081200
2026-02-04,V,Visa,금융,US,325.1574551429397,329.332397339644,322.48353974956564,327.98052978515625,8472300
2026-02-05,V,Visa,금융,US,331.012269247502,335.5748671563395,326.85722762273235,327.1653747558594,8339000
2026-02-06,V,Visa,금융,US,329.7996179031159,333.12962796091784,325.14755990703173,329.6007995605469,7798800
2026-02-09,V,Visa,금융,US,328.78570026762736,330.8334016821115,321.6883044313802,323.6365966796875,8513400
2026-02-10,V,Visa,금융,US,323.4373584411114,328.5871090806843,323.27798187994784,326.8838195800781,5801800
2026-02-11,V,Visa,금융,US,325.6387312474863,329.7425790622465,325.14069087388975,327.9496154785156,8264300
2026-02-12,V,Visa,금융,US,327.6009856634334,330.93783158462884,322.7301366033025,322.909423828125,9392600
2026-02-13,V,Visa,금융,US,322.5608168831966,325.20045519714154,311.59398846280106,312.8490295410156,11653900
2026-02-17,V,Visa,금융,US,313.1777553150958,320.12043942634676,313.1777553150958,318.247802734375,8591700
2026-02-18,V,Visa,금융,US,318.2477947880967,321.0168980150915,315.4786915611019,319.0446472167969,7091900
2026-02-19,V,Visa,금융,US,316.2456644955574,318.9450651881826,314.49258306333303,317.6800231933594,5967600
2026-02-20,V,Visa,금융,US,316.86324250493954,321.0866456850293,316.574400965125,319.692138671875,6831100
2026-02-23,V,Visa,금융,US,317.78958339494204,319.2637633222238,303.515730464103,305.3186340332031,13048000
2026-02-24,V,Visa,금융,US,304.30267006457245,308.05788356039716,301.89214126702194,306.01593017578125,9120200
2026-02-25,V,Visa,금융,US,307.3406745970078,312.7095639299417,307.0418625590578,311.7632751464844,7624200
2026-02-26,V,Visa,금융,US,313.2474703757061,318.1681114796254,312.709578284735,315.4587707519531,8725500
2026-02-27,V,Visa,금융,US,313.2275530184615,318.9749585636924,310.72741093566447,318.88531494140625,12412900
2026-03-02,V,Visa,금융,US,314.2634710190134,321.33565029745085,313.3670044395995,319.25384521484375,6674900
2026-03-03,V,Visa,금융,US,314.5722564235918,320.77785038408507,313.117987052978,319.57257080078125,5474300
2026-03-04,V,Visa,금융,US,320.1801887712339,324.49320490972036,318.5466018009251,319.2139892578125,5257900
2026-03-05,V,Visa,금융,US,318.07844119005733,321.5348424853333,313.5363155637196,318.5466003417969,8267200
2026-03-06,V,Visa,금융,US,314.81131703544906,316.4449040988039,311.07601412616293,316.1161804199219,6439700
2026-03-09,V,Visa,금융,US,312.2314560667069,315.15993583491843,308.9344312933075,314.73162841796875,8381500
2026-03-10,V,Visa,금융,US,314.1937431016918,315.88709253278006,310.22936117865277,313.1976623535156,5271300
2026-03-11,V,Visa,금융,US,312.0222791858673,313.84509349123954,307.18134157627605,307.74908447265625,6376700
2026-03-12,V,Visa,금융,US,306.9323542029832,309.7313388364715,304.82063735961356,305.29876708984375,7514900
2026-03-13,V,Visa,금융,US,306.38446686722085,309.1336593983733,305.21906944064716,305.9362487792969,4814100
2026-03-16,V,Visa,금융,US,306.64344012556506,309.9105835049712,306.1752809950723,308.8945617675781,6401200
2026-03-17,V,Visa,금융,US,310.09984414528657,311.4644698112407,306.1752838399166,307.25103759765625,6872200
2026-03-18,V,Visa,금융,US,306.20518500751876,306.73310658565566,297.33010193516475,297.8480529785156,7191700
2026-03-19,V,Visa,금융,US,296.8719016022564,301.2845318265138,295.8658503636263,298.53533935546875,6826400
2026-03-20,V,Visa,금융,US,298.67481425452536,301.7327894042891,297.8381100854838,300.4378662109375,14398100
2026-03-23,V,Visa,금융,US,304.0038572697504,306.6434651794843,301.6630614260347,303.246826171875,7824500
2026-03-24,V,Visa,금융,US,300.8163767349488,304.8405513457489,299.44178048089515,302.5694885253906,5375900
2026-03-25,V,Visa,금융,US,304.28273910722726,307.2809213034843,300.9857144661871,303.7149658203125,6280900
2026-03-26,V,Visa,금융,US,302.9678939055341,306.6633446025994,301.81243670471684,304.33251953125,7652700
2026-03-27,V,Visa,금융,US,303.1273151321971,303.39624600384485,293.166507172264,294.3617858886719,9974400
2026-03-30,V,Visa,금융,US,297.55920487944724,299.50154404760565,294.73033927812014,298.36602783203125,9330300
2026-03-31,V,Visa,금융,US,300.4179440831887,302.1511147673973,295.42757006738316,301.055419921875,10246900
2026-04-01,V,Visa,금융,US,303.85440321825206,303.85440321825206,292.7381694353985,297.3400573730469,7707600
2026-04-02,V,Visa,금융,US,296.6328211241279,301.28453138114594,294.6904819925192,299.6210632324219,4376000
2026-04-06,V,Visa,금융,US,299.5612984468797,303.2268985064469,298.286316373369,302.1411437988281,5501000
2026-04-07,V,Visa,금융,US,301.25467300034336,303.78472668848525,299.93983907756353,301.3642272949219,4413900
2026-04-08,V,Visa,금융,US,306.5239246667074,309.86077069237774,306.49404346163476,307.74908447265625,6879300
2026-04-09,V,Visa,금융,US,306.7928541611418,308.36664828465365,302.40013464698717,307.08172607421875,4811500
2026-04-10,V,Visa,금융,US,307.5000714824076,307.7889434035062,302.3204699616491,303.1671142578125,5190000
2026-04-13,V,Visa,금융,US,302.7388065700545,308.53600366814584,301.155041869684,308.17742919921875,6787200
2026-04-14,V,Visa,금융,US,307.26103010828473,310.8967187654788,306.28486003020583,310.149658203125,5571000
2026-04-15,V,Visa,금융,US,311.77327635482305,315.48866851471763,310.2990658939648,314.671875,4831400
2026-04-16,V,Visa,금융,US,315.11015221046245,316.7536793728972,313.3371296864953,313.86505126953125,5695800
2026-04-17,V,Visa,금융,US,315.35915946176345,318.1880250357548,313.94471147578236,315.7774963378906,8082300
2026-04-20,V,Visa,금융,US,315.15991411626925,316.3054007933923,311.12579961049727,312.7095642089844,5506800
2026-04-21,V,Visa,금융,US,312.7793368499103,315.6480543727783,307.6096751468197,308.72528076171875,6806900
2026-04-22,V,Visa,금융,US,309.79104492996197,310.1396488303614,306.85259492682206,310.0699462890625,5666600
2026-04-23,V,Visa,금융,US,309.2830795800573,310.9764290509568,303.81460587135535,307.66943359375,7275000
2026-04-24,V,Visa,금융,US,305.8963913711518,308.76510867259884,303.30657545190263,308.2073059082031,5616900
2026-04-27,V,Visa,금융,US,306.30477404028187,309.60179859903263,304.86044492147084,308.4363708496094,6261500
2026-04-28,V,Visa,금융,US,310.97639628878363,312.7294775914766,307.5299352956203,308.0877380371094,8839900
2026-04-29,V,Visa,금융,US,335.08154973186936,340.63969719893055,332.4817936312549,333.5475769042969,16658600
2026-04-30,V,Visa,금융,US,330.8183038995719,331.19681941400586,326.79412952217785,328.5472412109375,11241100
2026-05-01,V,Visa,금융,US,331.5753517735461,334.5337126996377,326.6447400974031,326.7443542480469,6726100
2026-05-04,V,Visa,금융,US,326.71448703065977,328.49748009021664,324.12467099289546,325.5690002441406,6712400
2026-05-05,V,Visa,금융,US,323.83579864135663,324.3039578106427,318.39720624771417,320.76788330078125,5893200
2026-05-06,V,Visa,금융,US,322.48111808541825,323.30785166941854,316.7536542120865,317.5505065917969,7808400
2026-05-07,V,Visa,금융,US,318.28761190791755,322.4213404283596,318.28761190791755,320.0207824707031,7186100
2026-05-08,V,Visa,금융,US,319.7319477733878,319.8116512556435,314.92089116273706,317.54058837890625,5950200
2026-05-11,V,Visa,금융,US,317.8493745260795,323.90553213234,316.7636501525053,322.5906982421875,9586200
2026-05-12,V,Visa,금융,US,323.71861575326017,328.30010079044166,323.5988431448615,325.8147277832031,6235200
2026-05-13,V,Visa,금융,US,323.1895917984963,324.8165740981451,319.20696990140226,319.7160339355469,7950400
2026-05-14,V,Visa,금융,US,320.77407458719756,322.7304316048222,319.65615629141206,321.92193603515625,5277400
2026-05-15,V,Visa,금융,US,323.3992105807512,328.39993034372947,323.23950361156534,325.1459655761719,6054500
2026-05-18,V,Visa,금융,US,323.82839540100866,332.8117065140525,323.16961559740014,332.023193359375,5305800
2026-05-19,V,Visa,금융,US,332.71188949315723,334.5485043686942,328.87901369831957,329.2982482910156,12858100
2026-05-20,V,Visa,금융,US,329.4779084191791,331.0450044691208,326.21398296632935,330.1366882324219,9422500
2026-05-21,V,Visa,금융,US,329.2283866364193,331.90340990418883,326.6332016248708,330.5060119628906,7034500
2026-05-22,V,Visa,금융,US,329.9071152744464,332.81172300019847,328.21028581229956,328.2701721191406,7462100
2026-05-26,V,Visa,금융,US,325.85465137912865,327.890877227978,323.90828545299996,325.8746337890625,8705100
2026-05-27,V,Visa,금융,US,325.2258042905605,330.8453695289686,325.0561365774909,327.00250244140625,5917400
2026-05-28,V,Visa,금융,US,325.4054745838858,326.473467283892,320.304934449476,324.3474426269531,8105400
2026-05-29,V,Visa,금융,US,324.89643108147584,331.0550035619541,324.7467153160326,325.75482177734375,14104500
2026-06-01,V,Visa,금융,US,326.65317320088843,327.2520362551611,318.0890659929148,322.1714782714844,10079300
2026-06-02,V,Visa,금융,US,321.911976472278,322.900130958607,312.8088926463686,316.7315979003906,10125300
2026-06-03,V,Visa,금융,US,317.0609741306723,317.0609741306723,308.42701995550726,311.8207092285156,8992800
2026-06-04,V,Visa,금융,US,316.20257521300795,324.15779741844494,316.1127457580593,319.5862731933594,6981700
2026-06-05,V,Visa,금융,US,321.8021573858913,325.3755359367605,320.3748163907789,322.9700012207031,7176300
2026-06-08,V,Visa,금융,US,320.7541174065557,323.3193590911711,317.83951864495947,319.0772399902344,5582000
2026-06-09,V,Visa,금융,US,318.06910016973313,324.8864216353897,316.4121747162161,324.4472351074219,6340400
2026-06-10,V,Visa,금융,US,326.0143312805488,326.2938108474966,319.58627077976143,322.3611145019531,5793100
2026-06-11,V,Visa,금융,US,321.40291602859213,323.10973664985323,317.3703988636284,318.4583740234375,5958900
2026-06-12,V,Visa,금융,US,321.1633691478087,325.3256196452838,319.20698165018104,321.7922058105469,5543200
2026-06-15,V,Visa,금융,US,322.7603745094088,325.8346802814496,322.15152026202406,323.21954345703125,6803000
2026-06-16,V,Visa,금융,US,325.0860736201939,332.67198698922914,323.77850519751286,332.5022888183594,9248400
2026-06-17,V,Visa,금융,US,332.88160485990437,336.19545603301555,329.35815161011175,329.76739501953125,6895200
2026-06-18,V,Visa,금융,US,330.3862161708477,331.71373650670535,326.3936334980882,326.6331787109375,14716700
2026-06-22,V,Visa,금융,US,327.7211572947962,332.3825110173034,325.255736249892,325.994384765625,15132400
2026-06-23,V,Visa,금융,US,328.2102765273601,330.6657064213508,327.4816192000871,327.87091064453125,11113400
2026-06-24,V,Visa,금융,US,328.3899311009871,334.1791639025663,326.6132329961447,331.61395263671875,8197200
2026-06-25,V,Visa,금융,US,331.94333024120465,339.30965035180515,329.45795720555896,329.9071044921875,7050200
2026-06-26,V,Visa,금융,US,331.62391484212816,339.09005558153274,330.82541047321376,335.6065368652344,16717400
2026-06-29,V,Visa,금융,US,337.6427420814022,345.16876934692397,337.6427420814022,341.0164794921875,11710900
2026-06-30,V,Visa,금융,US,341.12627604022873,343.65158338253525,338.4512224777037,342.45379638671875,7957900
2026-07-01,V,Visa,금융,US,343.92108647429916,352.7047566164018,340.34773820340007,350.4289855957031,13025900
2026-07-02,V,Visa,금융,US,351.85633962893826,361.45849609375,351.85633962893826,361.45849609375,9814800
2026-07-06,V,Visa,금융,US,362.3268927646901,364.3431361331269,348.20313705903584,356.5875549316406,11623800
2026-07-07,V,Visa,금융,US,347.744003265132,355.4197158554798,346.2767278330053,351.54693603515625,7332500
2026-07-08,V,Visa,금융,US,349.650411586948,350.94801921810193,345.0489747278172,346.88555908203125,10215200
2026-07-09,V,Visa,금융,US,344.6597048505295,347.8537833381742,343.7813622043677,347.5543518066406,6606300
2026-07-10,V,Visa,금융,US,349.9798320131086,350.5188392207221,344.68964152124937,348.3229064941406,4702800
2026-07-13,V,Visa,금융,US,351.0777829959364,358.82337258284446,350.3990207986449,357.08660888671875,9964600
2026-07-14,V,Visa,금융,US,355.11029633051527,359.2725774384029,353.0241754046451,355.3598327636719,6632400
2026-07-15,V,Visa,금융,US,353.3435751194357,359.7616446111089,348.4726192666298,354.4814758300781,8850000
2026-07-16,V,Visa,금융,US,357.3760808599296,364.4629211425781,356.4477822451955,364.4629211425781,9073200
2026-07-17,V,Visa,금융,US,362.8958306673428,363.95386264682946,356.3380062665893,357.8951110839844,7400400
2026-07-20,V,Visa,금융,US,356.4378309524324,362.32688441407214,355.76905993924623,359.9013977050781,7616800
2026-07-21,V,Visa,금융,US,356.32803071902083,358.45408597568553,354.03230774816586,355.16021728515625,6027300
2026-07-22,V,Visa,금융,US,355.9088319271366,356.8670433033565,351.61678699139844,352.7646789550781,4622200
2026-07-23,V,Visa,금융,US,351.39717584563147,351.39717584563147,347.8537708520506,350.9480285644531,4183300
2026-07-24,V,Visa,금융,US,352.8145729386106,355.18017344855315,350.39904686549784,355.0803527832031,4482800
2026-07-27,V,Visa,금융,US,358.6836615690858,362.9856670774005,357.58569521245334,361.8577575683594,6631100
2026-07-28,V,Visa,금융,US,364.3830556294341,370.47175030489075,362.057389622598,365.91021728515625,11061900
2026-07-29,V,Visa,금융,US,356.33800494846076,373.27653822285373,354.82083449278736,368.0462646484375,11289900
2026-07-30,V,Visa,금융,US,364.32318621955545,366.31947765089546,360.08106692795786,365.5908203125,8391400
2026-07-31,V,Visa,금융,US,363.08547994976436,366.199689577411,359.43226312933626,365.4510803222656,7828400
2026-08-03,V,Visa,금융,US,367.8166822243689,371.28024894435134,363.67438375420267,364.991943359375,5521300
2026-08-04,V,Visa,금융,US,361.0891957111975,370.4218335736103,359.4222790007568,368.9046630859375,7497500
2026-08-05,V,Visa,금융,US,371.6096355733356,371.7094562365133,366.03999591549916,367.85662841796875,6065300
2026-08-06,V,Visa,금융,US,368.88472547054477,370.4118872220017,364.5727285978463,369.7830505371094,5022300
2026-08-07,V,Visa,금융,US,367.82668528799354,369.56344907563306,360.8496260625997,361.82781982421875,5112500
2026-08-10,V,Visa,금융,US,361.3287562034755,363.49474585206144,358.2045551780129,360.6500244140625,7552200
2026-08-11,V,Visa,금융,US,360.9800109863281,364.54998779296875,359.9700012207031,362.82000732421875,4440900
2026-08-12,V,Visa,금융,US,361.0,363.3500061035156,358.30999755859375,359.4200134277344,3794200
2026-08-13,V,Visa,금융,US,363.70001220703125,365.45001220703125,358.7099914550781,365.45001220703125,8142600
2026-08-14,V,Visa,금융,US,365.8900146484375,366.79998779296875,362.760009765625,364.1499938964844,8106900
2026-08-17,V,Visa,금융,US,362.8399963378906,363.55999755859375,358.5199890136719,358.8399963378906,15543400
2026-08-18,V,Visa,금융,US,359.6199951171875,365.9100036621094,358.04998779296875,364.25,6820300
2026-08-19,V,Visa,금융,US,364.0899963378906,370.6400146484375,362.8999938964844,365.5400085449219,5866400
2026-08-20,V,Visa,금융,US,365.1000061035156,368.92999267578125,363.6300048828125,365.7300109863281,6151500
2026-08-21,V,Visa,금융,US,367.8699951171875,371.79998779296875,366.6600036621094,371.0400085449219,6667100
2026-08-24,V,Visa,금융,US,373.260009765625,383.42999267578125,372.2099914550781,382.4100036621094,8477500
2026-08-25,V,Visa,금융,US,381.2099914550781,384.20001220703125,380.2699890136719,384.1400146484375,6777600
2026-08-26,V,Visa,금융,US,384.1400146484375,385.57000732421875,381.0799865722656,383.8999938964844,6075100
2026-08-27,V,Visa,금융,US,381.1400146484375,381.7699890136719,378.5,379.6600036621094,6641500
2026-08-28,V,Visa,금융,US,380.29998779296875,383.67999267578125,379.0299987792969,381.6000061035156,4643000
2026-08-31,V,Visa,금융,US,381.3500061035156,382.4800109863281,378.79998779296875,379.3699951171875,6744800
2026-09-01,V,Visa,금융,US,379.6499938964844,380.75,372.2200012207031,372.6700134277344,5857400
2026-09-02,V,Visa,금융,US,374.010009765625,380.1700134277344,374.010009765625,378.3999938964844,5599900
2026-09-03,V,Visa,금융,US,380.1700134277344,382.2099914550781,376.8599853515625,378.75,3869500
2026-09-04,V,Visa,금융,US,374.8900146484375,377.5,373.6400146484375,375.07000732421875,4645100
2026-09-08,V,Visa,금융,US,371.6000061035156,373.5,367.44000244140625,368.6400146484375,4929000
2026-09-09,V,Visa,금융,US,368.45001220703125,369.4800109863281,365.8800048828125,367.3900146484375,4479800
2026-09-10,V,Visa,금융,US,366.3999938964844,368.0,365.5199890136719,367.2099914550781,3800200
2026-09-11,V,Visa,금융,US,368.9200134277344,371.80999755859375,367.9800109863281,370.45001220703125,3492700
2026-09-14,V,Visa,금융,US,375.07000732421875,377.1700134277344,371.6700134277344,375.2799987792969,6198200
2026-09-15,V,Visa,금융,US,374.82000732421875,376.3699951171875,372.82000732421875,375.6199951171875,5014000
2026-09-16,V,Visa,금융,US,374.9599914550781,376.4700012207031,368.1199951171875,370.92999267578125,7202300
2026-09-17,V,Visa,금융,US,371.3800048828125,372.4800109863281,368.3900146484375,369.92999267578125,4710000
2025-09-18,RHI,Robert Half,채용/인력,US,32.2916943254764,32.72458114732547,32.0061703895185,32.337745666503906,1065100
2025-09-19,RHI,Robert Half,채용/인력,US,32.346955965810174,32.39300730888277,31.56407259309917,31.748281478881836,3644100
2025-09-22,RHI,Robert Half,채용/인력,US,31.582493555417816,32.1995892768494,31.462757253687723,32.14432907104492,2374400
2025-09-23,RHI,Robert Half,채용/인력,US,32.20880356116284,32.45748504248877,30.96539615453317,31.12197494506836,1511900
2025-09-24,RHI,Robert Half,채용/인력,US,31.168022037760522,32.01537792059417,31.09433708438788,31.895645141601562,2581700
2025-09-25,RHI,Robert Half,채용/인력,US,31.803539058658178,31.803539058658178,30.725922963087363,30.845659255981445,1520000
2025-09-26,RHI,Robert Half,채용/인력,US,30.84566026969043,31.536440921909467,30.799605415415492,31.333810806274414,1933000
2025-09-29,RHI,Robert Half,채용/인력,US,31.637752915181945,31.702225495891238,30.928554527379752,31.573280334472656,1686500
2025-09-30,RHI,Robert Half,채용/인력,US,31.416702842770665,31.674593147317857,30.578555839500403,31.296966552734375,1538600
2025-10-01,RHI,Robert Half,채용/인력,US,31.296966552734375,31.84959315125364,30.891709857947088,31.296966552734375,1528000
2025-10-02,RHI,Robert Half,채용/인력,US,31.26933720889265,31.8403815456993,31.14039205350005,31.536439895629883,1414300
2025-10-03,RHI,Robert Half,채용/인력,US,31.53644262288003,32.393007445419165,31.53644262288003,31.71143913269043,1340300
2025-10-06,RHI,Robert Half,채용/인력,US,31.87722499436893,32.14432768924936,31.43512579947654,31.67459487915039,1620300
2025-10-07,RHI,Robert Half,채용/인력,US,31.7943317883586,31.87722560859141,30.50487314329096,30.541715621948242,1394900
2025-10-08,RHI,Robert Half,채용/인력,US,30.504874197326828,31.048288479075808,30.385141407791753,31.011445999145508,1057400
2025-10-09,RHI,Robert Half,채용/인력,US,30.89171150451464,30.98381418576443,30.39434859338479,30.633817672729492,1746600
2025-10-10,RHI,Robert Half,채용/인력,US,30.79960769948653,30.85487142061951,28.847001894855033,28.88384437561035,1494000
2025-10-13,RHI,Robert Half,채용/인력,US,29.160154141187427,29.73119850341945,28.975945262356802,29.53778076171875,1401700
2025-10-14,RHI,Robert Half,채용/인력,US,29.021999447870098,30.164089971873484,28.782528599115917,30.035144805908203,1436500
2025-10-15,RHI,Robert Half,채용/인력,US,30.200932974491913,30.302248039073312,29.454888555431705,29.93383026123047,1338300
2025-10-16,RHI,Robert Half,채용/인력,US,29.86014391732341,30.136458994654458,29.32594202903385,29.510150909423828,1830600
2025-10-17,RHI,Robert Half,채용/인력,US,29.500940151917085,29.749621627066713,28.41411331956149,28.8746337890625,1459900
2025-10-20,RHI,Robert Half,채용/인력,US,29.24304868604973,29.34436374759322,28.31279716270759,28.377269744873047,1519600
2025-10-21,RHI,Robert Half,채용/인력,US,28.377270779265988,29.022000137914098,28.19306364589951,28.53384780883789,2222600
2025-10-22,RHI,Robert Half,채용/인력,US,28.450953240878274,28.561478923408384,27.152285694066645,27.299652099609375,4287000
2025-10-23,RHI,Robert Half,채용/인력,US,26.45229446900233,27.124655672654615,24.858894106308185,26.9588680267334,7038500
2025-10-24,RHI,Robert Half,채용/인력,US,27.308861845302303,27.428598143938945,26.397031581417565,26.774658203125,4060200
2025-10-27,RHI,Robert Half,채용/인력,US,27.02333841588651,27.02333841588651,26.470713559928992,26.99570655822754,3395400
2025-10-28,RHI,Robert Half,채용/인력,US,26.977288573863756,27.05097177496469,26.157560985276525,26.747028350830078,1838700
2025-10-29,RHI,Robert Half,채용/인력,US,26.691767182582932,26.783871631945303,25.22731188363463,25.282575607299805,2563100
2025-10-30,RHI,Robert Half,채용/인력,US,25.135206014278655,25.26415117304135,24.407582888698236,24.462844848632812,2909900
2025-10-31,RHI,Robert Half,채용/인력,US,24.499689327537094,24.55495129198543,23.99311575706445,24.12206268310547,2526700
2025-11-03,RHI,Robert Half,채용/인력,US,24.066798341335115,24.149692164243245,23.228651249038368,23.532594680786133,3843000
2025-11-04,RHI,Robert Half,채용/인력,US,23.39443737678594,24.214164932713402,23.256281599819385,23.468120574951172,2340400
2025-11-05,RHI,Robert Half,채용/인력,US,23.5786469154111,24.066797458240213,23.293124734063312,23.689170837402344,2301000
2025-11-06,RHI,Robert Half,채용/인력,US,23.49575171166408,24.297056247515645,23.40364727759888,23.95627212524414,4056700
2025-11-07,RHI,Robert Half,채용/인력,US,24.048376510419377,24.62863145738238,23.790484446910288,24.297056198120117,2741700
2025-11-10,RHI,Robert Half,채용/인력,US,24.573372331769722,24.75757946400906,23.376018066856304,23.818119049072266,2197000
2025-11-11,RHI,Robert Half,채용/인력,US,23.965485563456085,25.835197538213443,23.90101297905013,25.494413375854492,4976900
2025-11-12,RHI,Robert Half,채용/인력,US,25.540462875159296,25.99177269014932,24.9970486219222,25.475990295410156,3637900
2025-11-13,RHI,Robert Half,채용/인력,US,25.328624791895628,26.019405468038237,25.17204776836679,25.310203552246094,3087700
2025-11-14,RHI,Robert Half,채용/인력,US,25.153624971637242,25.38388518276436,24.453633719001292,24.564159393310547,2752800
2025-11-17,RHI,Robert Half,채용/인력,US,24.545738865146973,24.674685781697114,23.91022017215555,24.08521842956543,3010400
2025-11-18,RHI,Robert Half,채용/인력,US,24.01153661409554,24.49968893637619,23.81811886324137,24.186534881591797,2564700
2025-11-19,RHI,Robert Half,채용/인력,US,24.2602174258094,24.527318373073193,23.72601377453572,23.965484619140625,2392900
2025-11-20,RHI,Robert Half,채용/인력,US,23.96548405560485,24.51810893348717,23.357597216958116,23.7168025970459,2082200
2025-11-21,RHI,Robert Half,채용/인력,US,23.854960090926227,25.485202982924754,23.8365388504328,25.11678695678711,2327400
2025-11-24,RHI,Robert Half,채용/인력,US,25.15362351658472,25.300989902641746,24.794418170163958,25.17204475402832,3388000
2025-11-25,RHI,Robert Half,채용/인력,US,25.313249215318738,26.216958583281023,25.200286666515538,25.727449417114258,2076500
2025-11-26,RHI,Robert Half,채용/인력,US,25.7274502857079,26.122822810882084,25.529764920874506,25.670969009399414,2154700
2025-11-28,RHI,Robert Half,채용/인력,US,25.670969387977376,25.934549878309006,25.445042483904224,25.454456329345703,775900
2025-12-01,RHI,Robert Half,채용/인력,US,25.303837517957703,26.132237991857945,25.190874959566983,25.840415954589844,2503200
2025-12-02,RHI,Robert Half,채용/인력,US,25.80275834265132,26.226372388794108,25.4826947956784,25.793344497680664,1668900
2025-12-03,RHI,Robert Half,채용/인력,US,25.849827430174418,26.367578163728343,25.718037183146034,25.81217384338379,1711900
2025-12-04,RHI,Robert Half,채용/인력,US,26.009859121228452,26.009859121228452,25.200288155286923,25.23794174194336,1596600
2025-12-05,RHI,Robert Half,채용/인력,US,24.57898790763199,25.586246005888324,24.47543740558446,25.228527069091797,2002600
2025-12-08,RHI,Robert Half,채용/인력,US,25.209702296931713,25.576833299804502,24.90846462260478,25.15321922302246,2049600
2025-12-09,RHI,Robert Half,채용/인력,US,24.870811898354884,25.463869830917368,24.77667523408103,25.096738815307617,1617300
2025-12-10,RHI,Robert Half,채용/인력,US,25.18145897654589,25.76510479705355,25.040254892788223,25.727449417114258,2561100
2025-12-11,RHI,Robert Half,채용/인력,US,25.868655520384344,26.35816472476608,25.57683348510224,26.10399627685547,1523700
2025-12-12,RHI,Robert Half,채용/인력,US,26.358164769270807,26.64998680504564,25.887483255533827,26.038101196289062,1394400
2025-12-15,RHI,Robert Half,채용/인력,US,26.546437879460363,26.762950943116202,25.595661013897697,25.99103355407715,1804900
2025-12-16,RHI,Robert Half,채용/인력,US,26.075756030309634,26.489954460913477,25.82158758732038,26.141651153564453,1823100
2025-12-17,RHI,Robert Half,채용/인력,US,26.028686056697826,26.76294982801081,26.028686056697826,26.574676513671875,2000700
2025-12-18,RHI,Robert Half,채용/인력,US,26.706468834533446,27.19597622508159,26.602918331000467,26.687641143798828,1859100
2025-12-19,RHI,Robert Half,채용/인력,US,26.631160006012895,26.78177794166064,26.103995435738366,26.292268753051758,3022200
2025-12-22,RHI,Robert Half,채용/인력,US,26.15106520883197,26.791190550946435,26.028687011370888,26.188718795776367,1621900
2025-12-23,RHI,Robert Half,채용/인력,US,26.11340896557944,26.20754562309851,25.44504210865808,25.670969009399414,1756800
2025-12-24,RHI,Robert Half,채용/인력,US,25.699207877581284,26.00044553051994,25.42621355509941,25.92513656616211,551700
2025-12-26,RHI,Robert Half,채용/인력,US,25.991032895383928,26.179304417288613,25.652141642245102,26.094581604003906,972300
2025-12-29,RHI,Robert Half,채용/인력,US,26.09458226532137,26.188718926413138,25.765106644761385,25.99103355407715,1537400
2025-12-30,RHI,Robert Half,채용/인력,US,25.93455103059294,26.264028453653737,25.81217462543136,25.887483596801758,1144400
2025-12-31,RHI,Robert Half,채용/인력,US,25.680383402658773,25.87806877171029,25.510937774610365,25.567419052124023,1125800
2026-01-02,RHI,Robert Half,채용/인력,US,25.5956600016661,25.79334536618423,24.89905160994774,25.73686408996582,2186900
2026-01-05,RHI,Robert Half,채용/인력,US,25.68979849664564,26.602920008773665,25.059085181317926,25.162633895874023,2472100
2026-01-06,RHI,Robert Half,채용/인력,US,25.01201395699002,26.386404834072604,24.97436037165609,26.264026641845703,2507400
2026-01-07,RHI,Robert Half,채용/인력,US,26.31109565546967,26.376990775902577,25.708622135424456,26.21695899963379,1529900
2026-01-08,RHI,Robert Half,채용/인력,US,25.69920829504502,26.847672264541988,25.69920829504502,26.791189193725586,2277400
2026-01-09,RHI,Robert Half,채용/인력,US,26.83825832573455,27.38424877316921,26.000445862129823,27.3183536529541,2218400
2026-01-12,RHI,Robert Half,채용/인력,US,27.30894109743178,27.58193543628675,26.979463685290312,27.356008529663086,2393300
2026-01-13,RHI,Robert Half,채용/인력,US,27.290113069133046,27.450144850452514,25.972205232359006,26.22637367248535,2483000
2026-01-14,RHI,Robert Half,채용/인력,US,26.226374221616425,27.14890954712367,26.226374221616425,26.828845977783203,2155100
2026-01-15,RHI,Robert Half,채용/인력,US,27.04535646303959,27.421901274755555,26.67822549605494,27.32776641845703,2122000
2026-01-16,RHI,Robert Half,채용/인력,US,27.130080261518344,27.29952588185934,26.245198575019465,26.678226470947266,2114400
2026-01-20,RHI,Robert Half,채용/인력,US,26.348749379437734,26.527608846918305,25.190873354420766,25.623899459838867,2634600
2026-01-21,RHI,Robert Half,채용/인력,US,25.878067956611133,26.913567587785337,25.746277714727878,26.461713790893555,1890300
2026-01-22,RHI,Robert Half,채용/인력,US,26.8382594856345,27.403077647685976,26.60291873440534,26.979463577270508,1628900
2026-01-23,RHI,Robert Half,채용/인력,US,26.979463873362512,27.591349474172116,26.68764184137777,26.89474105834961,2116800
2026-01-26,RHI,Robert Half,채용/인력,US,26.96063380434321,27.16773479855724,26.226371866332883,26.668811798095703,1840800
2026-01-27,RHI,Robert Half,채용/인력,US,26.471128821436043,26.67822803874151,25.840415528383648,26.12282371520996,2229600
2026-01-28,RHI,Robert Half,채용/인력,US,26.26402759165877,26.508782189456497,25.3038368915694,25.369733810424805,2852000
2026-01-29,RHI,Robert Half,채용/인력,US,25.558005249165294,25.962791628953102,25.068496055212247,25.501523971557617,4423300
2026-01-30,RHI,Robert Half,채용/인력,US,31.027323647756774,33.493697295640416,29.568211714567738,32.58057403564453,11401100
2026-02-02,RHI,Robert Half,채용/인력,US,32.053407920747105,32.28874865965276,29.831792566422727,32.03458023071289,6084400
2026-02-03,RHI,Robert Half,채용/인력,US,31.68627990974566,31.818070161311425,28.93749975010932,29.464662551879883,6980800
2026-02-04,RHI,Robert Half,채용/인력,US,29.558796183572248,31.036737518932092,29.27638801760951,30.90494728088379,3961500
2026-02-05,RHI,Robert Half,채용/인력,US,31.102635201172063,31.253253141499158,29.61527989830392,29.63410758972168,4533100
2026-02-06,RHI,Robert Half,채용/인력,US,29.78472281888062,30.236576598731705,29.53055618990646,29.558795928955078,2360900
2026-02-09,RHI,Robert Half,채용/인력,US,29.58703883190086,29.812965732275437,27.299526496785575,27.412490844726562,2827300
2026-02-10,RHI,Robert Half,채용/인력,US,27.525453234300297,28.31619827868642,27.139494557338903,27.676071166992188,3850600
2026-02-11,RHI,Robert Half,채용/인력,US,27.55369583816111,27.91141299329502,25.43562905762512,25.54859161376953,4421500
2026-02-12,RHI,Robert Half,채용/인력,US,25.51093666372196,25.661554594204592,23.025737219743814,23.90120506286621,4608200
2026-02-13,RHI,Robert Half,채용/인력,US,24.343647924056253,24.531919448062645,23.03515212400073,23.317562103271484,5015600
2026-02-17,RHI,Robert Half,채용/인력,US,23.270494161070015,23.4775951830767,22.92219083488929,23.35521697998047,3571100
2026-02-18,RHI,Robert Half,채용/인력,US,23.4775942417486,24.44719700405833,23.4775942417486,24.381301879882812,2963700
2026-02-19,RHI,Robert Half,채용/인력,US,24.23068181575273,25.23793987242644,24.080063889269223,25.17204475402832,3149600
2026-02-20,RHI,Robert Half,채용/인력,US,25.162632085397266,25.896895857957592,24.25892448425293,24.25892448425293,3251600
2026-02-23,RHI,Robert Half,채용/인력,US,23.89179002465639,24.211853559825382,22.423264378032776,22.43267822265625,3831600
2026-02-24,RHI,Robert Half,채용/인력,US,22.536231017781976,23.477594030106115,22.187925913198765,22.216167449951172,3351200
2026-02-25,RHI,Robert Half,채용/인력,US,22.20651028726628,23.046496486673533,21.549969688473663,22.76650047302246,5484500
2026-02-26,RHI,Robert Half,채용/인력,US,22.882362454998507,24.55267786841976,22.698916845420797,23.896137237548828,3915900
2026-02-27,RHI,Robert Half,채용/인력,US,23.452006125948415,23.58717559568546,22.60236472362607,23.5775203704834,4823000
2026-03-02,RHI,Robert Half,채용/인력,US,22.930636132951854,23.22994076263329,22.44788589857392,22.901670455932617,3553600
2026-03-03,RHI,Robert Half,채용/인력,US,22.476852469597212,23.6451071993164,22.11961647166844,23.413387298583984,3409600
2026-03-04,RHI,Robert Half,채용/인력,US,23.2299419345133,23.741657871724982,22.892016385092226,23.480972290039062,2524000
2026-03-05,RHI,Robert Half,채용/인력,US,23.278217557515447,24.32095801996635,23.278217557515447,24.050617218017578,3687000
2026-03-06,RHI,Robert Half,채용/인력,US,23.693382792524787,24.089237844162756,22.708571855575975,23.905792236328125,3114700
2026-03-09,RHI,Robert Half,채용/인력,US,23.50028123236646,23.70303544406363,22.486506490788674,23.307180404663086,3491500
2026-03-10,RHI,Robert Half,채용/인력,US,23.63545158405896,23.73200200149411,21.994101853845613,22.409265518188477,3472000
2026-03-11,RHI,Robert Half,채용/인력,US,22.52512613363877,22.940291634850183,21.926515025521987,22.3416805267334,3098200
2026-03-12,RHI,Robert Half,채용/인력,US,22.274097131814734,22.882363502424788,21.907207737411216,21.97479248046875,3887000
2026-03-13,RHI,Robert Half,채용/인력,US,22.254786337373297,22.660296631038463,21.4920418811615,21.598247528076172,2682700
2026-03-16,RHI,Robert Half,채용/인력,US,21.67548610273509,22.206510620075008,21.07687500617457,21.1058406829834,2881500
2026-03-17,RHI,Robert Half,채용/인력,US,21.241009979772688,22.158236147335803,21.241009979772688,21.897550582885742,2573700
2026-03-18,RHI,Robert Half,채용/인력,US,21.57893597969119,22.41892036148593,21.35687131246233,21.955480575561523,2588200
2026-03-19,RHI,Robert Half,채용/인력,US,21.90720521776651,22.7182257242701,21.646519660344804,22.158235549926758,2399400
2026-03-20,RHI,Robert Half,채용/인력,US,22.129271422289126,22.911326307720284,21.94582581257948,22.486507415771484,8672900
2026-03-23,RHI,Robert Half,채용/인력,US,23.017532176487524,24.378887740620257,22.505816246104057,23.963722229003906,4322100
2026-03-24,RHI,Robert Half,채용/인력,US,23.664416294146907,24.17613219654758,23.36511166972755,23.703035354614258,2821000
2026-03-25,RHI,Robert Half,채용/인력,US,23.905792160368552,24.214752020026623,22.901670774933798,23.674072265625,2616400
2026-03-26,RHI,Robert Half,채용/인력,US,23.63545131381596,24.543022280855702,23.587177026423365,24.224407196044922,2853300
2026-03-27,RHI,Robert Half,채용/인력,US,23.934757938866824,24.195441670587915,23.548556271117295,23.9830322265625,3265800
2026-03-30,RHI,Robert Half,채용/인력,US,24.340267622022655,25.035429186343816,24.137513393459734,24.871294021606445,2465500
2026-03-31,RHI,Robert Half,채용/인력,US,24.639573027663758,25.18025278820594,24.108546651492752,24.523712158203125,2348800
2026-04-01,RHI,Robert Half,채용/인력,US,24.880946166034803,24.880946166034803,22.998219617933156,23.81889533996582,2904800
2026-04-02,RHI,Robert Half,채용/인력,US,23.896137913292794,24.745777562151808,23.403732426215168,24.417509078979492,1846100
2026-04-06,RHI,Robert Half,채용/인력,US,24.21475306305665,24.234063515503568,23.47131721776528,24.021652221679688,2129100
2026-04-07,RHI,Robert Half,채용/인력,US,24.011998844768193,24.282337812928045,23.22028686810348,23.23959732055664,1833600
2026-04-08,RHI,Robert Half,채용/인력,US,23.538901714032058,24.079583327624277,23.056151457175776,23.172012329101562,2370000
2026-04-09,RHI,Robert Half,채용/인력,US,22.892015161878767,23.8864813046833,22.21616594069609,23.847862243652344,3329100
2026-04-10,RHI,Robert Half,채용/인력,US,23.9733778011265,24.28233767240471,22.312717572233076,22.77615737915039,3212000
2026-04-13,RHI,Robert Half,채용/인력,US,22.747189473300086,25.11266624866572,22.525124817756055,24.909910202026367,3658500
2026-04-14,RHI,Robert Half,채용/인력,US,24.803708644989023,25.19956370720352,24.32095838945465,24.50440216064453,2567300
2026-04-15,RHI,Robert Half,채용/인력,US,24.620262616810415,26.81194918192498,24.620262616810415,26.638158798217773,3324200
2026-04-16,RHI,Robert Half,채용/인력,US,26.860222777003276,27.613313806454713,25.39266162083709,25.489212036132812,3700500
2026-04-17,RHI,Robert Half,채용/인력,US,25.923688383216,26.86987841627693,25.807827514768565,26.49333381652832,2250900
2026-04-20,RHI,Robert Half,채용/인력,US,26.628503021184848,27.391249280215,26.406438353953035,27.05332374572754,2176600
2026-04-21,RHI,Robert Half,채용/인력,US,28.192614659300258,29.19673419757267,27.86434434986316,27.91261863708496,3704200
2026-04-22,RHI,Robert Half,채용/인력,US,27.912618813922705,28.636744176113464,27.719517980720095,28.453298568725586,3890800
2026-04-23,RHI,Robert Half,채용/인력,US,27.902963560223004,27.902963560223004,25.83679311813161,26.261613845825195,4895400
2026-04-24,RHI,Robert Half,채용/인력,US,25.537487658507807,27.111252582922468,24.24371690720183,24.72646713256836,7004700
2026-04-27,RHI,Robert Half,채용/인력,US,24.900258147712943,25.74024253015329,24.803707731851315,25.24783706665039,3297700
2026-04-28,RHI,Robert Half,채용/인력,US,26.00092837291187,27.169183076593242,25.77886370318589,26.570573806762695,3031900
2026-04-29,RHI,Robert Half,채용/인력,US,26.676777736867276,27.32366313903396,26.222993169380153,26.2519588470459,2257300
2026-04-30,RHI,Robert Half,채용/인력,US,25.875410766134348,26.107132489704487,25.334731041411178,25.691967010498047,2298200
2026-05-01,RHI,Robert Half,채용/인력,US,26.194025755090394,26.840911114369565,25.865757304372497,26.08782196044922,1877300
2026-05-04,RHI,Robert Half,채용/인력,US,26.029892546844177,26.531953247866003,25.296113788792034,25.460248947143555,1862600
2026-05-05,RHI,Robert Half,채용/인력,US,25.489211495754788,26.039546457263363,25.025771722015566,25.904376983642578,1275000
2026-05-06,RHI,Robert Half,채용/인력,US,25.83679443220796,26.068514338677335,25.19956422903065,25.267148971557617,1251200
2026-05-07,RHI,Robert Half,채용/인력,US,25.469901014864494,26.96642781459777,25.469901014864494,26.4547119140625,1704400
2026-05-08,RHI,Robert Half,채용/인력,US,26.1650636061234,26.1650636061234,25.218873569383824,26.09747886657715,1812700
2026-05-11,RHI,Robert Half,채용/인력,US,26.087823720305092,26.5416082883188,25.267147934283674,25.6243839263916,1894900
2026-05-12,RHI,Robert Half,채용/인력,US,25.759553187526606,25.807827475070265,24.378887201844112,25.16094207763672,1766700
2026-05-13,RHI,Robert Half,채용/인력,US,24.75543237234051,24.75543237234051,22.776157072634746,24.04096221923828,3500700
2026-05-14,RHI,Robert Half,채용/인력,US,24.1471673322365,24.774742278693914,23.799586568609488,23.82855224609375,1886000
2026-05-15,RHI,Robert Half,채용/인력,US,23.78993057531547,24.562332042730397,23.509936401517713,24.253372192382812,1619800
2026-05-18,RHI,Robert Half,채용/인력,US,24.41750725221334,25.740241836785152,24.002341764273908,25.27680206298828,2380700
2026-05-19,RHI,Robert Half,채용/인력,US,25.67265739588715,25.91403251104852,24.543021783270092,24.794052124023438,1989500
2026-05-20,RHI,Robert Half,채용/인력,US,24.56233448794866,25.344389417189,23.654763456043067,25.3250789642334,1664900
2026-05-21,RHI,Robert Half,채용/인력,US,25.189908157401895,26.55126371319091,24.629917941840073,26.2423038482666,1694800
2026-05-22,RHI,Robert Half,채용/인력,US,26.094263989124986,27.041709867852564,25.975832313080225,26.9528865814209,1784000
2026-05-26,RHI,Robert Half,채용/인력,US,26.82458872078159,27.18974946631136,26.40021119294343,26.646942138671875,1386500
2026-05-27,RHI,Robert Half,채용/인력,US,26.637071224742918,27.337788051314355,26.321255932589782,26.775239944458008,1642800
2026-05-28,RHI,Robert Half,채용/인력,US,27.130534534230748,28.33458087029063,26.68641996189096,28.028635025024414,1311900
2026-05-29,RHI,Robert Half,채용/인력,US,28.018765448690367,29.538628970021122,27.47595812387665,29.055036544799805,3194300
2026-06-01,RHI,Robert Half,채용/인력,US,28.77869602427784,30.792021351589877,28.571442943035056,30.584766387939453,2511400
2026-06-02,RHI,Robert Half,채용/인력,US,29.765620508973747,30.811759169536874,29.45967466985209,29.617582321166992,2347400
2026-06-03,RHI,Robert Half,채용/인력,US,29.04516646861392,29.58797378198064,28.778696602455998,29.173465728759766,2155500
2026-06-04,RHI,Robert Half,채용/인력,US,30.002481228921724,31.344698113639158,29.578103720817968,31.186790466308594,2082700
2026-06-05,RHI,Robert Half,채용/인력,US,31.650644045841666,31.89737498088241,30.67358976896923,30.85123634338379,1678200
2026-06-08,RHI,Robert Half,채용/인력,US,30.69332817531991,31.196659500160834,30.140651417270263,30.545289993286133,1148500
2026-06-09,RHI,Robert Half,채용/인력,US,30.130782079862442,31.25587452690252,29.97287443404656,30.298559188842773,1620000
2026-06-10,RHI,Robert Half,채용/인력,US,30.081434929429665,31.058489199190205,30.081434929429665,30.831497192382812,1915700
2026-06-11,RHI,Robert Half,채용/인력,US,30.56502828275638,31.22626727970214,30.17025915377556,31.176921844482422,1904600
2026-06-12,RHI,Robert Half,채용/인력,US,31.088098837873495,32.558616915612326,30.59463695155804,32.065155029296875,5457300
2026-06-15,RHI,Robert Half,채용/인력,US,31.60129886792313,32.815214626384474,31.354567930882645,31.650644302368164,2893700
2026-06-16,RHI,Robert Half,채용/인력,US,31.848029896427988,32.607961636472965,31.61116653967013,31.9171142578125,1510600
2026-06-17,RHI,Robert Half,채용/인력,US,31.877637416005776,32.82508334347824,31.433522843405953,31.838159561157227,1975200
2026-06-18,RHI,Robert Half,채용/인력,US,31.926982248342135,32.08488989993447,30.73280539787419,31.176921844482422,4964000
2026-06-22,RHI,Robert Half,채용/인력,US,30.54529089927656,30.8512367355419,28.68000372662117,28.729351043701172,2510700
2026-06-23,RHI,Robert Half,채용/인력,US,29.242550453114074,29.597843612396264,28.55170494411923,28.946474075317383,2866900
2026-06-24,RHI,Robert Half,채용/인력,US,28.946473672059767,29.726144342421154,28.22601978235892,29.68666648864746,2657800
2026-06-25,RHI,Robert Half,채용/인력,US,29.814964903622997,30.574896625560626,29.657057257818764,29.696535110473633,1805100
2026-06-26,RHI,Robert Half,채용/인력,US,29.745880182278835,32.37109711487027,29.716273675555218,32.33161926269531,3283800
2026-06-29,RHI,Robert Half,채용/인력,US,32.56848423986976,32.56848423986976,31.63090591030437,31.956592559814453,1811800
2026-06-30,RHI,Robert Half,채용/인력,US,31.53221384828413,32.173712012304485,29.97287443404656,30.298559188842773,1520300
2026-07-01,RHI,Robert Half,채용/인력,US,30.959797284027356,33.052076355392465,30.959797284027356,32.538875579833984,2016200
2026-07-02,RHI,Robert Half,채용/인력,US,33.01259930358316,33.46658331283125,32.56848287505123,33.042205810546875,1810500
2026-07-06,RHI,Robert Half,채용/인력,US,33.150769654608595,33.41723952484683,32.41057682555197,32.84482192993164,1535500
2026-07-07,RHI,Robert Half,채용/인력,US,33.4665857917644,34.463377169801184,33.0816861134649,34.30546951293945,2012600
2026-07-08,RHI,Robert Half,채용/인력,US,33.66396840891246,33.693574915523,32.371096991234516,32.57835006713867,2592700
2026-07-09,RHI,Robert Half,채용/인력,US,32.223062884876114,32.627701483605684,31.61116743133154,32.17371368408203,1765300
2026-07-10,RHI,Robert Half,채용/인력,US,33.022468499394755,33.042207426607725,31.917114929176527,31.97633171081543,2523900
2026-07-13,RHI,Robert Half,채용/인력,US,32.558614595512985,35.13448229608054,32.46979131171306,35.12461471557617,3266900
2026-07-14,RHI,Robert Half,채용/인력,US,34.50285426186519,35.54899481843862,33.50606290588183,35.183834075927734,2258600
2026-07-15,RHI,Robert Half,채용/인력,US,35.25291934518523,36.99977492318331,34.996317048856184,36.2201042175293,2476000
2026-07-16,RHI,Robert Half,채용/인력,US,38.2630359566119,41.22380733949821,38.2630359566119,40.7895622253418,3832600
2026-07-17,RHI,Robert Half,채용/인력,US,41.44092825380227,41.53961911891045,40.1283179119354,41.25341033935547,1949400
2026-07-20,RHI,Robert Half,채용/인력,US,40.088843190209694,41.61857430772309,40.00001989875069,41.283023834228516,1910400
2026-07-21,RHI,Robert Half,채용/인력,US,40.25661967118044,41.69752740701513,40.049366592358034,40.62178039550781,1610500
2026-07-22,RHI,Robert Half,채용/인력,US,40.77968875506713,41.28302197223806,39.82237151972205,40.16779708862305,2787000
2026-07-23,RHI,Robert Half,채용/인력,US,40.66126138699908,40.74021333343876,37.13794371576907,37.355064392089844,4383400
2026-07-24,RHI,Robert Half,채용/인력,US,36.31879404054279,37.90774191512914,34.31533998901152,34.82854080200195,4301800
2026-07-27,RHI,Robert Half,채용/인력,US,35.92402663915498,39.37825982504237,35.92402663915498,39.22035217285156,3510900
2026-07-28,RHI,Robert Half,채용/인력,US,39.60525197939832,40.85864562018856,38.71701907968384,38.9736213684082,4809800
2026-07-29,RHI,Robert Half,채용/인력,US,39.092050508267306,40.49348043219289,38.87492607759109,39.60525131225586,2254700
2026-07-30,RHI,Robert Half,채용/인력,US,38.707152809141725,38.77623717425704,36.18062651481614,36.75304412841797,3028300
2026-07-31,RHI,Robert Half,채용/인력,US,36.229970416580876,37.769572841361786,35.667424173160335,37.30571746826172,2091500
2026-08-03,RHI,Robert Half,채용/인력,US,38.02617101490568,39.24008677984637,37.591925918730134,38.22355651855469,1218200
2026-08-04,RHI,Robert Half,채용/인력,US,36.85173299932261,40.53295813741523,36.85173299932261,40.45400619506836,2612500
2026-08-05,RHI,Robert Half,채용/인력,US,40.52308952545374,40.631647972816864,39.447342514037196,40.01975631713867,1249100
2026-08-06,RHI,Robert Half,채용/인력,US,39.871722390118244,40.81916831945422,39.476951370487185,40.1480598449707,1784200
2026-08-07,RHI,Robert Half,채용/인력,US,40.384917176094284,43.602290640335355,40.03949537693431,42.181121826171875,1971500
2026-08-10,RHI,Robert Half,채용/인력,US,41.342235608366,42.13177386157598,41.1744603766656,42.12190628051758,1119900
2026-08-11,RHI,Robert Half,채용/인력,US,41.4705365733586,42.35876569260891,41.07576556603712,41.588966369628906,1137600
2026-08-12,RHI,Robert Half,채용/인력,US,40.84877189137571,41.33236616741446,40.28622567597636,41.00667953491211,939400
2026-08-13,RHI,Robert Half,채용/인력,US,41.29288885762455,43.286475236462714,41.0264189997545,43.20751953125,1923700
2026-08-14,RHI,Robert Half,채용/인력,US,43.77006733161682,43.888500893704524,42.082428602428465,42.65484619140625,1817100
2026-08-17,RHI,Robert Half,채용/인력,US,42.131774447719934,42.46732868060438,41.62844498080097,41.91465377807617,2019100
2026-08-18,RHI,Robert Half,채용/인력,US,42.31929208531175,43.46412350179352,42.13177416053324,43.187782287597656,1745800
2026-08-19,RHI,Robert Half,채용/인력,US,43.18778182918928,44.7273842411431,42.714058878930096,42.97066116333008,1879700
2026-08-20,RHI,Robert Half,채용/인력,US,42.63510871158807,43.858892109511174,42.447590780991824,43.306217193603516,1633100
2026-08-21,RHI,Robert Half,채용/인력,US,43.306214293253326,45.230716318236766,43.217391007029,44.16483688354492,2324400
2026-08-24,RHI,Robert Half,채용/인력,US,44.855685425615626,46.089340119582964,44.43130790970563,44.529998779296875,3348900
2026-08-25,RHI,Robert Half,채용/인력,US,43.7599983215332,45.029998779296875,43.75,44.900001525878906,3942600
2026-08-26,RHI,Robert Half,채용/인력,US,44.33000183105469,44.650001525878906,44.04999923706055,44.540000915527344,2755000
2026-08-27,RHI,Robert Half,채용/인력,US,44.40999984741211,45.400001525878906,44.369998931884766,44.970001220703125,1027900
2026-08-28,RHI,Robert Half,채용/인력,US,44.5099983215332,45.880001068115234,44.369998931884766,45.310001373291016,1083900
2026-08-31,RHI,Robert Half,채용/인력,US,44.880001068115234,45.5,44.72999954223633,45.34000015258789,2505600
2026-09-01,RHI,Robert Half,채용/인력,US,45.41999816894531,46.02000045776367,43.52000045776367,43.54999923706055,1576100
2026-09-02,RHI,Robert Half,채용/인력,US,42.900001525878906,43.9900016784668,42.5099983215332,42.900001525878906,1626700
2026-09-03,RHI,Robert Half,채용/인력,US,43.290000915527344,44.02000045776367,42.400001525878906,43.0,1773800
2026-09-04,RHI,Robert Half,채용/인력,US,42.65999984741211,43.119998931884766,41.7400016784668,42.58000183105469,1296100
2026-09-08,RHI,Robert Half,채용/인력,US,41.939998626708984,42.150001525878906,38.90999984741211,39.209999084472656,2545800
2026-09-09,RHI,Robert Half,채용/인력,US,39.290000915527344,39.36000061035156,37.970001220703125,38.54999923706055,1690300
2026-09-10,RHI,Robert Half,채용/인력,US,38.869998931884766,39.189998626708984,37.310001373291016,37.41999816894531,1791300
2026-09-11,RHI,Robert Half,채용/인력,US,37.689998626708984,38.119998931884766,37.11000061035156,37.68000030517578,1650700
2026-09-14,RHI,Robert Half,채용/인력,US,38.689998626708984,38.959999084472656,37.77000045776367,38.72999954223633,2124600
2026-09-15,RHI,Robert Half,채용/인력,US,38.099998474121094,38.869998931884766,37.70000076293945,38.29999923706055,2454000
2026-09-16,RHI,Robert Half,채용/인력,US,37.779998779296875,37.93000030517578,36.40999984741211,37.09000015258789,2242300
2026-09-17,RHI,Robert Half,채용/인력,US,37.369998931884766,37.54999923706055,36.5099983215332,37.25,1639500
2025-09-18,MAN,ManpowerGroup,채용/인력,US,36.46258116954823,36.491163163590976,35.871863607267784,36.27202606201172,876300
2025-09-19,MAN,ManpowerGroup,채용/인력,US,36.29107880466349,36.31013467722645,35.214445629340766,35.576499938964844,9102700
2025-09-22,MAN,ManpowerGroup,채용/인력,US,35.37642437059438,36.1862790937252,35.30020086818663,36.043365478515625,1124800
2025-09-23,MAN,ManpowerGroup,채용/인력,US,36.11958041881358,36.5387987212549,35.39547541740837,35.56697463989258,989900
2025-09-24,MAN,ManpowerGroup,채용/인력,US,35.366894129736316,37.329605675336985,35.366894129736316,37.272438049316406,1196300
2025-09-25,MAN,ManpowerGroup,채용/인력,US,37.24385236170246,37.33912809442243,35.80516844422803,35.99571990966797,766900
2025-09-26,MAN,ManpowerGroup,채용/인력,US,36.0433624592455,36.97707847830534,35.90997134120581,36.7674674987793,875400
2025-09-29,MAN,ManpowerGroup,채용/인력,US,37.34865867079355,37.34865867079355,36.06241444353486,36.28155517578125,887100
2025-09-30,MAN,ManpowerGroup,채용/인력,US,36.0910019559448,36.48163830435142,35.633671862776296,36.11005783081055,507900
2025-10-01,MAN,ManpowerGroup,채용/인력,US,36.49116420039981,36.853218551552445,35.91950249608426,36.40541458129883,612400
2025-10-02,MAN,ManpowerGroup,채용/인력,US,36.129109316434665,36.93896762589756,35.748002730690146,36.805580139160156,816600
2025-10-03,MAN,ManpowerGroup,채용/인력,US,37.015186353630526,37.89173837957009,36.90085474486843,37.358184814453125,1186500
2025-10-06,MAN,ManpowerGroup,채용/인력,US,37.4534651487423,37.94890697885668,36.938967444253954,37.44393539428711,922000
2025-10-07,MAN,ManpowerGroup,채용/인력,US,37.58685377474695,37.58685377474695,36.32919510421333,36.54833221435547,767100
2025-10-08,MAN,ManpowerGroup,채용/인력,US,36.22438833781828,37.11999262190422,36.21485858340856,37.00566101074219,759500
2025-10-09,MAN,ManpowerGroup,채용/인력,US,36.88179728314488,37.644014032970965,36.88179728314488,37.28196334838867,1296300
2025-10-10,MAN,ManpowerGroup,채용/인력,US,37.539214363986055,37.57732247778935,35.967139273070416,36.224388122558594,1050400
2025-10-13,MAN,ManpowerGroup,채용/인력,US,36.31014002833553,37.23432999389066,36.1862786556906,36.19580841064453,886000
2025-10-14,MAN,ManpowerGroup,채용/인력,US,35.20492240957751,36.3482494157596,34.48081373069644,36.17675018310547,1295500
2025-10-15,MAN,ManpowerGroup,채용/인력,US,36.338719733041216,36.67219207920873,35.80516979443139,36.224388122558594,1105100
2025-10-16,MAN,ManpowerGroup,채용/인력,US,38.796869530668125,38.796869530668125,33.423237067170376,33.86151123046875,1875100
2025-10-17,MAN,ManpowerGroup,채용/인력,US,33.21363204894297,33.842461414992805,31.68919468899355,32.117942810058594,1802200
2025-10-20,MAN,ManpowerGroup,채용/인력,US,32.4323582922178,32.70866303206767,31.975028188950738,32.327552795410156,1153000
2025-10-21,MAN,ManpowerGroup,채용/인력,US,32.32754999472443,33.223154248381675,31.92738391744863,32.75629806518555,930300
2025-10-22,MAN,ManpowerGroup,채용/인력,US,32.54668792959363,32.756298910458334,31.679665646748287,31.813053131103516,1112700
2025-10-23,MAN,ManpowerGroup,채용/인력,US,31.89880409925035,32.16557907926648,31.30808651441326,32.04172134399414,908300
2025-10-24,MAN,ManpowerGroup,채용/인력,US,32.60385538401235,32.71818699365121,31.508166251819528,31.54627799987793,738800
2025-10-27,MAN,ManpowerGroup,채용/인력,US,31.47958244236472,31.96549448120571,31.136583998695254,31.298553466796875,1483300
2025-10-28,MAN,ManpowerGroup,채용/인력,US,31.174697531833623,31.441472499077193,30.50775647918835,30.90791893005371,1289800
2025-10-29,MAN,ManpowerGroup,채용/인력,US,30.631619444160638,30.879338550329727,29.145293903536516,29.173877716064453,1234100
2025-10-30,MAN,ManpowerGroup,채용/인력,US,28.888042422709542,29.431122090610213,28.583155719135,28.716543197631836,1489400
2025-10-31,MAN,ManpowerGroup,채용/인력,US,28.497407611045272,29.3263199702585,28.00196578294698,29.211986541748047,1693000
2025-11-03,MAN,ManpowerGroup,채용/인력,US,29.11670931288834,29.11670931288834,28.364020442450222,28.668907165527344,1266200
2025-11-04,MAN,ManpowerGroup,채용/인력,US,28.583156350727865,29.269151448928802,28.411657121860596,28.487878799438477,891900
2025-11-05,MAN,ManpowerGroup,채용/인력,US,28.621269425625048,28.916628212779766,27.97338422752962,28.37354850769043,1137400
2025-11-06,MAN,ManpowerGroup,채용/인력,US,28.22110490368536,28.478351939445506,27.21116536600402,27.249277114868164,871800
2025-11-07,MAN,ManpowerGroup,채용/인력,US,27.144471037764465,27.601801110668948,26.97297180610824,27.354080200195312,897200
2025-11-10,MAN,ManpowerGroup,채용/인력,US,27.601800309394797,27.601800309394797,26.286975933646424,26.334613800048828,1212900
2025-11-11,MAN,ManpowerGroup,채용/인력,US,26.363198872427677,28.097243461155955,26.363198872427677,28.059133529663086,1460500
2025-11-12,MAN,ManpowerGroup,채용/인력,US,28.078188278633736,28.21157758531605,27.287387645037878,27.53510856628418,1323600
2025-11-13,MAN,ManpowerGroup,채용/인력,US,27.477941958956702,28.240158758084796,27.23022104492302,27.496997833251953,1130600
2025-11-14,MAN,ManpowerGroup,채용/인력,US,27.439829295293645,27.439829295293645,26.57280703372361,27.287385940551758,1228300
2025-11-17,MAN,ManpowerGroup,채용/인력,US,27.220693179247622,27.220693179247622,26.57280798965352,26.68714141845703,1058700
2025-11-18,MAN,ManpowerGroup,채용/인력,US,26.51564171995914,26.839584309088384,26.0106719622534,26.496585845947266,1094700
2025-11-19,MAN,ManpowerGroup,채용/인력,US,26.391782418479252,26.46800409796635,25.581925938136223,25.905868530273438,977600
2025-11-20,MAN,ManpowerGroup,채용/인력,US,25.953505883473976,26.1821709173978,24.905456448372007,25.372314453125,1359100
2025-11-21,MAN,ManpowerGroup,채용/인력,US,25.53428556123149,27.11588673071236,25.353260213144157,26.772890090942383,1071900
2025-11-24,MAN,ManpowerGroup,채용/인력,US,26.763361840512946,26.88722138339867,25.90586752523327,26.163114547729492,1371500
2025-11-25,MAN,ManpowerGroup,채용/인력,US,26.42036450659881,27.363608475086874,26.172643593066358,26.982500076293945,1083600
2025-11-26,MAN,ManpowerGroup,채용/인력,US,26.67761365557142,27.44935839891535,26.63950190663186,27.125415802001953,1086700
2025-11-28,MAN,ManpowerGroup,채용/인력,US,27.115887386793414,27.50652553746523,27.077777455793832,27.40172004699707,425500
2025-12-01,MAN,ManpowerGroup,채용/인력,US,27.147639847233414,28.04669780667622,27.08900429531901,27.85124969482422,856500
2025-12-02,MAN,ManpowerGroup,채용/인력,US,27.978288612952216,28.28123336134862,27.264906200143788,27.948972702026367,736400
2025-12-03,MAN,ManpowerGroup,채용/인력,US,28.04669649118404,28.59394856919766,27.958745031369016,28.115102767944336,819900
2025-12-04,MAN,ManpowerGroup,채용/인력,US,28.349639854887837,28.349639854887837,27.245361224623924,27.47012710571289,797400
2025-12-05,MAN,ManpowerGroup,채용/인력,US,27.294224950392625,27.812159277191814,27.17695571070467,27.25513458251953,664100
2025-12-08,MAN,ManpowerGroup,채용/인력,US,27.206273253136505,27.450582458452793,26.874012584791846,27.137866973876953,972900
2025-12-09,MAN,ManpowerGroup,채용/인력,US,26.922873751512473,27.294224788377253,26.77628860072114,26.883785247802734,707200
2025-12-10,MAN,ManpowerGroup,채용/인력,US,26.91310304116255,27.821931722236645,26.805606394010542,27.76329803466797,1534900
2025-12-11,MAN,ManpowerGroup,채용/인력,US,28.066239954306372,28.52554243879275,27.743751887973783,27.890338897705078,804800
2025-12-12,MAN,ManpowerGroup,채용/인력,US,28.300777064470775,29.092340220966697,28.16396450781131,28.691673278808594,976800
2025-12-15,MAN,ManpowerGroup,채용/인력,US,29.03370506938663,29.23892577112689,28.20305526233368,28.867576599121094,1276900
2025-12-16,MAN,ManpowerGroup,채용/인력,US,28.91643780357412,29.424601399965255,28.505998262478407,28.642810821533203,1036300
2025-12-17,MAN,ManpowerGroup,채용/인력,US,28.408274021160686,29.38551083985314,28.408274021160686,28.838258743286133,665800
2025-12-18,MAN,ManpowerGroup,채용/인력,US,29.971852192083468,30.59728313638898,29.3268760647856,29.786176681518555,1322500
2025-12-19,MAN,ManpowerGroup,채용/인력,US,29.551641302104915,29.73731682036473,29.102113258238465,29.1802921295166,1653000
2025-12-22,MAN,ManpowerGroup,채용/인력,US,28.99461543558658,29.53209492083869,28.63303700562937,28.93598175048828,789700
2025-12-23,MAN,ManpowerGroup,채용/인력,US,28.857802885734078,28.95552507293219,28.18350898326591,28.369184494018555,809500
2025-12-24,MAN,ManpowerGroup,채용/인력,US,28.505997104812216,28.75030630116339,28.173736448660122,28.681900024414062,303200
2025-12-26,MAN,ManpowerGroup,채용/인력,US,28.828486197554387,29.209607960996237,28.691673639176557,29.15097427368164,598700
2025-12-29,MAN,ManpowerGroup,채용/인력,US,29.180292095003345,29.483234987856395,28.8382588345918,29.46368980407715,985200
2025-12-30,MAN,ManpowerGroup,채용/인력,US,29.414828984250345,29.903447399723174,29.414828984250345,29.58095932006836,693000
2025-12-31,MAN,ManpowerGroup,채용/인력,US,29.41482779205562,29.62981921513469,29.0141608567216,29.05324935913086,534600
2026-01-02,MAN,ManpowerGroup,채용/인력,US,29.22915299442262,29.60050402801165,28.564631661837034,29.3757381439209,681000
2026-01-05,MAN,ManpowerGroup,채용/인력,US,29.3366488598971,30.35297415144751,28.975070427753863,29.307331085205078,1199000
2026-01-06,MAN,ManpowerGroup,채용/인력,US,28.808941293078437,30.128211385999357,28.711217237319232,29.864356994628906,920400
2026-01-07,MAN,ManpowerGroup,채용/인력,US,29.913218945932414,30.07934927594248,29.033704337684263,29.11188507080078,627200
2026-01-08,MAN,ManpowerGroup,채용/인력,US,28.848031889219673,30.40183860989865,28.74053524064083,30.265024185180664,1123200
2026-01-09,MAN,ManpowerGroup,채용/인력,US,30.43115294443972,31.027267980844655,29.610273894414682,30.69500732421875,743200
2026-01-12,MAN,ManpowerGroup,채용/인력,US,30.45069845396501,30.89045575831113,29.893673777747438,30.274795532226562,888100
2026-01-13,MAN,ManpowerGroup,채용/인력,US,30.352973967939867,30.41160951696941,28.730761056747365,28.93598175048828,1298500
2026-01-14,MAN,ManpowerGroup,채용/인력,US,29.004388159248116,30.147755275496483,28.945754473882655,29.844812393188477,932000
2026-01-15,MAN,ManpowerGroup,채용/인력,US,29.8545846388894,30.39206601785227,29.463690276690897,30.265024185180664,809300
2026-01-16,MAN,ManpowerGroup,채용/인력,US,29.698226888011064,29.971853873460418,29.092341092708608,29.38551139831543,742300
2026-01-20,MAN,ManpowerGroup,채용/인력,US,28.760080023836593,29.023934413616878,28.173737556746403,28.613494873046875,1102500
2026-01-21,MAN,ManpowerGroup,채용/인력,US,28.789395692484998,29.854583970588553,28.77962496458868,29.659137725830078,855800
2026-01-22,MAN,ManpowerGroup,채용/인력,US,29.903445932645997,30.822049030568582,29.903445932645997,30.63637351989746,918900
2026-01-23,MAN,ManpowerGroup,채용/인력,US,30.60705601648801,30.802504120392037,29.81549473714608,29.903446197509766,857000
2026-01-26,MAN,ManpowerGroup,채용/인력,US,30.323658502077496,30.323658502077496,29.317103929483313,29.707998275756836,680200
2026-01-27,MAN,ManpowerGroup,채용/인력,US,29.444143257182134,29.590730264808922,28.926208958529077,29.414827346801758,860300
2026-01-28,MAN,ManpowerGroup,채용/인력,US,29.649365291790247,29.83504080964053,28.203055244369093,28.300777435302734,1494600
2026-01-29,MAN,ManpowerGroup,채용/인력,US,29.44414500626608,33.35309420858386,27.978289754371165,32.5322151184082,3093800
2026-01-30,MAN,ManpowerGroup,채용/인력,US,33.636487803107606,35.52255506570294,32.98174095718341,35.503013610839844,2886700
2026-02-02,MAN,ManpowerGroup,채용/인력,US,35.32711267334552,36.177307666294034,34.39873694511489,35.84504699707031,1643600
2026-02-03,MAN,ManpowerGroup,채용/인력,US,36.13821845840934,36.6463820704633,33.31400454330368,34.017616271972656,1913000
2026-02-04,MAN,ManpowerGroup,채용/인력,US,34.62350003567711,36.22616778721275,34.349874925277135,35.97208786010742,1053200
2026-02-05,MAN,ManpowerGroup,채용/인력,US,36.12844774592476,36.73433355261995,35.06325942416271,35.80595779418945,1441000
2026-02-06,MAN,ManpowerGroup,채용/인력,US,35.77664188143634,36.51934025146308,35.6691452308579,35.80595779418945,1337000
2026-02-09,MAN,ManpowerGroup,채용/인력,US,35.57142115092788,35.57142115092788,33.17719023594691,33.226051330566406,1114700
2026-02-10,MAN,ManpowerGroup,채용/인력,US,33.31400358056564,34.10556675244294,33.059923645812674,33.577857971191406,1097200
2026-02-11,MAN,ManpowerGroup,채용/인력,US,33.46058966827325,33.695124412642286,29.6298194742411,30.304113388061523,2336800
2026-02-12,MAN,ManpowerGroup,채용/인력,US,30.34320176013909,31.01749567105566,27.66557316366109,28.545085906982422,3107500
2026-02-13,MAN,ManpowerGroup,채용/인력,US,28.760079288816975,28.877346660879226,27.655800662298358,28.007606506347656,2295600
2026-02-17,MAN,ManpowerGroup,채용/인력,US,27.99783327332715,28.173736191322302,27.01082390541196,27.714435577392578,1689700
2026-02-18,MAN,ManpowerGroup,채용/인력,US,27.958745901358828,29.688453649037882,27.958745901358828,28.808940887451172,1398900
2026-02-19,MAN,ManpowerGroup,채용/인력,US,28.623266281382378,29.4343727370729,28.01737865552538,28.369184494018555,1369800
2026-02-20,MAN,ManpowerGroup,채용/인력,US,28.23237052274303,29.02393367185395,27.391948143192657,28.007606506347656,1286000
2026-02-23,MAN,ManpowerGroup,채용/인력,US,27.61671169466242,27.724208337185846,25.53519630432129,25.53519630432129,1972800
2026-02-24,MAN,ManpowerGroup,채용/인력,US,25.662237948790736,26.287668888664662,25.066122919266384,25.163846969604492,1805800
2026-02-25,MAN,ManpowerGroup,채용/인력,US,25.281117650661308,25.691557194442495,24.577505939075646,25.242027282714844,2556500
2026-02-26,MAN,ManpowerGroup,채용/인력,US,25.603604513372282,27.79261468816891,25.515653053605035,27.26490592956543,2058000
2026-02-27,MAN,ManpowerGroup,채용/인력,US,26.71765461622808,27.39194853909111,25.9651818228832,27.33331298828125,1999500
2026-03-02,MAN,ManpowerGroup,채용/인력,US,26.101994891498475,27.147639867579624,25.281117667326317,26.404939651489258,1836200
2026-03-03,MAN,ManpowerGroup,채용/인력,US,25.847914010914018,27.68511836805617,25.62314813114937,27.41149139404297,1350700
2026-03-04,MAN,ManpowerGroup,채용/인력,US,27.44080896873138,27.54830561201138,26.68833619363388,27.32353973388672,971700
2026-03-05,MAN,ManpowerGroup,채용/인력,US,27.010825240286497,28.212827951345925,26.874012681276202,28.04669761657715,1099900
2026-03-06,MAN,ManpowerGroup,채용/인력,US,27.763297631721443,28.789395536971796,27.03037002399082,28.437591552734375,1597500
2026-03-09,MAN,ManpowerGroup,채용/인력,US,28.066240928359335,28.095558704109333,26.86424008157922,27.76329803466797,1668900
2026-03-10,MAN,ManpowerGroup,채용/인력,US,27.70466417370857,27.743752677199275,26.512434062375416,27.108549118041992,1450600
2026-03-11,MAN,ManpowerGroup,채용/인력,US,27.284452389269084,27.450582725054883,26.199718910671727,26.688337326049805,967300
2026-03-12,MAN,ManpowerGroup,채용/인력,US,26.53197956993694,27.2649071926641,25.74041825929238,25.80882453918457,1163300
2026-03-13,MAN,ManpowerGroup,채용/인력,US,26.053133094332622,26.36584857396945,25.095441471962022,25.232254028320312,968000
2026-03-16,MAN,ManpowerGroup,채용/인력,US,25.251798767186187,26.033587452513736,25.13452953242143,25.59383201599121,965300
2026-03-17,MAN,ManpowerGroup,채용/인력,US,26.092222856536726,26.991280771621582,25.67201074153939,25.81859588623047,1037800
2026-03-18,MAN,ManpowerGroup,채용/인력,US,25.857684837510103,26.375621012609432,25.183392787431174,25.45701789855957,1130900
2026-03-19,MAN,ManpowerGroup,채용/인력,US,25.447247725180116,26.6394759763308,25.41792994952142,25.691556930541992,1094800
2026-03-20,MAN,ManpowerGroup,채용/인력,US,25.759962022446814,26.551523289432676,25.408156186483662,26.0140438079834,1513200
2026-03-23,MAN,ManpowerGroup,채용/인력,US,26.541751462595073,27.548306042301824,25.77950608402703,27.216045379638672,1157000
2026-03-24,MAN,ManpowerGroup,채용/인력,US,27.01082410424671,28.00760607093604,26.39516575066285,27.2355899810791,1622300
2026-03-25,MAN,ManpowerGroup,채용/인력,US,27.518988435846293,28.05646793607379,26.63947567914162,27.58739471435547,1165000
2026-03-26,MAN,ManpowerGroup,채용/인력,US,27.431036955183615,28.662355559307805,27.431036955183615,28.154191970825195,790000
2026-03-27,MAN,ManpowerGroup,채용/인력,US,27.890338615526186,28.08578485330507,27.382175042224862,27.773069381713867,841800
2026-03-30,MAN,ManpowerGroup,채용/인력,US,28.017378882213485,29.160746002636024,27.812158186788285,29.05324935913086,972700
2026-03-31,MAN,ManpowerGroup,채용/인력,US,29.209608423605,29.522323912810585,28.525543756950622,28.789396286010742,862400
2026-04-01,MAN,ManpowerGroup,채용/인력,US,28.095557503608468,28.662354763037058,26.815377840127404,28.085784912109375,826500
2026-04-02,MAN,ManpowerGroup,채용/인력,US,28.144418674082733,28.926209220765237,27.108548203454504,28.681900024414062,783700
2026-04-06,MAN,ManpowerGroup,채용/인력,US,28.564631062575675,28.681900298072872,27.900109743931175,27.948972702026367,1242800
2026-04-07,MAN,ManpowerGroup,채용/인력,US,27.851249886266753,28.124876871954132,27.52876180424618,27.65580177307129,559400
2026-04-08,MAN,ManpowerGroup,채용/인력,US,27.968518847243985,28.720989788478605,27.098776802547352,27.225818634033203,1452300
2026-04-09,MAN,ManpowerGroup,채용/인력,US,26.90332985714918,28.066240310668945,26.131311888105255,28.066240310668945,1253700
2026-04-10,MAN,ManpowerGroup,채용/인력,US,27.724209541012083,28.134649082004675,25.652466652208684,26.316987991333008,1474900
2026-04-13,MAN,ManpowerGroup,채용/인력,US,25.965181931973135,28.76007982532156,25.750190503227604,28.525543212890625,1404900
2026-04-14,MAN,ManpowerGroup,채용/인력,US,28.242142446975897,29.375736957754963,28.242142446975897,28.56463050842285,1008700
2026-04-15,MAN,ManpowerGroup,채용/인력,US,28.730762163236435,30.09889333978459,28.613494788523592,30.030487060546875,1766100
2026-04-16,MAN,ManpowerGroup,채용/인력,US,29.34642112953201,31.789511211864244,28.076012199116267,30.294340133666992,2049900
2026-04-17,MAN,ManpowerGroup,채용/인력,US,30.069577013484793,31.164081194060202,29.805722628121842,30.4213809967041,1288200
2026-04-20,MAN,ManpowerGroup,채용/인력,US,30.25524978819108,31.818830871568927,29.942534317088004,31.1445369720459,1352900
2026-04-21,MAN,ManpowerGroup,채용/인력,US,31.457251755343655,32.3074504690635,31.056586673952577,31.10544776916504,1313800
2026-04-22,MAN,ManpowerGroup,채용/인력,US,31.867693190285177,31.867693190285177,30.37252018966072,30.822050094604492,1102900
2026-04-23,MAN,ManpowerGroup,채용/인력,US,30.44092527927308,30.44092527927308,27.83170300596789,28.593948364257812,1584500
2026-04-24,MAN,ManpowerGroup,채용/인력,US,28.447363654874458,29.07279460624835,27.939200074917537,28.79916763305664,1687800
2026-04-27,MAN,ManpowerGroup,채용/인력,US,28.926209253697152,29.756860895023074,28.672127465530913,29.278013229370117,643400
2026-04-28,MAN,ManpowerGroup,채용/인력,US,30.186844582852615,31.222716947546452,30.186844582852615,30.50933265686035,787900
2026-04-29,MAN,ManpowerGroup,채용/인력,US,30.489788174429258,30.90999842265037,29.883900552828646,29.981624603271484,845500
2026-04-30,MAN,ManpowerGroup,채용/인력,US,29.64936560000554,30.098893647553503,29.32687752035073,29.58095932006836,837300
2026-05-01,MAN,ManpowerGroup,채용/인력,US,30.001170715206175,30.77318682335639,29.580958590040932,29.825267791748047,659400
2026-05-04,MAN,ManpowerGroup,채용/인력,US,29.326877000547558,30.196617168215482,28.95552596756866,29.06302261352539,779900
2026-05-05,MAN,ManpowerGroup,채용/인력,US,29.170518392984068,29.45391609127273,28.476679306676488,28.96529769897461,865700
2026-05-06,MAN,ManpowerGroup,채용/인력,US,29.141201113743307,29.297558852821815,28.43759128789002,28.603721618652344,709200
2026-05-07,MAN,ManpowerGroup,채용/인력,US,28.68189990092888,30.177070983244853,28.65258212647771,29.756860733032227,811100
2026-05-08,MAN,ManpowerGroup,채용/인력,US,29.688452511894525,29.688452511894525,28.437590628280198,29.16074562072754,504600
2026-05-11,MAN,ManpowerGroup,채용/인력,US,29.307331390390527,29.541867998575224,28.242143129927978,28.291006088256836,845400
2026-05-12,MAN,ManpowerGroup,채용/인력,US,28.642809333812828,28.67212710805807,27.22581712938805,27.40172004699707,739600
2026-05-13,MAN,ManpowerGroup,채용/인력,US,26.707881758466222,26.707881758466222,24.616595595953495,25.48633575439453,1777000
2026-05-14,MAN,ManpowerGroup,채용/인력,US,25.564514972946615,26.29744258539103,25.095441748325705,25.349523544311523,948100
2026-05-15,MAN,ManpowerGroup,채용/인력,US,25.730645343740765,26.336532991038972,24.987945138378674,25.37883949279785,1015100
2026-05-18,MAN,ManpowerGroup,채용/인력,US,25.4472475349834,27.518988537166063,25.388611984104255,27.049915313720703,1029900
2026-05-19,MAN,ManpowerGroup,채용/인력,US,27.538533383270916,27.851248861735076,26.30721478886982,26.619930267333984,736400
2026-05-20,MAN,ManpowerGroup,채용/인력,US,26.297442633348258,27.14763948546401,25.68178425790198,27.108549118041992,593700
2026-05-21,MAN,ManpowerGroup,채용/인력,US,26.81537918127389,28.251916652725026,26.287670397517555,28.1346492767334,643600
2026-05-22,MAN,ManpowerGroup,채용/인력,US,27.743753022682323,28.99461683679375,27.743753022682323,28.701446533203125,707300
2026-05-26,MAN,ManpowerGroup,채용/인력,US,28.789395963145584,28.984844073672846,27.86102209796938,28.04669761657715,885200
2026-05-27,MAN,ManpowerGroup,채용/인력,US,28.330094680270133,29.209607429717323,28.02715179340159,28.633037567138672,976400
2026-05-28,MAN,ManpowerGroup,채용/인력,US,28.681901473646523,29.659138308428815,28.613495193440777,29.63959312438965,810000
2026-05-29,MAN,ManpowerGroup,채용/인력,US,29.649365316778773,31.57452304826761,29.229153185257225,30.90999984741211,1667200
2026-06-01,MAN,ManpowerGroup,채용/인력,US,30.8799991607666,33.38999938964844,30.8799991607666,32.93000030517578,1034100
2026-06-02,MAN,ManpowerGroup,채용/인력,US,32.43000030517578,32.56999969482422,31.549999237060547,31.6200008392334,683900
2026-06-03,MAN,ManpowerGroup,채용/인력,US,30.969999313354492,31.559999465942383,30.049999237060547,30.3700008392334,786100
2026-06-04,MAN,ManpowerGroup,채용/인력,US,31.270000457763672,32.470001220703125,31.049999237060547,32.0099983215332,634000
2026-06-05,MAN,ManpowerGroup,채용/인력,US,32.54999923706055,32.779998779296875,31.809999465942383,32.29999923706055,665000
2026-06-08,MAN,ManpowerGroup,채용/인력,US,32.040000915527344,33.15999984741211,31.690000534057617,32.43000030517578,809300
2026-06-09,MAN,ManpowerGroup,채용/인력,US,32.279998779296875,33.31999969482422,31.969999313354492,32.650001525878906,729000
2026-06-10,MAN,ManpowerGroup,채용/인력,US,32.7400016784668,33.90999984741211,32.400001525878906,33.06999969482422,855600
2026-06-11,MAN,ManpowerGroup,채용/인력,US,33.0,34.13999938964844,32.66999816894531,34.0,1013400
2026-06-12,MAN,ManpowerGroup,채용/인력,US,34.0,34.790000915527344,33.209999084472656,34.0,896500
2026-06-15,MAN,ManpowerGroup,채용/인력,US,33.400001525878906,34.2400016784668,33.20000076293945,33.349998474121094,932600
2026-06-16,MAN,ManpowerGroup,채용/인력,US,33.560001373291016,34.25,33.45000076293945,34.209999084472656,797000
2026-06-17,MAN,ManpowerGroup,채용/인력,US,34.630001068115234,36.150001525878906,33.849998474121094,34.290000915527344,1009400
2026-06-18,MAN,ManpowerGroup,채용/인력,US,34.099998474121094,34.349998474121094,33.290000915527344,33.54999923706055,1098200
2026-06-22,MAN,ManpowerGroup,채용/인력,US,32.9900016784668,33.18000030517578,31.079999923706055,31.329999923706055,889800
2026-06-23,MAN,ManpowerGroup,채용/인력,US,31.899999618530273,32.41999816894531,31.3799991607666,32.2599983215332,833100
2026-06-24,MAN,ManpowerGroup,채용/인력,US,32.36000061035156,32.939998626708984,32.06999969482422,32.59000015258789,790800
2026-06-25,MAN,ManpowerGroup,채용/인력,US,32.810001373291016,34.13999938964844,32.560001373291016,33.810001373291016,1277700
2026-06-26,MAN,ManpowerGroup,채용/인력,US,33.599998474121094,37.349998474121094,33.599998474121094,36.20000076293945,7546100
2026-06-29,MAN,ManpowerGroup,채용/인력,US,35.9900016784668,36.33000183105469,35.38999938964844,35.91999816894531,1160000
2026-06-30,MAN,ManpowerGroup,채용/인력,US,36.02000045776367,36.02000045776367,33.15999984741211,33.77000045776367,1268800
2026-07-01,MAN,ManpowerGroup,채용/인력,US,34.16999816894531,37.75,34.16999816894531,37.130001068115234,1617700
2026-07-02,MAN,ManpowerGroup,채용/인력,US,37.68000030517578,38.90999984741211,36.970001220703125,38.790000915527344,902400
2026-07-06,MAN,ManpowerGroup,채용/인력,US,38.7599983215332,39.470001220703125,37.66999816894531,38.439998626708984,1131200
2026-07-07,MAN,ManpowerGroup,채용/인력,US,38.119998931884766,40.18000030517578,38.119998931884766,39.34000015258789,886900
2026-07-08,MAN,ManpowerGroup,채용/인력,US,39.36000061035156,39.4900016784668,37.529998779296875,37.86000061035156,1154400
2026-07-09,MAN,ManpowerGroup,채용/인력,US,37.27000045776367,37.849998474121094,36.59000015258789,37.470001220703125,1358300
2026-07-10,MAN,ManpowerGroup,채용/인력,US,38.54999923706055,38.77000045776367,37.810001373291016,38.709999084472656,927800
2026-07-13,MAN,ManpowerGroup,채용/인력,US,39.63999938964844,41.0,38.31999969482422,40.619998931884766,1247100
2026-07-14,MAN,ManpowerGroup,채용/인력,US,39.119998931884766,39.720001220703125,38.099998474121094,39.18000030517578,1078300
2026-07-15,MAN,ManpowerGroup,채용/인력,US,39.33000183105469,40.83000183105469,38.630001068115234,39.02000045776367,1414600
2026-07-16,MAN,ManpowerGroup,채용/인력,US,46.779998779296875,53.0,46.779998779296875,51.650001525878906,5357100
2026-07-17,MAN,ManpowerGroup,채용/인력,US,52.95000076293945,55.70000076293945,51.29999923706055,52.34000015258789,3346200
2026-07-20,MAN,ManpowerGroup,채용/인력,US,51.93000030517578,54.09000015258789,51.06999969482422,53.11000061035156,1751500
2026-07-21,MAN,ManpowerGroup,채용/인력,US,53.5,53.61000061035156,51.220001220703125,51.68000030517578,1573400
2026-07-22,MAN,ManpowerGroup,채용/인력,US,52.29999923706055,53.0,51.13999938964844,51.65999984741211,1297700
2026-07-23,MAN,ManpowerGroup,채용/인력,US,52.09000015258789,52.34000015258789,49.45000076293945,49.95000076293945,1544200
2026-07-24,MAN,ManpowerGroup,채용/인력,US,49.5,52.25,48.880001068115234,51.33000183105469,1188200
2026-07-27,MAN,ManpowerGroup,채용/인력,US,51.58000183105469,53.709999084472656,51.58000183105469,53.66999816894531,1615100
2026-07-28,MAN,ManpowerGroup,채용/인력,US,54.900001525878906,56.459999084472656,54.290000915527344,55.400001525878906,1811900
2026-07-29,MAN,ManpowerGroup,채용/인력,US,55.970001220703125,57.08000183105469,55.54999923706055,55.86000061035156,1729600
2026-07-30,MAN,ManpowerGroup,채용/인력,US,53.959999084472656,55.09000015258789,51.599998474121094,51.880001068115234,1078200
2026-07-31,MAN,ManpowerGroup,채용/인력,US,50.81999969482422,52.599998474121094,50.43000030517578,52.41999816894531,1470700
2026-08-03,MAN,ManpowerGroup,채용/인력,US,53.40999984741211,55.029998779296875,53.290000915527344,54.099998474121094,1104200
2026-08-04,MAN,ManpowerGroup,채용/인력,US,52.790000915527344,54.900001525878906,52.349998474121094,54.79999923706055,799100
2026-08-05,MAN,ManpowerGroup,채용/인력,US,54.970001220703125,55.029998779296875,53.45000076293945,54.38999938964844,588800
2026-08-06,MAN,ManpowerGroup,채용/인력,US,54.279998779296875,55.47999954223633,53.720001220703125,55.34000015258789,1416500
2026-08-07,MAN,ManpowerGroup,채용/인력,US,55.0,57.939998626708984,55.0,56.599998474121094,904500
2026-08-10,MAN,ManpowerGroup,채용/인력,US,55.630001068115234,56.83000183105469,55.0,56.52000045776367,877200
2026-08-11,MAN,ManpowerGroup,채용/인력,US,56.0,56.720001220703125,55.16999816894531,56.2400016784668,543500
2026-08-12,MAN,ManpowerGroup,채용/인력,US,54.959999084472656,56.47999954223633,54.5,56.220001220703125,624000
2026-08-13,MAN,ManpowerGroup,채용/인력,US,56.66999816894531,59.099998474121094,56.61000061035156,59.09000015258789,971200
2026-08-14,MAN,ManpowerGroup,채용/인력,US,59.43000030517578,59.86000061035156,58.209999084472656,58.29999923706055,699800
2026-08-17,MAN,ManpowerGroup,채용/인력,US,57.77000045776367,57.810001373291016,56.470001220703125,56.77000045776367,764500
2026-08-18,MAN,ManpowerGroup,채용/인력,US,57.619998931884766,59.5,56.70000076293945,59.47999954223633,1562900
2026-08-19,MAN,ManpowerGroup,채용/인력,US,59.38999938964844,60.970001220703125,58.58000183105469,59.41999816894531,1526300
2026-08-20,MAN,ManpowerGroup,채용/인력,US,59.029998779296875,61.0,59.0,60.7400016784668,908300
2026-08-21,MAN,ManpowerGroup,채용/인력,US,60.439998626708984,62.45000076293945,60.15999984741211,61.45000076293945,922500
2026-08-24,MAN,ManpowerGroup,채용/인력,US,61.7599983215332,62.959999084472656,60.869998931884766,61.38999938964844,674300
2026-08-25,MAN,ManpowerGroup,채용/인력,US,60.7599983215332,62.279998779296875,59.810001373291016,62.09000015258789,779100
2026-08-26,MAN,ManpowerGroup,채용/인력,US,61.65999984741211,62.439998626708984,61.189998626708984,61.959999084472656,652800
2026-08-27,MAN,ManpowerGroup,채용/인력,US,61.75,62.95000076293945,61.189998626708984,62.209999084472656,425200
2026-08-28,MAN,ManpowerGroup,채용/인력,US,62.709999084472656,63.880001068115234,61.970001220703125,62.38999938964844,596300
2026-08-31,MAN,ManpowerGroup,채용/인력,US,62.27000045776367,63.220001220703125,61.279998779296875,62.95000076293945,945200
2026-09-01,MAN,ManpowerGroup,채용/인력,US,62.95000076293945,63.45000076293945,60.70000076293945,61.189998626708984,962500
2026-09-02,MAN,ManpowerGroup,채용/인력,US,60.630001068115234,61.68000030517578,59.540000915527344,60.27000045776367,512000
2026-09-03,MAN,ManpowerGroup,채용/인력,US,59.810001373291016,62.0,59.45000076293945,61.5099983215332,623400
2026-09-04,MAN,ManpowerGroup,채용/인력,US,60.779998779296875,62.040000915527344,59.25,61.97999954223633,548400
2026-09-08,MAN,ManpowerGroup,채용/인력,US,60.540000915527344,60.650001525878906,56.72999954223633,57.209999084472656,978900
2026-09-09,MAN,ManpowerGroup,채용/인력,US,57.0099983215332,57.84000015258789,54.97999954223633,56.720001220703125,1242100
2026-09-10,MAN,ManpowerGroup,채용/인력,US,57.7400016784668,58.02000045776367,56.45000076293945,57.02000045776367,723900
2026-09-11,MAN,ManpowerGroup,채용/인력,US,57.130001068115234,57.7400016784668,55.5,56.459999084472656,667400
2026-09-14,MAN,ManpowerGroup,채용/인력,US,57.470001220703125,58.88999938964844,57.060001373291016,58.02000045776367,650300
2026-09-15,MAN,ManpowerGroup,채용/인력,US,57.970001220703125,58.63999938964844,56.790000915527344,58.45000076293945,828400
2026-09-16,MAN,ManpowerGroup,채용/인력,US,57.77000045776367,58.22999954223633,56.88999938964844,57.93000030517578,702200
2026-09-17,MAN,ManpowerGroup,채용/인력,US,58.040000915527344,58.209999084472656,57.0,57.66999816894531,604100
2025-09-18,HD,Home Depot,소비재,US,406.0511124651653,409.7853891317768,404.40765086424653,405.9830627441406,3677200
2025-09-19,HD,Home Depot,소비재,US,405.8760981858028,407.0527678467049,403.66862209846425,404.24237060546875,6718400
2025-09-22,HD,Home Depot,소비재,US,402.70587046992364,403.4546845448791,399.80795525150035,400.65399169921875,2656300
2025-09-23,HD,Home Depot,소비재,US,400.65394257977846,402.33631083797917,396.23896121359195,399.5939636230469,2597000
2025-09-24,HD,Home Depot,소비재,US,395.5874669386123,399.3411526132105,393.85648733374296,398.4853820800781,3220700
2025-09-25,HD,Home Depot,소비재,US,395.4513223525085,399.5453755013872,394.4399544427085,396.22930908203125,2554300
2025-09-26,HD,Home Depot,소비재,US,396.91972701956456,400.08022560159,394.66361014003166,398.79656982421875,2316600
2025-09-29,HD,Home Depot,소비재,US,398.75766657857974,399.63290531995125,392.72842549843006,395.59716796875,3008400
2025-09-30,HD,Home Depot,소비재,US,395.4318710489828,395.79167691601566,392.36862444808656,394.0315246582031,3211600
2025-10-01,HD,Home Depot,소비재,US,393.2535809799684,393.97319273846136,384.4236170674206,386.0865173339844,3787800
2025-10-02,HD,Home Depot,소비재,US,384.60839345015114,386.43662520149616,382.94549315596385,384.13189697265625,2964700
2025-10-03,HD,Home Depot,소비재,US,383.2761296995442,386.3782832385467,381.8174379292481,384.1805114746094,2951300
2025-10-06,HD,Home Depot,소비재,US,383.6358825136301,383.6358825136301,375.09767571980467,378.6082458496094,3653700
2025-10-07,HD,Home Depot,소비재,US,378.7250266598306,379.01675314931214,374.8935271531156,376.15771484375,2505700
2025-10-08,HD,Home Depot,소비재,US,375.8173102434433,375.8173102434433,372.43316459219193,373.2208557128906,2517600
2025-10-09,HD,Home Depot,소비재,US,372.3553321480077,373.77511697917646,367.0651416328743,367.288818359375,3321400
2025-10-10,HD,Home Depot,소비재,US,369.78806118140676,369.78806118140676,364.4589637589981,365.4022521972656,2992400
2025-10-13,HD,Home Depot,소비재,US,368.6308809274205,371.78164577617406,366.8026490897424,368.922607421875,2925900
2025-10-14,HD,Home Depot,소비재,US,368.43634606259553,378.1804256443732,367.60004373018455,377.0426330566406,4399900
2025-10-15,HD,Home Depot,소비재,US,378.51103978401335,383.50947434180813,376.07988706518233,377.60662841796875,3690100
2025-10-16,HD,Home Depot,소비재,US,378.92918616223017,379.259819366573,373.3958802696069,376.7217102050781,2783700
2025-10-17,HD,Home Depot,소비재,US,377.80115149933664,382.28418309319864,376.5369638928536,381.1075134277344,2657700
2025-10-20,HD,Home Depot,소비재,US,380.63101126516386,382.3522567670641,377.40243321809885,378.180419921875,2761100
2025-10-21,HD,Home Depot,소비재,US,376.88702375141975,382.78986978554445,375.23382800086443,380.1350402832031,2306900
2025-10-22,HD,Home Depot,소비재,US,380.47538873488134,382.22580676746367,377.48022173582456,378.2581787109375,2857000
2025-10-23,HD,Home Depot,소비재,US,376.4688710262192,378.0150806165678,370.79940618445,374.42669677734375,2767300
2025-10-24,HD,Home Depot,소비재,US,378.96813226329596,378.96813226329596,375.0491149100141,376.0312805175781,2426800
2025-10-27,HD,Home Depot,소비재,US,377.0231676453325,378.5693771810079,372.3553367162181,374.6600646972656,3065800
2025-10-28,HD,Home Depot,소비재,US,373.83353180630456,379.2695861239365,372.28729244757125,375.12689208984375,2372800
2025-10-29,HD,Home Depot,소비재,US,372.4526102885826,374.3975325355203,364.8674253963886,367.62921142578125,3852300
2025-10-30,HD,Home Depot,소비재,US,367.30827036867885,374.10579357517423,365.7523266876615,369.09759521484375,2384300
2025-10-31,HD,Home Depot,소비재,US,366.5789276874148,370.4493335464572,364.682646350049,369.1365051269531,2643500
2025-11-03,HD,Home Depot,소비재,US,366.6275697464224,368.0570887541689,363.3892576559226,367.9306640625,2897600
2025-11-04,HD,Home Depot,소비재,US,366.95818218185974,373.1138475541215,366.3746996179726,372.5303649902344,2590000
2025-11-05,HD,Home Depot,소비재,US,372.24839971795575,372.8610549707219,360.3260169130116,363.54486083984375,4763000
2025-11-06,HD,Home Depot,소비재,US,361.5805182090473,362.3973820280062,357.4280900328899,358.90625,3622100
2025-11-07,HD,Home Depot,소비재,US,358.8284322647385,363.36010481054535,357.4475540431628,360.8900451660156,2766400
2025-11-10,HD,Home Depot,소비재,US,359.60643055581005,360.452467039932,353.4410301931099,360.2287902832031,3257900
2025-11-11,HD,Home Depot,소비재,US,361.74580038362024,365.64537894835036,360.69555543820746,363.933837890625,2407300
2025-11-12,HD,Home Depot,소비재,US,361.81386654389695,363.272558161854,358.84787212491375,360.90948486328125,3375800
2025-11-13,HD,Home Depot,소비재,US,361.42490876665056,363.2336722315698,356.5236963397476,357.93377685546875,3034800
2025-11-14,HD,Home Depot,소비재,US,355.8332360732777,357.2141141827383,349.89148346357575,352.3809814453125,3413300
2025-11-17,HD,Home Depot,소비재,US,351.1848930100947,353.7619090719871,346.29341470792065,348.1702575683594,5127200
2025-11-18,HD,Home Depot,소비재,US,330.6173283766702,339.19441254022405,326.75665670531777,327.2137145996094,10168500
2025-11-19,HD,Home Depot,소비재,US,331.5800630406063,332.3385815128617,322.2444305286613,325.2882385253906,7595000
2025-11-20,HD,Home Depot,소비재,US,327.0970305832446,329.56709030759504,322.9835387560075,323.2266540527344,4025300
2025-11-21,HD,Home Depot,소비재,US,325.3563217063679,337.36622238762413,323.8295506364051,333.8653564453125,7441300
2025-11-24,HD,Home Depot,소비재,US,332.7762309351845,334.24462715093733,327.2818014724936,327.31097412109375,6132900
2025-11-25,HD,Home Depot,소비재,US,329.6643042136632,343.27875925493544,329.51844098793805,341.40191650390625,6316600
2025-11-26,HD,Home Depot,소비재,US,340.6142414881474,347.4895190539308,339.3889309798961,345.6807556152344,4517300
2025-11-28,HD,Home Depot,소비재,US,345.15563293817144,347.97576437116714,343.7650205997065,347.0908508300781,2119600
2025-12-01,HD,Home Depot,소비재,US,344.2998610600955,352.31296118111214,343.16209812463956,347.4895324707031,5107100
2025-12-02,HD,Home Depot,소비재,US,347.00327466524027,347.654836647816,341.6255660714526,344.2803955078125,3965300
2025-12-03,HD,Home Depot,소비재,US,344.7374926404726,350.5430871450869,344.00814674631084,348.0535888671875,4166700
2025-12-04,HD,Home Depot,소비재,US,348.71911535336596,349.9131924709116,342.56276473239785,343.7079162597656,4022800
2025-12-05,HD,Home Depot,소비재,US,343.19898404843383,348.06337703105095,342.10278786121404,347.0748291015625,5959200
2025-12-08,HD,Home Depot,소비재,US,344.4713302562425,344.60833982606607,338.3541382135411,342.47467041015625,7273000
2025-12-09,HD,Home Depot,소비재,US,340.3703677160696,349.09104041465736,337.6298477160418,337.9332580566406,5063100
2025-12-10,HD,Home Depot,소비재,US,336.7881454975472,344.53983485927705,336.6902644468525,343.66876220703125,6316100
2025-12-11,HD,Home Depot,소비재,US,348.4352899865784,355.0124966552466,346.4190656980946,349.8642578125,6609800
2025-12-12,HD,Home Depot,소비재,US,351.62602366535515,353.09414987244986,348.48421207641735,352.0077209472656,3861200
2025-12-15,HD,Home Depot,소비재,US,351.7532309142689,354.9635320383587,348.06332163277614,349.4042053222656,4387400
2025-12-16,HD,Home Depot,소비재,US,349.31615106277945,351.1170489325283,344.3343131247511,345.1858215332031,3497200
2025-12-17,HD,Home Depot,소비재,US,344.49091449028276,349.90340512869824,343.5219607726549,349.1693420410156,3875200
2025-12-18,HD,Home Depot,소비재,US,355.8150843258923,358.5164162998122,347.02589113877445,347.4467468261719,4805200
2025-12-19,HD,Home Depot,소비재,US,346.58541127955135,346.58541127955135,337.5907194306183,337.66900634765625,12825600
2025-12-22,HD,Home Depot,소비재,US,337.97241246450307,340.50737327299396,336.39663812507706,339.02947998046875,3523700
2025-12-23,HD,Home Depot,소비재,US,336.69028944414873,340.11591738907464,334.6740651003779,337.6396789550781,3873400
2025-12-24,HD,Home Depot,소비재,US,337.02300698088413,340.85972280498515,336.5923542903493,339.9592590332031,1368600
2025-12-26,HD,Home Depot,소비재,US,339.616749893519,342.6117251227173,339.2056912607851,342.34747314453125,1786900
2025-12-29,HD,Home Depot,소비재,US,342.56275799846856,342.87596540293737,337.4243166284915,340.06695556640625,3790000
2025-12-30,HD,Home Depot,소비재,US,338.67714901066444,339.60697424818056,336.41623697955146,338.9903564453125,2392600
2025-12-31,HD,Home Depot,소비재,US,338.1583920810744,339.34267215308904,336.6609045931061,336.78814697265625,2317500
2026-01-02,HD,Home Depot,소비재,US,336.1323595285862,341.0848358843269,333.6757154817447,338.4715881347656,3763000
2026-01-05,HD,Home Depot,소비재,US,335.4179027837736,339.9690879170088,333.9987022113515,336.7783508300781,4725300
2026-01-06,HD,Home Depot,소비재,US,334.2433821573216,343.22830690148726,330.5339084400161,341.86785888671875,4680300
2026-01-07,HD,Home Depot,소비재,US,345.83181357461933,350.882171425454,341.61339990042745,341.64276123046875,4442700
2026-01-08,HD,Home Depot,소비재,US,337.9724185347548,355.5214122846852,336.78813849255954,351.91961669921875,5196500
2026-01-09,HD,Home Depot,소비재,US,355.77590141056635,367.51111346981986,353.632434855731,366.67919921875,7093500
2026-01-12,HD,Home Depot,소비재,US,366.67922605349804,368.42140133976915,361.40374473161967,366.97283935546875,5859800
2026-01-13,HD,Home Depot,소비재,US,367.88304619367426,372.1014596119851,362.94036676554117,371.6708068847656,4785800
2026-01-14,HD,Home Depot,소비재,US,368.6856307593888,372.0133774109565,366.023427464314,367.96136474609375,4959900
2026-01-15,HD,Home Depot,소비재,US,368.0298576269892,372.10146445701383,366.5030087993679,371.1031494140625,2990100
2026-01-16,HD,Home Depot,소비재,US,371.19124144254374,374.63643351070186,369.4882246061678,372.0917053222656,3709000
2026-01-20,HD,Home Depot,소비재,US,364.33018071485697,369.3218156656606,363.41015259231614,367.1391906738281,5353700
2026-01-21,HD,Home Depot,소비재,US,367.8145223498818,377.7195050958379,366.71832628164384,376.4667053222656,5169800
2026-01-22,HD,Home Depot,소비재,US,378.2382530449191,382.3000628313615,372.44403525172845,372.93341064453125,4828100
2026-01-23,HD,Home Depot,소비재,US,373.3934198383746,376.20242977736825,371.1520722052226,375.61517333984375,3138300
2026-01-26,HD,Home Depot,소비재,US,376.8190408591946,379.1876308298576,373.83386300262646,378.3165283203125,3984800
2026-01-27,HD,Home Depot,소비재,US,376.77011060504714,378.2871623096181,370.2320329388677,372.2776184082031,3466100
2026-01-28,HD,Home Depot,소비재,US,372.1308039100364,372.9040253443087,365.7102015587281,367.32513427734375,3371500
2026-01-29,HD,Home Depot,소비재,US,366.9336686607455,369.07713530060647,362.284602364362,363.9093322753906,4744500
2026-01-30,HD,Home Depot,소비재,US,364.49654916370775,367.1489551783843,360.71855595680273,366.6302185058594,3755600
2026-02-02,HD,Home Depot,소비재,US,366.28767783702625,371.58272307589243,360.41517322936585,370.0852355957031,4757200
2026-02-03,HD,Home Depot,소비재,US,369.27288458137934,383.45497361161824,368.9890384961104,373.0019226074219,5684400
2026-02-04,HD,Home Depot,소비재,US,376.41776544446515,382.23154756833605,376.19264200827143,378.9723205566406,5574700
2026-02-05,HD,Home Depot,소비재,US,378.46334758938633,378.77655501017597,372.73764950494666,374.24493408203125,3759700
2026-02-06,HD,Home Depot,소비재,US,373.2368128082787,378.1599279570784,371.0444206547449,376.9658508300781,4685400
2026-02-09,HD,Home Depot,소비재,US,376.19264106698864,377.58248033769564,370.163562457197,372.904052734375,3639300
2026-02-10,HD,Home Depot,소비재,US,375.65433486260844,383.4158213872818,373.8240756812119,381.39959716796875,3160800
2026-02-11,HD,Home Depot,소비재,US,376.81905953552473,383.10265283953595,373.96109404547286,382.37835693359375,3229900
2026-02-12,HD,Home Depot,소비재,US,385.187358063094,389.18067797780816,380.7340539554721,381.9281311035156,3702200
2026-02-13,HD,Home Depot,소비재,US,381.908594703622,385.62783599655563,378.87446108617314,382.7405090332031,2875900
2026-02-17,HD,Home Depot,소비재,US,383.89544883635097,385.6278270527202,372.41469084659906,374.9007263183594,3485300
2026-02-18,HD,Home Depot,소비재,US,374.6168560607417,376.93649059942254,371.4750744620919,375.3704833984375,2982600
2026-02-19,HD,Home Depot,소비재,US,375.58578815962284,375.58578815962284,369.3707450420628,370.5354309082031,2930900
2026-02-20,HD,Home Depot,소비재,US,369.42951043425745,376.6428992274523,367.96138419838536,374.12750244140625,3984100
2026-02-23,HD,Home Depot,소비재,US,372.89425117804547,375.977340039125,361.7267011620893,368.979248046875,5495700
2026-02-24,HD,Home Depot,소비재,US,380.8417107584177,385.9703852790173,374.0883361890514,376.31011962890625,5675800
2026-02-25,HD,Home Depot,소비재,US,372.97257644926333,373.3347094680754,363.47868169262966,367.5894470214844,5036900
2026-02-26,HD,Home Depot,소비재,US,370.35929161988014,373.37386076885247,366.97282226210285,367.11962890625,2889400
2026-02-27,HD,Home Depot,소비재,US,365.915758878878,374.0687697501482,364.42806841930053,372.6300048828125,4819500
2026-03-02,HD,Home Depot,소비재,US,367.0315715092017,367.13921976634026,361.15906636505446,362.93060302734375,4537600
2026-03-03,HD,Home Depot,소비재,US,356.0010127710523,360.94369199596207,352.46770711379116,359.12322998046875,3964700
2026-03-04,HD,Home Depot,소비재,US,358.41855457469165,361.716939988571,353.8282109374275,361.2666931152344,4324400
2026-03-05,HD,Home Depot,소비재,US,358.3402236370215,359.18196482294223,351.5672851014027,353.99456787109375,4752200
2026-03-06,HD,Home Depot,소비재,US,349.94255357633443,351.81197110412063,345.71434314288405,350.3144836425781,4167400
2026-03-09,HD,Home Depot,소비재,US,348.0437483770095,348.9148209517669,338.2953999508869,346.0470886230469,4224500
2026-03-10,HD,Home Depot,소비재,US,345.5382004871225,353.9554635770335,343.56110469944167,349.56085205078125,3986000
2026-03-11,HD,Home Depot,소비재,US,347.90677293241225,348.7485142053993,341.69169898686965,343.38494873046875,3197100
2026-03-12,HD,Home Depot,소비재,US,340.9512279608855,343.5425566286561,333.7191718320135,333.9457702636719,3893600
2026-03-13,HD,Home Depot,소비재,US,336.6651978613972,338.36976775473033,333.05901726415016,334.0443115234375,2531900
2026-03-16,HD,Home Depot,소비재,US,337.40418868905533,340.1630007521627,335.6405034404279,337.5421142578125,3194400
2026-03-17,HD,Home Depot,소비재,US,339.81816704201003,341.68035764135743,335.92624251251857,336.4090270996094,3075900
2026-03-18,HD,Home Depot,소비재,US,333.62066680099906,334.8030019580219,325.28508517224077,326.0634460449219,3592200
2026-03-19,HD,Home Depot,소비재,US,324.12242413889567,325.37376721971134,319.8561127917808,323.3834533691406,3845400
2026-03-20,HD,Home Depot,소비재,US,322.93020208868677,325.37374274161465,315.55035751193924,316.03314208984375,9672200
2026-03-23,HD,Home Depot,소비재,US,327.10784167944627,329.7977059156196,323.38343046640387,326.03387451171875,5806300
2026-03-24,HD,Home Depot,소비재,US,321.10742781217783,327.6300717030042,318.26977522756266,326.04376220703125,4566400
2026-03-25,HD,Home Depot,소비재,US,330.07358186100777,332.2313787270356,322.18136510255556,327.6202087402344,4397800
2026-03-26,HD,Home Depot,소비재,US,326.56593457755275,329.2065159991698,321.7872513641968,323.6001892089844,3448400
2026-03-27,HD,Home Depot,소비재,US,322.68389984010173,322.72332003339125,316.0233004076466,316.919921875,3977400
2026-03-30,HD,Home Depot,소비재,US,320.93006084928754,323.16666808726706,317.83622231185035,318.7427062988281,4066000
2026-03-31,HD,Home Depot,소비재,US,323.65932500963066,326.56595531217556,318.6540430408731,324.053466796875,5749100
2026-04-01,HD,Home Depot,소비재,US,324.5264147036482,328.1917111081323,322.9893578310064,324.713623046875,3386200
2026-04-02,HD,Home Depot,소비재,US,318.84123847490497,321.5015150184395,313.9738822734865,316.90020751953125,3732300
2026-04-06,HD,Home Depot,소비재,US,314.9985972226668,321.87593213773096,314.2300688775543,321.84637451171875,2448300
2026-04-07,HD,Home Depot,소비재,US,318.2500813990391,319.60979244017267,310.673165290877,314.082275390625,4661600
2026-04-08,HD,Home Depot,소비재,US,328.3591748751156,333.7979883682909,327.36401804999974,331.2165222167969,4610600
2026-04-09,HD,Home Depot,소비재,US,326.388616523007,335.5617045306175,323.6199418005998,334.58624267578125,3002000
2026-04-10,HD,Home Depot,소비재,US,336.0248127567512,336.2120210994593,330.8717121868362,332.37921142578125,3208300
2026-04-13,HD,Home Depot,소비재,US,330.60565624287267,336.4188865710081,327.0487282012957,336.14300537109375,3741200
2026-04-14,HD,Home Depot,소비재,US,335.9853517224209,337.71947928880917,333.36446531187323,337.6701965332031,2882500
2026-04-15,HD,Home Depot,소비재,US,336.8228540004552,337.2366607575258,331.6697541162465,333.92608642578125,3365200
2026-04-16,HD,Home Depot,소비재,US,334.9902184465357,336.9509746615948,331.7387590995254,332.1919860839844,2856700
2026-04-17,HD,Home Depot,소비재,US,337.7983122720913,346.8433072133841,337.7983122720913,344.2618408203125,4930400
2026-04-20,HD,Home Depot,소비재,US,343.2174366312315,346.00583653193246,338.5668460102951,345.8284606933594,3260900
2026-04-21,HD,Home Depot,소비재,US,347.7399078982703,348.35078554942595,337.92638515117363,338.8624267578125,3081000
2026-04-22,HD,Home Depot,소비재,US,338.8919874460811,340.1629954470494,332.95066400346604,334.5074157714844,2855800
2026-04-23,HD,Home Depot,소비재,US,334.50744745169345,335.81787576813997,331.9259809451064,335.1577453613281,2712400
2026-04-24,HD,Home Depot,소비재,US,332.91125712465214,335.26609496653134,329.75830320236696,330.9505310058594,3255900
2026-04-27,HD,Home Depot,소비재,US,329.56126408981737,332.41861168305576,327.25567892552993,327.4132995605469,3282900
2026-04-28,HD,Home Depot,소비재,US,329.5316980954363,330.9899144482985,322.5459348903251,324.220947265625,4279300
2026-04-29,HD,Home Depot,소비재,US,320.8709611177203,321.0483068839262,314.35814983882847,318.0628662109375,4150000
2026-04-30,HD,Home Depot,소비재,US,317.5012539357068,325.26537852338674,317.5012539357068,323.96478271484375,4317900
2026-05-01,HD,Home Depot,소비재,US,325.24565828599395,325.6594650583568,318.60475417876165,319.11712646484375,3865300
2026-05-04,HD,Home Depot,소비재,US,317.34356938789824,317.34356938789824,307.6680023826615,307.8256530761719,6396100
2026-05-05,HD,Home Depot,소비재,US,308.8011039225745,312.959047256485,305.8353583254913,310.78155517578125,6391400
2026-05-06,HD,Home Depot,소비재,US,317.2253492112466,320.4571133614208,314.6537454823368,318.29931640625,5455900
2026-05-07,HD,Home Depot,소비재,US,320.2304978152761,322.6740083417755,317.6884217799922,317.8953552246094,4411700
2026-05-08,HD,Home Depot,소비재,US,317.93474702110166,319.2353426707153,312.14121191718147,312.78167724609375,4995500
2026-05-11,HD,Home Depot,소비재,US,311.8456552875821,312.45653296086624,305.15549837099616,306.8206481933594,4335700
2026-05-12,HD,Home Depot,소비재,US,308.6237547613812,310.150948950067,304.56431685148686,305.89447021484375,4225700
2026-05-13,HD,Home Depot,소비재,US,303.08638666631595,303.1652270544281,294.86903523029974,298.1007995605469,6307800
2026-05-14,HD,Home Depot,소비재,US,300.57390974137434,301.48039382713375,296.98745373152394,299.8743591308594,5072600
2026-05-15,HD,Home Depot,소비재,US,295.8937302385283,298.47519650583126,292.51417798992316,293.1349182128906,6121500
2026-05-18,HD,Home Depot,소비재,US,294.84933010653106,299.31271224674526,292.92799412343095,295.4010925292969,6366100
2026-05-19,HD,Home Depot,소비재,US,287.57783348316474,298.7313718247998,284.84857918279005,297.9924011230469,8692500
2026-05-20,HD,Home Depot,소비재,US,296.6327042526405,306.4363947204983,292.30727784287797,306.0126953125,5810900
2026-05-21,HD,Home Depot,소비재,US,301.85475235570635,309.3725528012548,299.9038888531578,309.1656494140625,4516600
2026-05-22,HD,Home Depot,소비재,US,309.8750586089163,310.32828556949477,306.8797555054846,308.4660949707031,2963800
2026-05-26,HD,Home Depot,소비재,US,310.42684744524456,312.1314175610734,304.41654566531474,305.97332763671875,6978200
2026-05-27,HD,Home Depot,소비재,US,310.12136308197864,316.27945210266927,309.88490208559824,313.17578125,5990100
2026-05-28,HD,Home Depot,소비재,US,312.7817028577755,317.1465496037087,310.52537038117634,316.48638916015625,6818900
2026-05-29,HD,Home Depot,소비재,US,315.7671367684214,317.36330876728886,312.3383016854047,312.47625732421875,6963300
2026-06-01,HD,Home Depot,소비재,US,310.4958029229232,311.24463622584767,303.1652107990409,306.12109375,4544200
2026-06-02,HD,Home Depot,소비재,US,305.4215416998635,307.6088962755514,304.03227311149993,306.9388732910156,4310000
2026-06-03,HD,Home Depot,소비재,US,303.4115246580221,308.9094535404009,302.60357612746606,308.3675537109375,4328300
2026-06-04,HD,Home Depot,소비재,US,315.5049467263879,318.403599213189,305.85605078553533,307.6826171875,4558600
2026-06-05,HD,Home Depot,소비재,US,308.5561528759146,311.7525986238699,306.3722648476684,308.50653076171875,3946300
2026-06-08,HD,Home Depot,소비재,US,306.62045149296284,311.4746638676563,304.8236946299612,307.4443664550781,4381800
2026-06-09,HD,Home Depot,소비재,US,309.0723663566284,320.52795549693786,308.00024998881105,318.9793395996094,4875300
2026-06-10,HD,Home Depot,소비재,US,320.9051596578416,321.6298303667879,316.4678580086006,316.5870056152344,4823800
2026-06-11,HD,Home Depot,소비재,US,319.93233407887243,324.6376494749074,316.2196730066971,323.6251220703125,4656600
2026-06-12,HD,Home Depot,소비재,US,326.0969127055492,328.59846715733096,322.9104034108394,325.98773193359375,3649000
2026-06-15,HD,Home Depot,소비재,US,331.3184370072605,335.52741021038827,327.12930659108537,327.4072570800781,4695000
2026-06-16,HD,Home Depot,소비재,US,329.48195490895256,335.7954145326594,327.33775250061905,334.6240539550781,5131500
2026-06-17,HD,Home Depot,소비재,US,333.55197998269495,338.6543633465824,323.78396663149965,325.0843811035156,6085400
2026-06-18,HD,Home Depot,소비재,US,329.27351216388143,335.5472561594589,328.4793462633244,331.8346252441406,10604400
2026-06-22,HD,Home Depot,소비재,US,327.585930781475,329.30328611244005,323.9527013683971,324.23065185546875,4713600
2026-06-23,HD,Home Depot,소비재,US,321.5007640397083,326.6130837898613,319.3466553723836,322.0765380859375,4788000
2026-06-24,HD,Home Depot,소비재,US,326.7123600579221,340.4511116799111,325.3126710965327,340.3518371582031,6385000
2026-06-25,HD,Home Depot,소비재,US,339.74631356501925,346.08958287234753,339.3194664460809,342.4761962890625,6974100
2026-06-26,HD,Home Depot,소비재,US,345.35498409810776,347.93597025012764,343.31999268085383,346.3079528808594,7771700
2026-06-29,HD,Home Depot,소비재,US,346.30796611732103,348.779771593463,343.0122759730193,348.24371337890625,5786500
2026-06-30,HD,Home Depot,소비재,US,348.1245733949154,350.91401476625776,344.7593579765289,350.1000061035156,4579000
2026-07-01,HD,Home Depot,소비재,US,351.39054305253717,354.50755727558504,348.27349853515625,348.27349853515625,4041300
2026-07-02,HD,Home Depot,소비재,US,350.2588479333682,355.5697168646199,345.1068121812833,355.2818298339844,3110500
2026-07-06,HD,Home Depot,소비재,US,355.2024317145021,356.2248957008094,343.2703427329958,348.0848693847656,4460800
2026-07-07,HD,Home Depot,소비재,US,352.46261179283084,352.81999402230383,341.96002145419817,342.6846618652344,3592800
2026-07-08,HD,Home Depot,소비재,US,335.51746569664226,335.51746569664226,328.24110074686496,333.75048828125,4192300
2026-07-09,HD,Home Depot,소비재,US,335.2891698936722,338.2374444527704,333.1548737064404,336.2520751953125,2780800
2026-07-10,HD,Home Depot,소비재,US,337.06606773965154,341.8805944502874,335.4281440922459,340.78863525390625,2748000
2026-07-13,HD,Home Depot,소비재,US,341.4835329455154,342.5853984087983,332.9762178919015,334.6439208984375,3650400
2026-07-14,HD,Home Depot,소비재,US,337.0362951640151,339.24999292947075,334.1078935040618,335.2693176269531,2807300
2026-07-15,HD,Home Depot,소비재,US,336.5101711499915,343.7170716460562,334.79284603598825,338.9422607421875,3953100
2026-07-16,HD,Home Depot,소비재,US,339.05141987244593,348.24368914862276,338.148103527179,345.4740905761719,3810300
2026-07-17,HD,Home Depot,소비재,US,346.3774576909258,351.39053349528973,335.61675940843014,336.39105224609375,4434000
2026-07-20,HD,Home Depot,소비재,US,337.4829959680537,337.7113243396537,328.98561793122497,330.60369873046875,4125300
2026-07-21,HD,Home Depot,소비재,US,328.87640129200065,330.5639772575944,324.60786955925937,329.1742248535156,3112600
2026-07-22,HD,Home Depot,소비재,US,331.0901002710247,334.097933459434,328.2907223705125,329.02532958984375,2907700
2026-07-23,HD,Home Depot,소비재,US,322.92030555418336,325.8288946116248,320.6867650845805,322.3346252441406,4523100
2026-07-24,HD,Home Depot,소비재,US,322.69201940343424,331.02062819830684,320.8654832094117,330.5441589355469,3874500
2026-07-27,HD,Home Depot,소비재,US,336.90725567373363,339.3889672822994,332.8968012318786,333.6313781738281,3622400
2026-07-28,HD,Home Depot,소비재,US,340.13347371189195,346.87378048907175,340.0937578445657,341.9500732421875,4308000
2026-07-29,HD,Home Depot,소비재,US,337.89002113209693,342.74423353473367,334.495026147691,335.7954406738281,4028500
2026-07-30,HD,Home Depot,소비재,US,332.5394250801792,333.23431646100056,327.8341094785939,330.91143798828125,6275400
2026-07-31,HD,Home Depot,소비재,US,330.0080852280822,331.55667084801746,326.39469858534585,329.5315856933594,4961900
2026-08-03,HD,Home Depot,소비재,US,337.3142314565633,341.126167165973,331.27872212293863,337.5326232910156,2908100
2026-08-04,HD,Home Depot,소비재,US,337.741121159039,348.29333390946084,336.8675537894677,345.6925048828125,4275000
2026-08-05,HD,Home Depot,소비재,US,347.59845998552333,351.95632983727285,345.6031541488199,350.5566711425781,3140400
2026-08-06,HD,Home Depot,소비재,US,350.9140306560572,350.9636527717977,344.967859180145,346.963134765625,2622400
2026-08-07,HD,Home Depot,소비재,US,348.9386046403958,354.21966416090896,346.1888486641563,353.0185241699219,3584800
2026-08-10,HD,Home Depot,소비재,US,349.52427926105196,351.41037408001614,344.52114002902516,348.21392822265625,3124800
2026-08-11,HD,Home Depot,소비재,US,349.71288949562955,355.7384623950411,348.0352499864083,351.8868713378906,2549700
2026-08-12,HD,Home Depot,소비재,US,349.4250091127092,351.28132462652724,340.5206262766717,340.9176940917969,3965800
2026-08-13,HD,Home Depot,소비재,US,344.4615642861647,345.206077753642,338.0190507751135,339.2003479003906,2439900
2026-08-14,HD,Home Depot,소비재,US,338.3168506868042,338.3168506868042,333.5519765191293,336.381103515625,3073100
2026-08-17,HD,Home Depot,소비재,US,332.26147100502055,336.95688030952056,330.4548079641576,335.4082946777344,5580000
2026-08-18,HD,Home Depot,소비재,US,334.31635102921473,342.01959397178314,328.27090486006995,335.0211486816406,6603400
2026-08-19,HD,Home Depot,소비재,US,338.92240470580333,347.8366934263856,338.92240470580333,341.78131103515625,4971000
2026-08-20,HD,Home Depot,소비재,US,333.54205438988197,336.40099113174557,329.1643112906949,332.0430908203125,4027700
2026-08-21,HD,Home Depot,소비재,US,334.0582233645888,336.10315129465374,330.5639843459303,333.1548767089844,3422800
2026-08-24,HD,Home Depot,소비재,US,333.4229292601251,339.7165463845368,332.7081950914107,334.9615783691406,3298600
2026-08-25,HD,Home Depot,소비재,US,336.8873851133212,337.0065024243307,331.25888010780307,335.4082946777344,2528100
2026-08-26,HD,Home Depot,소비재,US,336.94693389837937,336.9568704387829,332.06294252407247,332.40045166015625,4258100
2026-08-27,HD,Home Depot,소비재,US,328.1517689125653,329.5812372185705,325.4814448058147,326.2060852050781,3618000
2026-08-28,HD,Home Depot,소비재,US,328.08226594055674,329.1841313242223,325.1042120893565,327.7745361328125,3136100
2026-08-31,HD,Home Depot,소비재,US,325.838797551875,326.8414187355763,323.36702248478053,325.4317932128906,3858700
2026-09-01,HD,Home Depot,소비재,US,323.62512835314175,324.43910673216897,316.4678503051231,317.4307556152344,3291000
2026-09-02,HD,Home Depot,소비재,US,319.1481100391916,319.81322207391105,315.38582679146464,316.17999267578125,3499300
2026-09-03,HD,Home Depot,소비재,US,318.2099914550781,320.44000244140625,315.2099914550781,318.07000732421875,3377700
2026-09-04,HD,Home Depot,소비재,US,316.70001220703125,321.79998779296875,316.1000061035156,321.04998779296875,2261000
2026-09-08,HD,Home Depot,소비재,US,320.7300109863281,321.5,313.239990234375,313.70001220703125,5655700
2026-09-09,HD,Home Depot,소비재,US,310.4700012207031,313.3900146484375,309.8399963378906,310.45001220703125,3611700
2026-09-10,HD,Home Depot,소비재,US,308.1300048828125,308.2799987792969,304.29998779296875,305.69000244140625,4493800
2026-09-11,HD,Home Depot,소비재,US,309.0899963378906,311.2099914550781,307.8999938964844,308.739990234375,3488800
2026-09-14,HD,Home Depot,소비재,US,307.1700134277344,312.6700134277344,306.5,310.8699951171875,4178400
2026-09-15,HD,Home Depot,소비재,US,310.6000061035156,311.1300048828125,304.32000732421875,305.4800109863281,4494200
2026-09-16,HD,Home Depot,소비재,US,307.489990234375,308.79998779296875,302.4700012207031,302.4700012207031,3720400
2026-09-17,HD,Home Depot,소비재,US,307.010009765625,310.3999938964844,302.5,302.510009765625,4152600
2025-09-18,RACE,Ferrari,소비재,IT,470.73719343245966,479.5554045801251,470.1736895568016,478.2504577636719,365500
2025-09-19,RACE,Ferrari,소비재,IT,476.72805773787485,476.9455488774894,469.5904323715671,474.1181640625,456600
2025-09-22,RACE,Ferrari,소비재,IT,468.888521955249,473.9797878158698,468.29539171502165,472.2892761230469,327300
2025-09-23,RACE,Ferrari,소비재,IT,481.92803588843424,485.4078942095633,479.33793326857034,480.9493408203125,426300
2025-09-24,RACE,Ferrari,소비재,IT,474.0588390236721,476.0310724011861,472.48698362377826,475.11663818359375,324900
2025-09-25,RACE,Ferrari,소비재,IT,469.2839657376921,470.70753860265415,463.4779570244434,467.77142333984375,353600
2025-09-26,RACE,Ferrari,소비재,IT,468.690797757564,470.6383223975724,466.8322426490008,469.9364013671875,183500
2025-09-29,RACE,Ferrari,소비재,IT,476.1348964008793,477.5979911832217,474.63221937764206,476.54022216796875,249000
2025-09-30,RACE,Ferrari,소비재,IT,476.59953161579364,479.9804945539366,475.3192935214555,479.6839294433594,229900
2025-10-01,RACE,Ferrari,소비재,IT,477.26186411318565,485.38807989892774,476.2535125811557,484.6466369628906,375100
2025-10-02,RACE,Ferrari,소비재,IT,496.18350281796074,498.7340532459452,490.74625461492235,498.338623046875,482600
2025-10-03,RACE,Ferrari,소비재,IT,493.74167799211403,498.0321574568644,492.0116444900668,495.4321594238281,479400
2025-10-06,RACE,Ferrari,소비재,IT,495.6793204225022,495.6793204225022,484.87403241351853,485.92193603515625,440900
2025-10-07,RACE,Ferrari,소비재,IT,487.7903716133049,489.3523314370978,483.4059446859035,485.2595520019531,407800
2025-10-08,RACE,Ferrari,소비재,IT,482.60028616808125,484.9432410614812,471.5676114588058,473.74249267578125,488300
2025-10-09,RACE,Ferrari,소비재,IT,414.3974130299454,418.0749713802075,398.26360670818974,402.7320556640625,4872900
2025-10-10,RACE,Ferrari,소비재,IT,407.5365841716535,408.2681617396028,388.891779713616,391.205078125,2619600
2025-10-13,RACE,Ferrari,소비재,IT,382.29784623823025,382.72296310690797,373.33135280587163,374.3990173339844,2624300
2025-10-14,RACE,Ferrari,소비재,IT,371.5222245104599,382.19899073699963,368.0621574706418,377.8294372558594,1839400
2025-10-15,RACE,Ferrari,소비재,IT,376.77659704560136,387.2902678597409,375.35797193075535,385.1153564453125,1534700
2025-10-16,RACE,Ferrari,소비재,IT,388.783025281969,395.71305523612625,386.3214442732813,387.9822692871094,1365100
2025-10-17,RACE,Ferrari,소비재,IT,388.516115672239,396.2765581133109,387.08264719805805,394.5267333984375,1154800
2025-10-20,RACE,Ferrari,소비재,IT,391.1803785907231,394.4970808630233,389.3465321016588,393.7655334472656,642100
2025-10-21,RACE,Ferrari,소비재,IT,393.90394458005835,396.64232973629186,391.1586204637851,395.8909912109375,739400
2025-10-22,RACE,Ferrari,소비재,IT,394.5662612032225,394.9320348849176,387.6955748828511,389.5639953613281,948900
2025-10-23,RACE,Ferrari,소비재,IT,394.3389128759169,400.2506652649669,392.79668380769687,398.25372314453125,649100
2025-10-24,RACE,Ferrari,소비재,IT,404.3039016434287,406.69726960677525,402.9000897073321,403.65142822265625,710200
2025-10-27,RACE,Ferrari,소비재,IT,403.5031522126844,405.2628423144505,402.44535300565985,402.8111267089844,445800
2025-10-28,RACE,Ferrari,소비재,IT,401.06132148349906,401.06132148349906,394.99630852013155,397.6803283691406,686100
2025-10-29,RACE,Ferrari,소비재,IT,393.52826798585215,394.13129377146885,384.7130133155042,386.9739074707031,1046900
2025-10-30,RACE,Ferrari,소비재,IT,383.5731478604404,392.213419938968,382.9107788924382,391.48187255859375,605700
2025-10-31,RACE,Ferrari,소비재,IT,395.43624157017564,400.32977712736295,392.91534759792216,399.3411865234375,1015700
2025-11-03,RACE,Ferrari,소비재,IT,391.62028234909116,392.60887291774816,385.8765433893553,387.5571594238281,943200
2025-11-04,RACE,Ferrari,소비재,IT,391.16552852051507,402.30892510510887,390.681128771862,394.8332214355469,1571400
2025-11-05,RACE,Ferrari,소비재,IT,399.3510491272851,404.38297164582167,399.3510491272851,402.0301513671875,741600
2025-11-06,RACE,Ferrari,소비재,IT,403.01875535773297,404.6301327421483,397.91762408722485,400.99212646484375,828100
2025-11-07,RACE,Ferrari,소비재,IT,402.3563657129118,408.67839160557764,401.6643402397526,408.5449523925781,627100
2025-11-10,RACE,Ferrari,소비재,IT,406.7259678787069,410.0179613827267,406.39476829764135,406.7061767578125,541800
2025-11-11,RACE,Ferrari,소비재,IT,413.0430437899589,418.6088137977077,413.01338727818757,417.6399841308594,868900
2025-11-12,RACE,Ferrari,소비재,IT,425.09396092815865,427.42702027892176,413.6559603667169,414.7335205078125,977600
2025-11-13,RACE,Ferrari,소비재,IT,415.20804557922776,420.33883312743654,412.60804751433153,413.04302978515625,636500
2025-11-14,RACE,Ferrari,소비재,IT,410.18601840610245,414.74340651723827,409.11832368047624,412.40045166015625,571700
2025-11-17,RACE,Ferrari,소비재,IT,403.9084586440948,407.5267037704955,399.7267096490454,400.7548522949219,751300
2025-11-18,RACE,Ferrari,소비재,IT,394.56627542879926,395.16933138285793,389.90012659021403,393.2909851074219,585700
2025-11-19,RACE,Ferrari,소비재,IT,390.24614224622314,390.24614224622314,384.91762439136977,385.38226318359375,504200
2025-11-20,RACE,Ferrari,소비재,IT,389.48492572597627,389.48492572597627,378.64995129849643,378.7784729003906,574700
2025-11-21,RACE,Ferrari,소비재,IT,386.074280519422,386.29177165521656,382.85146555339105,384.74957275390625,786500
2025-11-24,RACE,Ferrari,소비재,IT,385.99520316172226,386.5982289328604,376.72221871504905,377.22637939453125,1090800
2025-11-25,RACE,Ferrari,소비재,IT,377.47352601480833,384.46286862139874,376.89520897580576,380.74578857421875,653700
2025-11-26,RACE,Ferrari,소비재,IT,379.7967244366412,382.58455713236805,377.53287371458913,378.4324645996094,538900
2025-11-28,RACE,Ferrari,소비재,IT,384.14652187141627,388.3282709681975,383.6621221318761,387.42864990234375,349600
2025-12-01,RACE,Ferrari,소비재,IT,383.5237320535721,386.1583042580503,382.2583373031835,382.5153503417969,405200
2025-12-02,RACE,Ferrari,소비재,IT,381.21039354525175,383.4653744180593,379.95489438783596,382.1495666503906,454200
2025-12-03,RACE,Ferrari,소비재,IT,383.59292243667727,392.2826424548672,383.4841919495229,389.3465270996094,563900
2025-12-04,RACE,Ferrari,소비재,IT,395.3966953096479,395.3966953096479,388.19975681407453,388.7434997558594,355200
2025-12-05,RACE,Ferrari,소비재,IT,390.0187450950154,394.4970592194794,387.69063358552904,388.72369384765625,469200
2025-12-08,RACE,Ferrari,소비재,IT,381.4279022214693,382.0803756451484,376.0994145155102,378.6104431152344,776700
2025-12-09,RACE,Ferrari,소비재,IT,377.0385698213791,378.84767727962065,370.7214616338315,371.0674743652344,738200
2025-12-10,RACE,Ferrari,소비재,IT,359.3526882654282,361.1716913752481,352.85764068941285,359.88653564453125,1514200
2025-12-11,RACE,Ferrari,소비재,IT,366.13439113294527,367.7457985984299,361.82415070422405,363.76177978515625,785500
2025-12-12,RACE,Ferrari,소비재,IT,362.39754122951393,364.95801751987807,361.6758893753192,362.9412841796875,908100
2025-12-15,RACE,Ferrari,소비재,IT,365.52147832691145,366.8560816690995,362.4963935082936,364.3945007324219,684800
2025-12-16,RACE,Ferrari,소비재,IT,362.40743707854705,367.47200306984996,361.7648592000048,366.1937561035156,655900
2025-12-17,RACE,Ferrari,소비재,IT,361.6956303244109,364.33318926521076,359.75800123693165,361.3397521972656,648500
2025-12-18,RACE,Ferrari,소비재,IT,364.18690942721514,368.9123713379004,363.07966260133736,368.3982849121094,813000
2025-12-19,RACE,Ferrari,소비재,IT,375.1009155584832,376.5640404740791,372.69864769595074,373.97393798828125,561400
2025-12-22,RACE,Ferrari,소비재,IT,373.39068700191496,375.3085552067617,370.84505410292877,370.9686279296875,529100
2025-12-23,RACE,Ferrari,소비재,IT,372.65910180577373,375.37772593882846,371.0180377996756,371.62109375,441300
2025-12-24,RACE,Ferrari,소비재,IT,370.78077836742926,373.6378196083404,370.7708828074818,372.0461730957031,123000
2025-12-26,RACE,Ferrari,소비재,IT,372.3427750529812,374.29820410634477,371.7100625927924,373.8157653808594,173300
2025-12-29,RACE,Ferrari,소비재,IT,372.8172854491158,373.28192424188484,369.5351573882534,371.4629211425781,418600
2025-12-30,RACE,Ferrari,소비재,IT,371.3936963165761,372.20434782074364,367.43833846566866,368.230224609375,348300
2025-12-31,RACE,Ferrari,소비재,IT,367.3602696299151,367.7903041234259,365.07662777837794,365.3435363769531,237800
2026-01-02,RACE,Ferrari,소비재,IT,366.82642556352295,368.54656355304155,365.03213121125987,367.64697265625,477200
2026-01-05,RACE,Ferrari,소비재,IT,365.49182522480476,375.71879627102015,364.33519110834,374.9427490234375,646000
2026-01-06,RACE,Ferrari,소비재,IT,373.45986505449116,373.48952156610886,367.12498678393746,367.7161560058594,485000
2026-01-07,RACE,Ferrari,소비재,IT,366.8165228546999,368.052261080419,362.4370738234051,362.6249084472656,671900
2026-01-08,RACE,Ferrari,소비재,IT,359.8074316334854,372.3032314830281,359.8074316334854,366.61883544921875,873300
2026-01-09,RACE,Ferrari,소비재,IT,375.54578979300726,376.079637147148,370.46441979226046,371.89788818359375,670100
2026-01-12,RACE,Ferrari,소비재,IT,370.95873349086895,374.4880092344221,369.58460822124096,372.8963928222656,448900
2026-01-13,RACE,Ferrari,소비재,IT,368.46750243925055,369.10018475714656,354.08352077731075,355.9815979003906,1070100
2026-01-14,RACE,Ferrari,소비재,IT,356.8021179311929,359.5751072093301,346.6591691387378,349.3580322265625,1334600
2026-01-15,RACE,Ferrari,소비재,IT,351.9777959992321,352.4523001657828,349.33824589523385,350.5245666503906,506200
2026-01-16,RACE,Ferrari,소비재,IT,346.40213411254587,347.88501998646035,340.9599381281772,341.2911376953125,1060300
2026-01-20,RACE,Ferrari,소비재,IT,336.1207933555445,338.4785915160815,331.8204183478529,332.9375305175781,1434300
2026-01-21,RACE,Ferrari,소비재,IT,334.1535057408129,338.4736416725593,329.5367745386329,337.7816162109375,1485200
2026-01-22,RACE,Ferrari,소비재,IT,336.1306849610847,337.5542577768061,333.0660482003125,333.69873046875,729400
2026-01-23,RACE,Ferrari,소비재,IT,331.523861178465,334.7169894833456,329.85314066384217,334.6675720214844,870300
2026-01-26,RACE,Ferrari,소비재,IT,336.9808649753854,338.0979771539027,333.4417239861422,336.565673828125,642200
2026-01-27,RACE,Ferrari,소비재,IT,334.1980017369772,334.9048404246148,331.0443951801987,333.55047607421875,450800
2026-01-28,RACE,Ferrari,소비재,IT,330.88129893290704,334.5786182684705,328.84480463016854,329.6554260253906,497400
2026-01-29,RACE,Ferrari,소비재,IT,331.217403406822,335.98238717491,331.1778513353525,334.5885009765625,488000
2026-01-30,RACE,Ferrari,소비재,IT,330.10029128721203,331.4843120950985,327.23338457743483,329.3687438964844,531300
2026-02-02,RACE,Ferrari,소비재,IT,331.91930648612663,334.5390656411931,330.64401611653125,332.49267578125,470200
2026-02-03,RACE,Ferrari,소비재,IT,330.13982755152756,332.0181435701101,324.2577016879088,326.5512390136719,586800
2026-02-04,RACE,Ferrari,소비재,IT,338.71090658036377,341.73303480282374,333.9360272563958,335.45843505859375,689800
2026-02-05,RACE,Ferrari,소비재,IT,332.0181729718449,334.0151152066347,328.1626755039872,330.94061279296875,451900
2026-02-06,RACE,Ferrari,소비재,IT,328.28128192710085,330.8417279151033,327.27290022467724,329.9816589355469,732000
2026-02-09,RACE,Ferrari,소비재,IT,330.13983219535726,334.36605083896245,329.6554023019343,332.2949523925781,647000
2026-02-10,RACE,Ferrari,소비재,IT,358.1268282029974,367.429469052232,353.599066514473,359.07586669921875,2403400
2026-02-11,RACE,Ferrari,소비재,IT,376.7716341739107,381.0423526878755,372.90129363504315,378.59063720703125,3085900
2026-02-12,RACE,Ferrari,소비재,IT,385.55033481499464,389.0104019223087,381.1718812782917,386.74652099609375,1332600
2026-02-13,RACE,Ferrari,소비재,IT,380.9632611237165,381.3389303807804,373.35113156560783,374.7549133300781,1046900
2026-02-17,RACE,Ferrari,소비재,IT,372.83707228851466,373.68724572075166,368.33896696987114,370.7115783691406,576000
2026-02-18,RACE,Ferrari,소비재,IT,361.2804376057134,366.0652123671179,360.31160798148983,362.2492370605469,553300
2026-02-19,RACE,Ferrari,소비재,IT,355.6454644508934,364.5921972150499,355.6454644508934,362.3184509277344,804800
2026-02-20,RACE,Ferrari,소비재,IT,356.3869146833499,364.0583874663839,356.3869146833499,362.7633361816406,606900
2026-02-23,RACE,Ferrari,소비재,IT,357.3359516765651,358.7101070989793,352.72911583641354,354.3306579589844,498500
2026-02-24,RACE,Ferrari,소비재,IT,365.7785201864321,373.91463164507314,365.6895506532001,369.65380859375,759300
2026-02-25,RACE,Ferrari,소비재,IT,376.8210951706698,377.3994122286821,368.3488664229459,369.0804138183594,631900
2026-02-26,RACE,Ferrari,소비재,IT,373.80586073915003,375.817646165325,370.2469286605283,371.89788818359375,532700
2026-02-27,RACE,Ferrari,소비재,IT,370.5336439629805,376.20814440776223,370.14810931332784,375.5853576660156,574400
2026-03-02,RACE,Ferrari,소비재,IT,358.76941468701443,364.0336414778606,355.98158198217385,358.6112365722656,873000
2026-03-03,RACE,Ferrari,소비재,IT,345.8040688872043,357.1086002032115,343.80214874798713,357.0097351074219,742000
2026-03-04,RACE,Ferrari,소비재,IT,358.53215772852667,362.0811942785747,358.0477278307554,360.9245300292969,374600
2026-03-05,RACE,Ferrari,소비재,IT,357.20743585893064,359.83709053146754,349.17021945142,353.9450988769531,576500
2026-03-06,RACE,Ferrari,소비재,IT,343.13980422452954,347.8306618071494,343.11014771322476,346.0857849121094,478300
2026-03-09,RACE,Ferrari,소비재,IT,336.3778325140007,343.8317835903793,333.0561525550402,342.6257019042969,763300
2026-03-10,RACE,Ferrari,소비재,IT,344.48427314345076,349.5557477649665,341.399875288571,342.60595703125,519300
2026-03-11,RACE,Ferrari,소비재,IT,344.316214342041,347.45002952012754,336.12079015810974,336.72381591796875,386300
2026-03-12,RACE,Ferrari,소비재,IT,333.1945822859233,336.2394280412471,330.4067495698822,330.73297119140625,546900
2026-03-13,RACE,Ferrari,소비재,IT,329.3588553442125,332.1812924318464,327.0159003964754,328.07366943359375,879600
2026-03-16,RACE,Ferrari,소비재,IT,326.7390858585249,330.653896151131,325.5774738125619,330.5451354980469,662200
2026-03-17,RACE,Ferrari,소비재,IT,334.12384652535104,337.0204096098547,332.3147089154631,332.6409606933594,554700
2026-03-18,RACE,Ferrari,소비재,IT,328.6371529780624,332.36415870173084,326.69952392578125,326.69952392578125,567300
2026-03-19,RACE,Ferrari,소비재,IT,319.4729368670601,320.04630613146605,310.57562160768214,317.34747314453125,1140000
2026-03-20,RACE,Ferrari,소비재,IT,313.9368157853734,314.9451672954818,308.9444455256807,311.0402526855469,941300
2026-03-23,RACE,Ferrari,소비재,IT,324.8607370580845,330.5649240314537,322.7698776288598,325.40447998046875,852700
2026-03-24,RACE,Ferrari,소비재,IT,319.32467251513043,324.15886506019694,317.25852169634,318.345947265625,515000
2026-03-25,RACE,Ferrari,소비재,IT,320.2539221577474,321.7071514794552,313.8775010142687,318.4942321777344,530000
2026-03-26,RACE,Ferrari,소비재,IT,317.33757216896356,324.04021500986886,316.90258990571033,319.88812255859375,630200
2026-03-27,RACE,Ferrari,소비재,IT,320.66913381760344,321.42047234121696,312.85927397210577,313.7786560058594,510800
2026-03-30,RACE,Ferrari,소비재,IT,326.452390675227,329.62575806873303,323.0219800703061,323.46685791015625,763900
2026-03-31,RACE,Ferrari,소비재,IT,324.326925711069,338.6416983051541,323.7831827788839,334.5885009765625,1429700
2026-04-01,RACE,Ferrari,소비재,IT,341.9534818714714,342.1314209384874,336.723829159748,338.5230712890625,1024000
2026-04-02,RACE,Ferrari,소비재,IT,333.92611633616445,338.68717786011234,331.82041362770013,336.12078857421875,586300
2026-04-06,RACE,Ferrari,소비재,IT,334.82576645677506,338.08614249230095,333.96569742661126,334.4204406738281,322200
2026-04-07,RACE,Ferrari,소비재,IT,332.99686698758904,333.51092325852846,326.6501319845065,330.7527770996094,627200
2026-04-08,RACE,Ferrari,소비재,IT,357.83024966718,358.11694939224583,347.1584308996808,347.2918701171875,862400
2026-04-09,RACE,Ferrari,소비재,IT,343.5154756657362,350.69262297166944,342.20063326094754,348.2013854980469,565100
2026-04-10,RACE,Ferrari,소비재,IT,352.10631905026213,353.3222661514438,346.8568753310654,347.8751525878906,574700
2026-04-13,RACE,Ferrari,소비재,IT,342.6455017137771,351.6021299720663,341.88031546718764,351.08807373046875,445500
2026-04-14,RACE,Ferrari,소비재,IT,353.6583805092726,356.26827409280924,353.2135328548447,354.0439453125,459800
2026-04-15,RACE,Ferrari,소비재,IT,352.926831999133,354.1032571860146,350.41580351451114,352.98614501953125,405200
2026-04-16,RACE,Ferrari,소비재,IT,358.2850095548486,358.9473483454043,351.68120158347506,352.4523010253906,501900
2026-04-17,RACE,Ferrari,소비재,IT,371.8089277251273,375.3184122593491,368.15113046657706,368.59600830078125,866600
2026-04-20,RACE,Ferrari,소비재,IT,369.3999938964844,372.8500061035156,368.1499938964844,372.8399963378906,564900
2026-04-21,RACE,Ferrari,소비재,IT,367.4800109863281,368.8999938964844,358.1499938964844,358.5,495900
2026-04-22,RACE,Ferrari,소비재,IT,360.7099914550781,364.0,358.44000244140625,358.5799865722656,499900
2026-04-23,RACE,Ferrari,소비재,IT,357.0,359.7200012207031,351.5899963378906,354.19000244140625,438800
2026-04-24,RACE,Ferrari,소비재,IT,352.1499938964844,353.2200012207031,350.0,351.95001220703125,333400
2026-04-27,RACE,Ferrari,소비재,IT,350.0,351.95001220703125,346.3399963378906,347.80999755859375,431600
2026-04-28,RACE,Ferrari,소비재,IT,343.8699951171875,345.0299987792969,339.9289855957031,342.7099914550781,451900
2026-04-29,RACE,Ferrari,소비재,IT,339.2200012207031,339.6300048828125,337.0199890136719,337.5400085449219,304500
2026-04-30,RACE,Ferrari,소비재,IT,340.8399963378906,347.4100036621094,339.260009765625,347.29998779296875,556800
2026-05-01,RACE,Ferrari,소비재,IT,346.8999938964844,349.67999267578125,339.45001220703125,341.260009765625,601600
2026-05-04,RACE,Ferrari,소비재,IT,338.45001220703125,343.4100036621094,337.30999755859375,338.9100036621094,840700
2026-05-05,RACE,Ferrari,소비재,IT,333.5,333.7900085449219,322.6050109863281,325.44000244140625,1159200
2026-05-06,RACE,Ferrari,소비재,IT,337.0,338.6000061035156,332.6600036621094,336.25,673200
2026-05-07,RACE,Ferrari,소비재,IT,339.010009765625,342.8699951171875,335.79998779296875,337.4599914550781,696700
2026-05-08,RACE,Ferrari,소비재,IT,342.9700012207031,343.7699890136719,338.1499938964844,339.69000244140625,699200
2026-05-11,RACE,Ferrari,소비재,IT,333.6099853515625,333.6600036621094,327.8599853515625,329.260009765625,556800
2026-05-12,RACE,Ferrari,소비재,IT,328.0299987792969,330.2799987792969,326.5199890136719,329.260009765625,423800
2026-05-13,RACE,Ferrari,소비재,IT,324.7699890136719,334.1199951171875,324.0899963378906,333.0899963378906,644700
2026-05-14,RACE,Ferrari,소비재,IT,334.4150085449219,336.5400085449219,331.4599914550781,332.2099914550781,332100
2026-05-15,RACE,Ferrari,소비재,IT,325.4200134277344,328.6300048828125,321.0799865722656,321.20001220703125,665900
2026-05-18,RACE,Ferrari,소비재,IT,321.3699951171875,325.2699890136719,319.7200012207031,324.7699890136719,498200
2026-05-19,RACE,Ferrari,소비재,IT,330.29998779296875,336.1199951171875,329.0,329.6600036621094,478400
2026-05-20,RACE,Ferrari,소비재,IT,329.1300048828125,342.1600036621094,328.6300048828125,341.80999755859375,719400
2026-05-21,RACE,Ferrari,소비재,IT,344.5400085449219,352.1300048828125,341.9700012207031,349.3900146484375,556100
2026-05-22,RACE,Ferrari,소비재,IT,351.07000732421875,353.2799987792969,346.7300109863281,348.239990234375,688300
2026-05-26,RACE,Ferrari,소비재,IT,333.2900085449219,334.1300048828125,327.3800048828125,329.9100036621094,2137300
2026-05-27,RACE,Ferrari,소비재,IT,328.54998779296875,333.30999755859375,327.20001220703125,333.2200012207031,1363400
2026-05-28,RACE,Ferrari,소비재,IT,335.0,349.7900085449219,335.0,346.3500061035156,1415700
2026-05-29,RACE,Ferrari,소비재,IT,348.2699890136719,350.7699890136719,340.2300109863281,340.2300109863281,741200
2026-06-01,RACE,Ferrari,소비재,IT,345.67999267578125,350.9599914550781,343.92999267578125,349.239990234375,677400
2026-06-02,RACE,Ferrari,소비재,IT,355.9800109863281,358.3900146484375,350.8399963378906,353.80999755859375,573300
2026-06-03,RACE,Ferrari,소비재,IT,348.29998779296875,350.3299865722656,344.3399963378906,344.3999938964844,463900
2026-06-04,RACE,Ferrari,소비재,IT,352.2699890136719,354.7099914550781,347.2330017089844,349.9200134277344,406600
2026-06-05,RACE,Ferrari,소비재,IT,348.5799865722656,350.7300109863281,345.2699890136719,346.989990234375,458800
2026-06-08,RACE,Ferrari,소비재,IT,350.0950012207031,355.2699890136719,347.5799865722656,351.57000732421875,689200
2026-06-09,RACE,Ferrari,소비재,IT,355.489990234375,363.0950012207031,352.7699890136719,357.5199890136719,617800
2026-06-10,RACE,Ferrari,소비재,IT,353.5899963378906,355.489990234375,346.55999755859375,346.55999755859375,439500
2026-06-11,RACE,Ferrari,소비재,IT,354.79998779296875,367.1199951171875,354.57000732421875,365.6199951171875,690000
2026-06-12,RACE,Ferrari,소비재,IT,360.45001220703125,360.8800048828125,352.989990234375,354.9100036621094,362600
2026-06-15,RACE,Ferrari,소비재,IT,372.0,375.625,368.8900146484375,369.05999755859375,700100
2026-06-16,RACE,Ferrari,소비재,IT,369.0,372.4200134277344,365.4200134277344,366.1300048828125,423100
2026-06-17,RACE,Ferrari,소비재,IT,358.4200134277344,361.6929931640625,353.0799865722656,354.2799987792969,547700
2026-06-18,RACE,Ferrari,소비재,IT,357.0799865722656,363.0899963378906,356.8399963378906,362.1300048828125,476400
2026-06-22,RACE,Ferrari,소비재,IT,348.3999938964844,352.7149963378906,346.8699951171875,348.4200134277344,533500
2026-06-23,RACE,Ferrari,소비재,IT,347.1099853515625,347.4100036621094,343.3800048828125,344.8699951171875,472400
2026-06-24,RACE,Ferrari,소비재,IT,349.6199951171875,351.80999755859375,345.8399963378906,348.75,395400
2026-06-25,RACE,Ferrari,소비재,IT,348.9200134277344,357.0199890136719,348.67999267578125,352.20001220703125,859000
2026-06-26,RACE,Ferrari,소비재,IT,353.45001220703125,368.989990234375,352.8500061035156,368.3399963378906,519500
2026-06-29,RACE,Ferrari,소비재,IT,370.135009765625,373.260009765625,367.5799865722656,368.3399963378906,1049000
2026-06-30,RACE,Ferrari,소비재,IT,366.54998779296875,373.4800109863281,364.0899963378906,372.2900085449219,594500
2026-07-01,RACE,Ferrari,소비재,IT,374.42999267578125,378.79998779296875,370.010009765625,374.6600036621094,692900
2026-07-02,RACE,Ferrari,소비재,IT,380.0,385.489990234375,376.9700012207031,384.9700012207031,624000
2026-07-06,RACE,Ferrari,소비재,IT,386.7300109863281,392.25,382.8800048828125,391.8599853515625,662300
2026-07-07,RACE,Ferrari,소비재,IT,398.1700134277344,398.4100036621094,386.9150085449219,386.989990234375,366100
2026-07-08,RACE,Ferrari,소비재,IT,378.6600036621094,379.5400085449219,372.7799987792969,375.0299987792969,403100
2026-07-09,RACE,Ferrari,소비재,IT,372.0199890136719,376.739990234375,371.5,374.6700134277344,287800
2026-07-10,RACE,Ferrari,소비재,IT,379.29998779296875,380.3399963378906,376.0199890136719,376.6400146484375,250100
2026-07-13,RACE,Ferrari,소비재,IT,376.0299987792969,380.04998779296875,372.2799987792969,372.9800109863281,304300
2026-07-14,RACE,Ferrari,소비재,IT,370.760009765625,373.6300048828125,369.0899963378906,369.1600036621094,281200
2026-07-15,RACE,Ferrari,소비재,IT,372.5,377.92999267578125,371.9599914550781,375.739990234375,313300
2026-07-16,RACE,Ferrari,소비재,IT,377.9200134277344,382.9599914550781,376.8800048828125,382.5799865722656,364100
2026-07-17,RACE,Ferrari,소비재,IT,379.05999755859375,379.5799865722656,375.625,376.8299865722656,343100
2026-07-20,RACE,Ferrari,소비재,IT,375.6499938964844,375.75,370.9649963378906,371.5199890136719,322900
2026-07-21,RACE,Ferrari,소비재,IT,370.6700134277344,371.5899963378906,367.2099914550781,369.9700012207031,211700
2026-07-22,RACE,Ferrari,소비재,IT,374.05999755859375,374.9599914550781,371.6099853515625,371.6099853515625,219700
2026-07-23,RACE,Ferrari,소비재,IT,364.2799987792969,364.6600036621094,357.6700134277344,359.44000244140625,367200
2026-07-24,RACE,Ferrari,소비재,IT,357.55999755859375,363.010009765625,356.32000732421875,360.1400146484375,277200
2026-07-27,RACE,Ferrari,소비재,IT,372.010009765625,380.7099914550781,372.010009765625,380.010009765625,707300
2026-07-28,RACE,Ferrari,소비재,IT,384.6499938964844,391.19500732421875,382.45001220703125,390.1400146484375,642500
2026-07-29,RACE,Ferrari,소비재,IT,387.2900085449219,391.0,382.0,385.69000244140625,839900
2026-07-30,RACE,Ferrari,소비재,IT,390.0,403.0,381.43499755859375,397.7300109863281,1165500
2026-07-31,RACE,Ferrari,소비재,IT,397.29998779296875,398.2099914550781,388.3999938964844,393.8699951171875,819000
2026-08-03,RACE,Ferrari,소비재,IT,404.7200012207031,408.9100036621094,396.4100036621094,401.2799987792969,693000
2026-08-04,RACE,Ferrari,소비재,IT,400.0,405.92999267578125,399.20001220703125,402.7900085449219,466300
2026-08-05,RACE,Ferrari,소비재,IT,406.70001220703125,408.1700134277344,405.3599853515625,406.79998779296875,474700
2026-08-06,RACE,Ferrari,소비재,IT,411.7900085449219,414.5199890136719,405.29998779296875,407.2799987792969,723800
2026-08-07,RACE,Ferrari,소비재,IT,410.75,413.2900085449219,409.6400146484375,412.260009765625,621800
2026-08-10,RACE,Ferrari,소비재,IT,408.1700134277344,408.29998779296875,404.510009765625,406.7699890136719,410400
2026-08-11,RACE,Ferrari,소비재,IT,410.1300048828125,412.7200012207031,407.79998779296875,410.260009765625,257700
2026-08-12,RACE,Ferrari,소비재,IT,408.92999267578125,410.260009765625,404.6199951171875,407.2099914550781,377300
2026-08-13,RACE,Ferrari,소비재,IT,410.0050048828125,413.3999938964844,408.9200134277344,412.2900085449219,340900
2026-08-14,RACE,Ferrari,소비재,IT,416.30999755859375,417.7799987792969,412.42999267578125,414.8500061035156,291200
2026-08-17,RACE,Ferrari,소비재,IT,416.54998779296875,420.3599853515625,416.2099914550781,417.1000061035156,475400
2026-08-18,RACE,Ferrari,소비재,IT,414.3900146484375,415.94000244140625,412.42999267578125,412.44000244140625,220500
2026-08-19,RACE,Ferrari,소비재,IT,413.42999267578125,425.25,413.42999267578125,425.17999267578125,355000
2026-08-20,RACE,Ferrari,소비재,IT,423.0,428.4700012207031,422.54998779296875,428.3699951171875,587300
2026-08-21,RACE,Ferrari,소비재,IT,433.5,437.1499938964844,432.125,436.5400085449219,444100
2026-08-24,RACE,Ferrari,소비재,IT,429.760009765625,430.0899963378906,422.04998779296875,424.44000244140625,502800
2026-08-25,RACE,Ferrari,소비재,IT,419.70001220703125,424.2200012207031,419.510009765625,421.8500061035156,269200
2026-08-26,RACE,Ferrari,소비재,IT,419.2699890136719,419.2699890136719,412.4800109863281,412.8299865722656,489700
2026-08-27,RACE,Ferrari,소비재,IT,411.30999755859375,416.3900146484375,411.30999755859375,414.0400085449219,301700
2026-08-28,RACE,Ferrari,소비재,IT,422.760009765625,425.7300109863281,418.6499938964844,420.5400085449219,319100
2026-08-31,RACE,Ferrari,소비재,IT,422.0199890136719,424.7699890136719,421.07501220703125,422.6000061035156,319200
2026-09-01,RACE,Ferrari,소비재,IT,412.75,414.9200134277344,409.7300109863281,410.2099914550781,438000
2026-09-02,RACE,Ferrari,소비재,IT,413.1099853515625,416.79998779296875,412.0199890136719,413.2300109863281,280500
2026-09-03,RACE,Ferrari,소비재,IT,417.54998779296875,419.3500061035156,412.82000732421875,417.92999267578125,305800
2026-09-04,RACE,Ferrari,소비재,IT,409.2799987792969,411.7749938964844,407.92999267578125,409.95001220703125,320600
2026-09-08,RACE,Ferrari,소비재,IT,411.5799865722656,412.2900085449219,403.82000732421875,405.94000244140625,321700
2026-09-09,RACE,Ferrari,소비재,IT,404.1199951171875,405.04998779296875,400.82000732421875,402.3299865722656,302900
2026-09-10,RACE,Ferrari,소비재,IT,408.4200134277344,411.3399963378906,406.1700134277344,408.6400146484375,361600
2026-09-11,RACE,Ferrari,소비재,IT,411.67999267578125,414.7099914550781,411.1199951171875,413.7799987792969,257200
2026-09-14,RACE,Ferrari,소비재,IT,401.9599914550781,410.510009765625,401.8599853515625,409.0799865722656,320600
2026-09-15,RACE,Ferrari,소비재,IT,405.79998779296875,408.1300048828125,404.6600036621094,406.9200134277344,208800
2026-09-16,RACE,Ferrari,소비재,IT,408.8699951171875,415.4200134277344,408.375,412.3399963378906,467700
2026-09-17,RACE,Ferrari,소비재,IT,414.4700012207031,416.5799865722656,410.9700012207031,414.0,343400
2025-09-18,BHP,BHP Group,원자재/에너지,AU,50.77042310035042,50.856800145609064,50.041016126804024,50.07940673828125,3626000
2025-09-19,BHP,BHP Group,원자재/에너지,AU,50.07941005371609,50.29055476968914,49.74350133387757,50.041019439697266,3586600
2025-09-22,BHP,BHP Group,원자재/에너지,AU,50.78002070196927,51.298282991680885,50.59767078275831,51.01036071777344,3037700
2025-09-23,BHP,BHP Group,원자재/에너지,AU,51.26948980343619,51.4422439054045,50.96237221352151,51.14472579956055,1959400
2025-09-24,BHP,BHP Group,원자재/에너지,AU,51.2598944630952,51.605402670284704,51.135126796914435,51.34627151489258,2896500
2025-09-25,BHP,BHP Group,원자재/에너지,AU,52.68991416891509,53.486499287799425,52.565146501693256,53.4481086730957,4887000
2025-09-26,BHP,BHP Group,원자재/에너지,AU,52.776289909178,52.872262782420464,52.43078170769644,52.536354064941406,3039000
2025-09-29,BHP,BHP Group,원자재/에너지,AU,53.313745676991694,54.22550264843935,53.169786362214,53.9567756652832,4044200
2025-09-30,BHP,BHP Group,원자재/에너지,AU,53.47690039950803,53.65925031720302,52.805079325222344,53.50569152832031,4138100
2025-10-01,BHP,BHP Group,원자재/에너지,AU,53.50569152832031,54.29268077898545,53.428910303313806,53.50569152832031,3721700
2025-10-02,BHP,BHP Group,원자재/에너지,AU,53.457707925961586,53.68804429092592,52.21963806560411,53.2657585144043,2871300
2025-10-03,BHP,BHP Group,원자재/에너지,AU,53.60166501905588,54.023954439220375,53.083406388782734,53.23696517944336,3100600
2025-10-06,BHP,BHP Group,원자재/에너지,AU,53.45770388512745,54.0431478986151,53.41931327349181,53.716835021972656,3436600
2025-10-07,BHP,BHP Group,원자재/에너지,AU,53.592071801385956,53.81281234486971,52.9586413014798,52.97783660888672,3335900
2025-10-08,BHP,BHP Group,원자재/에너지,AU,53.83200615660064,54.19670966493804,53.64965623299716,53.80321502685547,4277600
2025-10-09,BHP,BHP Group,원자재/에너지,AU,54.77255397226642,55.26202514244391,53.457706577139994,53.784019470214844,5382600
2025-10-10,BHP,BHP Group,원자재/에너지,AU,53.697640980512915,53.78401802816181,51.31747792001386,51.4614372253418,5832500
2025-10-13,BHP,BHP Group,원자재/에너지,AU,53.58247607438447,53.87039836374376,53.04501844941808,53.46730422973633,5260900
2025-10-14,BHP,BHP Group,원자재/에너지,AU,52.82427655810258,54.830140370427365,52.63232714971577,54.148719787597656,4448700
2025-10-15,BHP,BHP Group,원자재/에너지,AU,54.46543427627708,54.68617480405235,54.03354904318187,54.4078483581543,3670600
2025-10-16,BHP,BHP Group,원자재/에너지,AU,55.02208815481505,55.079670412840215,53.49609607793235,54.01435470581055,3180100
2025-10-17,BHP,BHP Group,원자재/에너지,AU,53.91838344591373,53.9375787528724,53.10260303638817,53.352134704589844,3340200
2025-10-20,BHP,BHP Group,원자재/에너지,AU,53.87039383484185,54.830137159440554,53.71683504935127,54.51342010498047,3957400
2025-10-21,BHP,BHP Group,원자재/에너지,AU,53.99515780350544,54.21590198984524,53.448104401653424,53.716835021972656,3048000
2025-10-22,BHP,BHP Group,원자재/에너지,AU,53.505695840701414,53.62086402636304,52.872265327866586,53.54408645629883,2864900
2025-10-23,BHP,BHP Group,원자재/에너지,AU,53.774420855930835,53.86079790729261,53.045017491977376,53.064212799072266,3241800
2025-10-24,BHP,BHP Group,원자재/에너지,AU,53.63045954666134,53.73603190118539,53.150587870555896,53.380924224853516,2570000
2025-10-27,BHP,BHP Group,원자재/에너지,AU,54.24469597568661,54.34066884870144,53.87999246819547,54.11033248901367,2796300
2025-10-28,BHP,BHP Group,원자재/에너지,AU,54.32147268998947,55.29081553343778,54.1487185923676,54.83013916015625,2812300
2025-10-29,BHP,BHP Group,원자재/에너지,AU,55.97223243839731,56.548076989699155,55.36759309673912,55.62672424316406,3730900
2025-10-30,BHP,BHP Group,원자재/에너지,AU,54.590202715565816,55.1084613415604,54.11992686366425,54.93571090698242,3539600
2025-10-31,BHP,BHP Group,원자재/에너지,AU,54.7053743100697,55.00289608485076,54.47503428102459,54.753360748291016,2611400
2025-11-03,BHP,BHP Group,원자재/에너지,AU,53.91838234632663,53.93757765289383,53.30414718069775,53.889591217041016,3292600
2025-11-04,BHP,BHP Group,원자재/에너지,AU,52.229233037770506,52.62273133867398,52.075674243252514,52.24842834472656,3872700
2025-11-05,BHP,BHP Group,원자재/에너지,AU,52.95863907197286,53.50569249608274,52.881857845577606,53.275352478027344,2597200
2025-11-06,BHP,BHP Group,원자재/에너지,AU,53.39052556827893,53.678447851744885,52.9490408284253,53.37133026123047,2105600
2025-11-07,BHP,BHP Group,원자재/에너지,AU,52.12366507471062,53.08340846923656,51.97010627803169,52.93944549560547,3966200
2025-11-10,BHP,BHP Group,원자재/에너지,AU,53.52488622855729,53.72643145022199,52.997028126570115,53.611263275146484,2135000
2025-11-11,BHP,BHP Group,원자재/에너지,AU,53.45770534333112,53.80321353521607,53.27535176365277,53.52488708496094,2077800
2025-11-12,BHP,BHP Group,원자재/에너지,AU,54.004759383249706,54.33107227255845,53.83200528531388,54.0527458190918,2188200
2025-11-13,BHP,BHP Group,원자재/에너지,AU,54.39825551379277,54.47503308102949,53.4673032560582,53.6976432800293,2045500
2025-11-14,BHP,BHP Group,원자재/에너지,AU,52.10446867521498,53.06421204962175,52.02768744791983,53.00662612915039,2890800
2025-11-17,BHP,BHP Group,원자재/에너지,AU,52.68031348630118,53.1121987390672,52.20044179681237,52.392391204833984,2178300
2025-11-18,BHP,BHP Group,원자재/에너지,AU,51.33667617140467,51.97970249324578,51.1831173735672,51.54781723022461,3686800
2025-11-19,BHP,BHP Group,원자재/에너지,AU,51.43264635700337,51.749359759233215,51.07754234203951,51.31747817993164,2028900
2025-11-20,BHP,BHP Group,원자재/에너지,AU,51.375059668432,51.691776727048556,50.20417528662394,50.46330642700195,2942100
2025-11-21,BHP,BHP Group,원자재/에너지,AU,50.11780019624113,51.06794408692024,50.07940958258348,50.943180084228516,2574900
2025-11-24,BHP,BHP Group,원자재/에너지,AU,50.5016954593225,50.96237184082551,50.4825001524519,50.799217224121094,3821000
2025-11-25,BHP,BHP Group,원자재/에너지,AU,51.38466041054654,51.787750864697934,51.16391987692119,51.51902389526367,3221400
2025-11-26,BHP,BHP Group,원자재/에너지,AU,52.16205265197654,52.72830140796533,52.1428610056513,52.670719146728516,2280500
2025-11-28,BHP,BHP Group,원자재/에너지,AU,52.07567193130875,52.7091023882151,52.008490190510365,52.52675247192383,1500100
2025-12-01,BHP,BHP Group,원자재/에너지,AU,53.025820685436884,53.35213357456171,52.766689538679195,52.949039459228516,2354900
2025-12-02,BHP,BHP Group,원자재/에너지,AU,53.45770730533517,54.100733616286675,53.34253912419006,54.0047607421875,3634800
2025-12-03,BHP,BHP Group,원자재/에너지,AU,54.743761617057594,55.684309661656364,54.743761617057594,55.58833312988281,3792300
2025-12-04,BHP,BHP Group,원자재/에너지,AU,55.65552124549381,56.5960693359375,55.540349401751754,56.5960693359375,3522800
2025-12-05,BHP,BHP Group,원자재/에너지,AU,57.02794942542101,57.45023885236164,56.4425090436604,56.48089599609375,3652200
2025-12-08,BHP,BHP Group,원자재/에너지,AU,56.48089588324781,56.58646823977204,55.86666071197637,55.99142837524414,2759200
2025-12-09,BHP,BHP Group,원자재/에너지,AU,55.58833243393677,56.90318344429541,55.47316425838071,56.63445281982422,3203000
2025-12-10,BHP,BHP Group,원자재/에너지,AU,57.62299332817966,58.21803319777825,57.36386217662936,58.093265533447266,3309500
2025-12-11,BHP,BHP Group,원자재/에너지,AU,58.054877353329395,58.80347600122704,58.045277869513576,58.46756362915039,3851500
2025-12-12,BHP,BHP Group,원자재/에너지,AU,58.218032453482074,58.53474952170458,56.84559914677865,57.23909378051758,2939800
2025-12-15,BHP,BHP Group,원자재/에너지,AU,56.989562599158994,56.989562599158994,56.240960277529794,56.80720901489258,2206600
2025-12-16,BHP,BHP Group,원자재/에너지,AU,56.70163945207061,56.740026404002,56.125791239535296,56.260154724121094,2313700
2025-12-17,BHP,BHP Group,원자재/에너지,AU,56.90318777758599,56.97996534676003,56.57687487105254,56.672847747802734,2022900
2025-12-18,BHP,BHP Group,원자재/에너지,AU,56.98956360027852,57.239095271118096,56.68244600795421,56.88399124145508,1875200
2025-12-19,BHP,BHP Group,원자재/에너지,AU,56.69204047626881,57.219898596641976,56.47129994088113,56.931976318359375,2851500
2025-12-22,BHP,BHP Group,원자재/에너지,AU,57.93970577425333,58.60193103756172,57.91091464493745,58.323604583740234,5719100
2025-12-23,BHP,BHP Group,원자재/에너지,AU,58.71710095692754,58.76508739425361,58.31400682890144,58.62112808227539,3729700
2025-12-24,BHP,BHP Group,원자재/에너지,AU,58.63072326754071,58.76508675504439,58.131656270290996,58.419578552246094,855000
2025-12-26,BHP,BHP Group,원자재/에너지,AU,58.985827659529775,59.51368578991368,58.861063655290444,59.39851760864258,1436200
2025-12-29,BHP,BHP Group,원자재/에너지,AU,58.51555335326031,58.69790327216535,57.94930462903582,57.958900451660156,2539500
2025-12-30,BHP,BHP Group,원자재/에너지,AU,59.28334768036766,59.33133411605565,58.38119024159023,58.46756362915039,2179000
2025-12-31,BHP,BHP Group,원자재/에너지,AU,58.352394827559756,58.467563004206,57.843732024669386,57.93970489501953,3443500
2026-01-02,BHP,BHP Group,원자재/에너지,AU,59.091396575660575,59.302541279966796,58.67870665058765,59.273746490478516,2058800
2026-01-05,BHP,BHP Group,원자재/에너지,AU,59.88798986835241,60.95330197134137,59.87839038408022,60.59819793701172,4944400
2026-01-06,BHP,BHP Group,원자재/에너지,AU,61.193234295386375,62.46969104522717,61.13565203759421,62.19137191772461,4058000
2026-01-07,BHP,BHP Group,원자재/에너지,AU,61.308406579640625,61.45236588629958,60.713363063166454,61.28921127319336,2584200
2026-01-08,BHP,BHP Group,원자재/에너지,AU,60.339066548957206,60.58860188325677,59.782417280596796,60.41584777832031,4159000
2026-01-09,BHP,BHP Group,원자재/에너지,AU,59.60006285757253,59.66724460176006,58.9186459315959,59.2353630065918,6063600
2026-01-12,BHP,BHP Group,원자재/에너지,AU,59.67684125700536,60.94370217467511,59.50408716267491,60.271881103515625,4871500
2026-01-13,BHP,BHP Group,원자재/에너지,AU,61.85545981997265,61.93224105008351,61.318005853718844,61.41398239135742,3372700
2026-01-14,BHP,BHP Group,원자재/에너지,AU,62.104993604404825,63.371854580524754,62.04741134439149,63.36225509643555,4878500
2026-01-15,BHP,BHP Group,원자재/에너지,AU,63.20870206581182,63.83253675167341,62.891984980676696,63.371856689453125,3454900
2026-01-16,BHP,BHP Group,원자재/에너지,AU,62.12419077244856,62.508082257761586,61.49075664161276,62.24895477294922,3773600
2026-01-20,BHP,BHP Group,원자재/에너지,AU,61.74029219212684,61.84586454765472,60.905312831750116,61.797874450683594,4006600
2026-01-21,BHP,BHP Group,원자재/에너지,AU,63.6501821962713,64.07247163672946,62.48889355727246,62.96876525878906,4462600
2026-01-22,BHP,BHP Group,원자재/에너지,AU,62.88238096806156,62.88238096806156,61.644318492162014,62.35452651977539,4169900
2026-01-23,BHP,BHP Group,원자재/에너지,AU,64.17804489056802,64.84026286874524,63.84212883701967,64.80187225341797,3466800
2026-01-26,BHP,BHP Group,원자재/에너지,AU,66.08792547705042,66.31826182318557,65.01301032465238,65.04180145263672,5844100
2026-01-27,BHP,BHP Group,원자재/에너지,AU,65.69442832185004,67.70029569865966,65.67523667695345,67.65230560302734,5346000
2026-01-28,BHP,BHP Group,원자재/에너지,AU,67.54673303567452,68.12258489238907,66.79813440865824,68.10338592529297,4572100
2026-01-29,BHP,BHP Group,원자재/에너지,AU,71.644837901308,71.96155494363587,68.08419118211269,69.2646713256836,8981400
2026-01-30,BHP,BHP Group,원자재/에너지,AU,67.19163562973542,68.0458066463793,64.79227719595802,65.96316528320312,5703300
2026-02-02,BHP,BHP Group,원자재/에너지,AU,66.49101578418784,67.17243266011506,65.99195248148777,66.59658813476562,3759800
2026-02-03,BHP,BHP Group,원자재/에너지,AU,68.79440382032651,69.87891117295668,68.27614153115279,69.81172943115234,5044200
2026-02-04,BHP,BHP Group,원자재/에너지,AU,70.52194655172647,70.67550168444464,68.25695159661193,69.31266784667969,4832100
2026-02-05,BHP,BHP Group,원자재/에너지,AU,66.72135061926345,67.62351165931703,65.92476924965767,66.3182601928711,4756300
2026-02-06,BHP,BHP Group,원자재/에너지,AU,66.41424313594268,67.01888618954332,66.10712552795523,66.83653259277344,5751200
2026-02-09,BHP,BHP Group,원자재/에너지,AU,67.87305202887065,68.8807781700189,67.50834486346966,68.78480529785156,5903700
2026-02-10,BHP,BHP Group,원자재/에너지,AU,69.34145846292847,69.68696666181182,68.70802432422207,69.43743133544922,2733900
2026-02-11,BHP,BHP Group,원자재/에너지,AU,71.41450547199602,72.11511401000391,70.5411355175696,72.10551452636719,4578400
2026-02-12,BHP,BHP Group,원자재/에너지,AU,71.36652060995252,71.8463923153329,69.55260614939553,69.8309326171875,4757400
2026-02-13,BHP,BHP Group,원자재/에너지,AU,68.71762980912119,70.75228856664336,68.41051219687836,70.42597198486328,4468500
2026-02-17,BHP,BHP Group,원자재/에너지,AU,69.82132608302946,71.3569139207471,68.89997338039888,71.29933166503906,4616900
2026-02-18,BHP,BHP Group,원자재/에너지,AU,71.61605906302928,72.4990212820046,71.0977967199973,71.52967834472656,4655200
2026-02-19,BHP,BHP Group,원자재/에너지,AU,70.09005810538872,72.1535078437755,69.61018641377603,72.04793548583984,3841400
2026-02-20,BHP,BHP Group,원자재/에너지,AU,71.7312176825872,73.93863037046245,71.7312176825872,73.72748565673828,4562900
2026-02-23,BHP,BHP Group,원자재/에너지,AU,73.90983974980783,75.09032000683396,73.7658767783444,74.86958312988281,3921500
2026-02-24,BHP,BHP Group,원자재/에너지,AU,74.88877090782425,76.96182001640233,74.68722568708924,76.44355773925781,4167700
2026-02-25,BHP,BHP Group,원자재/에너지,AU,78.3822385898808,79.02526488485412,77.7200206494689,78.39183807373047,5120300
2026-02-26,BHP,BHP Group,원자재/에너지,AU,77.65284134925474,77.91196884325936,76.3475897505581,77.806396484375,4265600
2026-02-27,BHP,BHP Group,원자재/에너지,AU,78.89089816928154,78.89089816928154,77.81599033448241,78.28626251220703,3748800
2026-03-02,BHP,BHP Group,원자재/에너지,AU,78.2862640593275,79.86984203697268,77.67202890665769,79.66829681396484,3997300
2026-03-03,BHP,BHP Group,원자재/에너지,AU,75.15750543772879,75.84852187684535,73.37238207743141,75.17670440673828,5731400
2026-03-04,BHP,BHP Group,원자재/에너지,AU,75.73335483938082,76.09805469358844,74.61044950193813,74.98474884033203,3444800
2026-03-05,BHP,BHP Group,원자재/에너지,AU,73.7946646326464,73.7946646326464,71.48168699690795,72.55659484863281,5170200
2026-03-06,BHP,BHP Group,원자재/에너지,AU,70.64824852150208,71.22564437267836,70.0806337255816,70.31550598144531,4886300
2026-03-09,BHP,BHP Group,원자재/에너지,AU,68.52458190659631,71.45072995201731,67.54593887329389,71.33329010009766,5750600
2026-03-10,BHP,BHP Group,원자재/에너지,AU,72.00855846413282,73.24164334932085,71.86176051119499,72.31193542480469,3735400
2026-03-11,BHP,BHP Group,원자재/에너지,AU,71.73454247850253,72.14557079005426,70.90268986730177,71.7834701538086,3047400
2026-03-12,BHP,BHP Group,원자재/에너지,AU,70.70696286046788,70.78525609918282,68.90626316874983,69.2585678100586,4695200
2026-03-13,BHP,BHP Group,원자재/에너지,AU,68.52458112417983,69.05304925210353,67.04683553661286,67.27191925048828,4568100
2026-03-16,BHP,BHP Group,원자재/에너지,AU,68.78881818135525,69.19984645427849,67.99611973122423,68.80838775634766,3787300
2026-03-17,BHP,BHP Group,원자재/에너지,AU,69.37600938433002,69.72832150080835,68.798613534046,68.97476959228516,3054600
2026-03-18,BHP,BHP Group,원자재/에너지,AU,68.11355534815341,68.23099520304486,66.78260019186634,66.84132385253906,4136300
2026-03-19,BHP,BHP Group,원자재/에너지,AU,64.54150410019373,66.13669699929186,63.52372193116963,65.93118286132812,5255700
2026-03-20,BHP,BHP Group,원자재/에너지,AU,65.15805745205637,65.71588370380765,63.151836170142495,63.895606994628906,5113000
2026-03-23,BHP,BHP Group,원자재/에너지,AU,66.08776491056531,67.477436269355,65.85289266583634,66.75324249267578,4540600
2026-03-24,BHP,BHP Group,원자재/에너지,AU,65.96054100256211,67.59487305305363,65.95075248176083,67.30127716064453,3439400
2026-03-25,BHP,BHP Group,원자재/에너지,AU,68.83774755269229,69.3368575915459,68.11355379682401,68.51480102539062,3121700
2026-03-26,BHP,BHP Group,원자재/에너지,AU,67.38936043208479,67.97654476366856,66.92939700796711,67.03704833984375,2456700
2026-03-27,BHP,BHP Group,원자재/에너지,AU,66.85110601685646,68.73988744893309,66.74345468136603,68.01569366455078,3012300
2026-03-30,BHP,BHP Group,원자재/에너지,AU,69.00412782462698,69.3955865621897,67.4480813960901,67.54594421386719,4045400
2026-03-31,BHP,BHP Group,원자재/에너지,AU,69.49344463525462,71.20606996201329,69.21942577760585,71.18649291992188,4303100
2026-04-01,BHP,BHP Group,원자재/에너지,AU,71.94983653480766,72.56638645869512,71.69539470780904,71.98898315429688,2788300
2026-04-02,BHP,BHP Group,원자재/에너지,AU,69.31729338077051,72.06727813487075,69.26835823861285,71.67581939697266,2752500
2026-04-06,BHP,BHP Group,원자재/에너지,AU,71.3724372848807,71.99876823385786,70.75589485692146,71.23542785644531,2099600
2026-04-07,BHP,BHP Group,원자재/에너지,AU,71.99877302870291,71.99877302870291,70.67760632854622,71.74432373046875,2208900
2026-04-08,BHP,BHP Group,원자재/에너지,AU,76.36351586607569,76.38309290825636,74.68024862832607,75.31636810302734,2892500
2026-04-09,BHP,BHP Group,원자재/에너지,AU,75.14999923040943,76.0014213551209,74.69982433222006,75.58060455322266,2729300
2026-04-10,BHP,BHP Group,원자재/에너지,AU,76.58860783733624,76.77454494123465,74.88576353995462,75.16957092285156,3382000
2026-04-13,BHP,BHP Group,원자재/에너지,AU,75.42402092961967,76.53967342949079,74.9249108744813,76.43202209472656,1900600
2026-04-14,BHP,BHP Group,원자재/에너지,AU,77.48896027445072,77.9391352005129,77.09750154460623,77.47917175292969,2681700
2026-04-15,BHP,BHP Group,원자재/에너지,AU,78.09572011893545,78.09572011893545,77.08771148312498,77.77276611328125,2495300
2026-04-16,BHP,BHP Group,원자재/에너지,AU,78.27187617052374,78.38930856061319,77.34216077240897,77.77276611328125,2816200
2026-04-17,BHP,BHP Group,원자재/에너지,AU,78.58504391977858,79.52454039984228,78.05657574978257,78.7318344116211,3218500
2026-04-20,BHP,BHP Group,원자재/에너지,AU,77.8510586018891,78.13485851951062,77.24429721526684,77.89019775390625,2081400
2026-04-21,BHP,BHP Group,원자재/에너지,AU,77.77276812522985,78.04678699779946,75.86440960591264,76.0307846069336,2966700
2026-04-22,BHP,BHP Group,원자재/에너지,AU,78.18379608821546,78.85906221152786,77.71405158487539,78.83948516845703,2141600
2026-04-23,BHP,BHP Group,원자재/에너지,AU,78.2914436489301,79.05478402987455,77.19536074992168,78.13485717773438,2296100
2026-04-24,BHP,BHP Group,원자재/에너지,AU,78.22293911334158,78.59482078360132,77.63575477792212,78.11528778076172,1632500
2026-04-27,BHP,BHP Group,원자재/에너지,AU,78.0467828875272,78.30123216999331,77.44002151132459,78.13485717773438,2062300
2026-04-28,BHP,BHP Group,원자재/에너지,AU,77.11707670565252,77.41066514603035,75.88398434999425,76.45159912109375,2366600
2026-04-29,BHP,BHP Group,원자재/에너지,AU,76.37330381205469,76.38309233307132,75.27722091826239,75.41423034667969,2117700
2026-04-30,BHP,BHP Group,원자재/에너지,AU,76.8919867996802,77.88041840497901,76.24608624689333,77.60639953613281,2302400
2026-05-01,BHP,BHP Group,원자재/에너지,AU,77.40087909442288,77.76297972887542,76.93113458824831,77.37152099609375,1815100
2026-05-04,BHP,BHP Group,원자재/에너지,AU,77.29323411865246,77.29323411865246,75.81548097007551,76.20693969726562,1459100
2026-05-05,BHP,BHP Group,원자재/에너지,AU,77.5183179884624,77.8608415754588,76.91155658688719,77.54767608642578,1440000
2026-05-06,BHP,BHP Group,원자재/에너지,AU,80.64997597857229,82.61704310015662,80.42488479561662,82.52896881103516,3632800
2026-05-07,BHP,BHP Group,원자재/에너지,AU,83.30209966135983,83.32166923725106,80.74784068645107,80.7869873046875,2113400
2026-05-08,BHP,BHP Group,원자재/에너지,AU,82.05922234730595,82.99871882625061,81.88306629085044,82.91064453125,2000000
2026-05-11,BHP,BHP Group,원자재/에너지,AU,84.12415932705275,86.05208741372084,84.05565460924265,85.77806854248047,3003600
2026-05-12,BHP,BHP Group,원자재/에너지,AU,84.62326581619195,86.78606606296809,84.11436724844818,86.43375396728516,3552900
2026-05-13,BHP,BHP Group,원자재/에너지,AU,87.4221873862806,89.49690591973904,87.20688471587549,88.87057495117188,3917300
2026-05-14,BHP,BHP Group,원자재/에너지,AU,88.09744859651298,88.14638373810568,86.75671232774313,87.03073120117188,2437200
2026-05-15,BHP,BHP Group,원자재/에너지,AU,82.58768462363376,83.29230879917742,82.18644486428204,82.59747314453125,2765900
2026-05-18,BHP,BHP Group,원자재/에너지,AU,83.21401751055137,83.31188032245309,81.74605293266386,82.2255859375,2415100
2026-05-19,BHP,BHP Group,원자재/에너지,AU,80.12151336669922,81.02186322766913,79.25052160412659,80.12151336669922,3224500
2026-05-20,BHP,BHP Group,원자재/에너지,AU,80.72826588348777,81.97114678099622,79.97471399428159,81.76563262939453,2686100
2026-05-21,BHP,BHP Group,원자재/에너지,AU,81.96135838428579,83.63483716397849,81.66776247214845,83.12594604492188,1814500
2026-05-22,BHP,BHP Group,원자재/에너지,AU,82.78340911107227,83.24337252306667,81.51117767058201,82.79319763183594,2116800
2026-05-26,BHP,BHP Group,원자재/에너지,AU,84.34924908158442,84.7504888600545,84.05565317230064,84.64283752441406,1855100
2026-05-27,BHP,BHP Group,원자재/에너지,AU,84.65262654257876,86.04229792624204,83.76205775459121,85.9542236328125,2850000
2026-05-28,BHP,BHP Group,원자재/에너지,AU,85.14194826923107,86.64905951387932,84.45690109732467,85.92486572265625,1653800
2026-05-29,BHP,BHP Group,원자재/에너지,AU,87.2068874380658,87.4906948336904,85.99337208189343,87.01116180419922,3030700
2026-06-01,BHP,BHP Group,원자재/에너지,AU,86.80563540521368,89.29138964408736,86.40439563793166,89.27182006835938,3097200
2026-06-02,BHP,BHP Group,원자재/에너지,AU,89.91771793896963,91.69884793570705,89.91771793896963,91.16059875488281,3107000
2026-06-03,BHP,BHP Group,원자재/에너지,AU,89.68285029542362,89.93729958411143,88.76292342078975,88.90972137451172,2112800
2026-06-04,BHP,BHP Group,원자재/에너지,AU,86.81542167864633,87.92128560676764,86.16952116599035,86.88392639160156,2853800
2026-06-05,BHP,BHP Group,원자재/에너지,AU,84.60368825868834,84.77006325085317,80.72826269623286,80.95335388183594,4947700
2026-06-08,BHP,BHP Group,원자재/에너지,AU,82.28431132624964,82.98893553306945,81.8732830277561,81.91242218017578,2233400
2026-06-09,BHP,BHP Group,원자재/에너지,AU,83.41953564896167,83.7229200867708,80.84570698710735,82.9204330444336,5179500
2026-06-10,BHP,BHP Group,원자재/에너지,AU,82.24516106359856,83.5565391387276,81.13929712861122,81.17843627929688,2390500
2026-06-11,BHP,BHP Group,원자재/에너지,AU,83.73269872851034,86.35546245629004,83.02807452306892,86.12059020996094,3453300
2026-06-12,BHP,BHP Group,원자재/에너지,AU,86.9817935161797,88.97822627822498,86.17930649612315,88.88036346435547,3065300
2026-06-15,BHP,BHP Group,원자재/에너지,AU,90.95509000308826,91.17039267474956,89.70242805864525,90.16238403320312,2667800
2026-06-16,BHP,BHP Group,원자재/에너지,AU,90.72999686493725,91.82607977605366,90.39726180965157,90.53427124023438,2051500
2026-06-17,BHP,BHP Group,원자재/에너지,AU,90.27003737859093,91.62056963400258,88.27360456027075,88.43019104003906,3286700
2026-06-18,BHP,BHP Group,원자재/에너지,AU,86.06187477303732,87.13838066685302,85.35725056138946,85.99337005615234,3784300
2026-06-22,BHP,BHP Group,원자재/에너지,AU,83.81098861978222,84.5743289897145,83.63483257545525,83.947998046875,3670700
2026-06-23,BHP,BHP Group,원자재/에너지,AU,80.13129231854735,81.57968735524756,80.03342950430707,80.49339294433594,4244400
2026-06-24,BHP,BHP Group,원자재/에너지,AU,78.40888650525207,79.10372219827286,78.02721630016254,78.9960708618164,3673800
2026-06-25,BHP,BHP Group,원자재/에너지,AU,80.01385822858447,80.29766561037124,78.8394820832819,79.42667388916016,2101000
2026-06-26,BHP,BHP Group,원자재/에너지,AU,78.66332663045105,79.42667449058212,78.53610572032288,79.28965759277344,2388000
2026-06-29,BHP,BHP Group,원자재/에너지,AU,79.9551313375278,80.05300161218904,78.65354180210522,79.99427795410156,1929400
2026-06-30,BHP,BHP Group,원자재/에너지,AU,80.95335824554513,81.638405427431,80.34659683697888,81.53075408935547,2197900
2026-07-01,BHP,BHP Group,원자재/에너지,AU,79.45603385889343,81.4133200140758,79.319024425347,80.46403503417969,2440900
2026-07-02,BHP,BHP Group,원자재/에너지,AU,81.01207442545588,82.76384646615085,80.44445963689353,81.55033111572266,2661500
2026-07-06,BHP,BHP Group,원자재/에너지,AU,81.16865919257089,82.450679234127,81.08057743308807,81.85370635986328,2001900
2026-07-07,BHP,BHP Group,원자재/에너지,AU,79.76919477080096,80.66954455860643,78.09571610005806,78.51653289794922,2461500
2026-07-08,BHP,BHP Group,원자재/에너지,AU,76.441809641666,76.98984736333192,75.16957068327984,76.62775421142578,3525900
2026-07-09,BHP,BHP Group,원자재/에너지,AU,78.2620853339327,78.38930624158401,77.64553543838635,78.203369140625,2139300
2026-07-10,BHP,BHP Group,원자재/에너지,AU,79.30923119860678,80.4738187811115,79.22114944429325,79.93556213378906,1460900
2026-07-13,BHP,BHP Group,원자재/에너지,AU,80.05300369570172,80.39552726656977,79.24072818017615,79.63218688964844,1970000
2026-07-14,BHP,BHP Group,원자재/에너지,AU,82.61704292154991,83.75227242190897,82.21580316121872,82.54853820800781,2530500
2026-07-15,BHP,BHP Group,원자재/에너지,AU,83.86970651539696,84.4862564162874,82.62683312540317,83.65441131591797,3354000
2026-07-16,BHP,BHP Group,원자재/에너지,AU,80.37595373481963,80.95335703646042,78.58504256707936,78.98628234863281,2647700
2026-07-17,BHP,BHP Group,원자재/에너지,AU,77.72383225320254,79.81812786410359,77.36173908919099,78.91777801513672,1876400
2026-07-20,BHP,BHP Group,원자재/에너지,AU,79.07436527240488,79.29944900363773,78.1837964696937,78.77098083496094,2260500
2026-07-21,BHP,BHP Group,원자재/에너지,AU,80.76741290679284,81.82434923442027,80.13129340591776,81.66776275634766,2892400
2026-07-22,BHP,BHP Group,원자재/에너지,AU,82.59747238603187,83.44888703495037,82.47024401489419,82.73448181152344,1938900
2026-07-23,BHP,BHP Group,원자재/에너지,AU,81.54054086573244,82.86170752620934,81.52097128943495,81.86349487304688,3031700
2026-07-24,BHP,BHP Group,원자재/에너지,AU,81.32523781380124,82.3234579287488,80.99250275312146,81.93199920654297,2227300
2026-07-27,BHP,BHP Group,원자재/에너지,AU,82.18644734654289,82.62683373633169,80.92399690497325,82.13751220703125,2005700
2026-07-28,BHP,BHP Group,원자재/에너지,AU,80.84570442147403,82.39196226041695,79.73005192159219,82.00050354003906,2336100
2026-07-29,BHP,BHP Group,원자재/에너지,AU,82.46046293871369,83.20422625791285,80.51295795347073,81.33502197265625,3044000
2026-07-30,BHP,BHP Group,원자재/에너지,AU,83.8794927529322,84.38839130700163,83.11615238828178,84.06543731689453,2408800
2026-07-31,BHP,BHP Group,원자재/에너지,AU,83.79141826888292,83.86970403617296,81.82434370317976,82.685546875,2176400
2026-08-03,BHP,BHP Group,원자재/에너지,AU,81.45246734485256,82.0885793776816,80.94356875884428,81.7166976928711,2199200
2026-08-04,BHP,BHP Group,원자재/에너지,AU,85.19087755544348,86.09122733849003,84.70155604729378,85.59211730957031,3084900
2026-08-05,BHP,BHP Group,원자재/에너지,AU,86.2478112719569,87.57876644757162,85.93464578748603,87.47111511230469,3153400
2026-08-06,BHP,BHP Group,원자재/에너지,AU,86.24781169281661,87.77449997020916,85.97379282587426,86.0227279663086,2233300
2026-08-07,BHP,BHP Group,원자재/에너지,AU,87.63749231589375,88.66506308778865,87.42218963993835,88.4791259765625,2658900
2026-08-10,BHP,BHP Group,원자재/에너지,AU,88.30296877976456,89.1837415824526,87.3928304127266,88.67485046386719,2114200
2026-08-11,BHP,BHP Group,원자재/에너지,AU,88.94886475437447,89.35989303666595,87.83321229303826,88.09744262695312,1873700
2026-08-12,BHP,BHP Group,원자재/에너지,AU,89.67305809858999,89.67305809858999,87.98979835979452,88.1953125,2340200
2026-08-13,BHP,BHP Group,원자재/에너지,AU,86.69798256564233,87.0209365579451,85.14194372965339,85.36703491210938,3150100
2026-08-14,BHP,BHP Group,원자재/에너지,AU,85.53340475541528,85.91507495068738,84.63305493407871,84.92664337158203,2410400
2026-08-17,BHP,BHP Group,원자재/에너지,AU,86.2869558141911,86.60990981221951,85.61169718775908,86.4826889038086,3357800
2026-08-18,BHP,BHP Group,원자재/에너지,AU,86.75671138291854,88.5280529857595,86.35546413230028,87.18730926513672,3341100
2026-08-19,BHP,BHP Group,원자재/에너지,AU,90.69085140482848,91.82608094867315,89.41861989510546,90.3189697265625,4246400
2026-08-20,BHP,BHP Group,원자재/에너지,AU,89.06630813371848,92.15881636077923,88.98801489595641,91.6303482055664,2519000
2026-08-21,BHP,BHP Group,원자재/에너지,AU,93.67571315876259,95.19260539372941,93.40169430168234,94.95773315429688,3777000
2026-08-24,BHP,BHP Group,원자재/에너지,AU,95.23175144308587,95.74065000301569,94.53691578350623,95.05559539794922,3964800
2026-08-25,BHP,BHP Group,원자재/에너지,AU,93.81272145316906,96.60185259537988,93.81272145316906,96.58228302001953,2937800
2026-08-26,BHP,BHP Group,원자재/에너지,AU,94.91859037047722,95.34919571554086,93.87144257208043,94.27268981933594,2223300
2026-08-27,BHP,BHP Group,원자재/에너지,AU,93.47998365208443,94.75222264179132,93.1276790126645,94.31183624267578,2220000
2026-08-28,BHP,BHP Group,원자재/에너지,AU,95.16324983231698,95.16324983231698,92.60899082777284,93.11788940429688,1656500
2026-08-31,BHP,BHP Group,원자재/에너지,AU,94.0182381170012,94.0573847352264,91.81629124039839,91.91415405273438,1964200
2026-09-01,BHP,BHP Group,원자재/에너지,AU,91.0431606263712,92.27625294480227,90.75935324938963,90.837646484375,2680900
2026-09-02,BHP,BHP Group,원자재/에너지,AU,90.98444879519505,92.31540398793749,90.64192520878063,91.43462371826172,2120100
2026-09-03,BHP,BHP Group,원자재/에너지,AU,92.47197915150048,92.47197915150048,90.24067420546208,90.72999572753906,2559600
2026-09-04,BHP,BHP Group,원자재/에너지,AU,89.4800033569336,91.0199966430664,89.31999969482422,90.41999816894531,1781600
2026-09-08,BHP,BHP Group,원자재/에너지,AU,93.0,93.61000061035156,91.91000366210938,91.98999786376953,2575200
2026-09-09,BHP,BHP Group,원자재/에너지,AU,92.61000061035156,93.55999755859375,91.69000244140625,92.25,1917700
2026-09-10,BHP,BHP Group,원자재/에너지,AU,87.77999877929688,88.26000213623047,86.58999633789062,87.3499984741211,3675600
2026-09-11,BHP,BHP Group,원자재/에너지,AU,88.04000091552734,88.19999694824219,86.68000030517578,87.1500015258789,1915900
2026-09-14,BHP,BHP Group,원자재/에너지,AU,83.80999755859375,85.33999633789062,83.36000061035156,84.73999786376953,3065900
2026-09-15,BHP,BHP Group,원자재/에너지,AU,85.0199966430664,85.08999633789062,84.08999633789062,84.7699966430664,1497200
2026-09-16,BHP,BHP Group,원자재/에너지,AU,86.1500015258789,86.30999755859375,83.2699966430664,84.13999938964844,1943400
2026-09-17,BHP,BHP Group,원자재/에너지,AU,85.83999633789062,86.93000030517578,85.66000366210938,86.55999755859375,1929400
2025-09-18,FCX,Freeport-McMoRan,원자재/에너지,US,44.52138836980064,44.95670725295374,44.11574920450745,44.45213317871094,13174400
2025-09-19,FCX,Freeport-McMoRan,원자재/에너지,US,44.76872894181364,45.21394357561797,44.23447138124845,44.4620246887207,21120200
2025-09-22,FCX,Freeport-McMoRan,원자재/에너지,US,44.35319548695364,44.897345000285206,44.066278985226674,44.679683685302734,11980600
2025-09-23,FCX,Freeport-McMoRan,원자재/에너지,US,44.9072393794482,45.797668648185535,44.65989833525726,44.877559661865234,14308500
2025-09-24,FCX,Freeport-McMoRan,원자재/에너지,US,41.38511113552302,41.54340927506317,37.2594599766871,37.269351959228516,91311700
2025-09-25,FCX,Freeport-McMoRan,원자재/에너지,US,37.13083255405633,37.13083255405633,34.776148771212036,34.96412658691406,86778600
2025-09-26,FCX,Freeport-McMoRan,원자재/에너지,US,35.122425212726725,35.92381148471601,34.91465965951174,35.36976623535156,41515800
2025-09-29,FCX,Freeport-McMoRan,원자재/에너지,US,35.963389712127004,37.70467294118944,35.66658118589198,36.72520065307617,40224700
2025-09-30,FCX,Freeport-McMoRan,원자재/에너지,US,37.54637481321149,38.91169856299878,36.80435161047659,38.8028678894043,38973100
2025-10-01,FCX,Freeport-McMoRan,원자재/에너지,US,38.61488452945975,39.060099185943244,38.42690668522228,38.67424774169922,19117000
2025-10-02,FCX,Freeport-McMoRan,원자재/에너지,US,38.95126316064776,39.53498812462436,37.783813232694555,38.456581115722656,23508900
2025-10-03,FCX,Freeport-McMoRan,원자재/에너지,US,39.228293429107296,39.920845374337404,38.50605421629583,39.248077392578125,23921600
2025-10-06,FCX,Freeport-McMoRan,원자재/에너지,US,39.76254447397589,40.80137986760499,39.13924776674816,39.89116287231445,26706800
2025-10-07,FCX,Freeport-McMoRan,원자재/에너지,US,40.27701658866163,40.8706373865847,39.73286702115923,40.25722885131836,19846800
2025-10-08,FCX,Freeport-McMoRan,원자재/에너지,US,41.50382729692862,42.57233862795876,41.424676352491325,42.39425277709961,25769000
2025-10-09,FCX,Freeport-McMoRan,원자재/에너지,US,44.05639092464981,44.313627755303834,42.09745007006467,42.849369049072266,23238000
2025-10-10,FCX,Freeport-McMoRan,원자재/에너지,US,43.20553682449954,43.20553682449954,40.3067029208369,40.445213317871094,24243400
2025-10-13,FCX,Freeport-McMoRan,원자재/에너지,US,42.829574776093786,43.03734034091517,41.830314875358106,42.32499694824219,15475300
2025-10-14,FCX,Freeport-McMoRan,원자재/에너지,US,41.11797761867117,41.978723418176735,40.06925020523198,41.523616790771484,16563400
2025-10-15,FCX,Freeport-McMoRan,원자재/에너지,US,42.53638305017526,42.53638305017526,40.97751031044986,41.414390563964844,16028100
2025-10-16,FCX,Freeport-McMoRan,원자재/에너지,US,41.72220036020404,41.742059072650996,40.91793955058179,41.40446853637695,15081000
2025-10-17,FCX,Freeport-McMoRan,원자재/에너지,US,41.30517467151628,41.692413879901636,40.421482806242764,40.888153076171875,14027500
2025-10-20,FCX,Freeport-McMoRan,원자재/에너지,US,41.632835540002944,41.9207811716444,41.12644787226634,41.8909912109375,12617500
2025-10-21,FCX,Freeport-McMoRan,원자재/에너지,US,40.908006164041346,41.215806693239344,40.371832368606576,41.01722717285156,12932200
2025-10-22,FCX,Freeport-McMoRan,원자재/에너지,US,40.361909923600756,40.908011247856656,39.83566352372184,40.49098587036133,12134400
2025-10-23,FCX,Freeport-McMoRan,원자재/에너지,US,41.156235756764865,41.95056522840951,40.769000376066955,40.93779373168945,18292600
2025-10-24,FCX,Freeport-McMoRan,원자재/에너지,US,40.86829052197803,41.33496074803701,40.17325080741364,41.07680130004883,10605300
2025-10-27,FCX,Freeport-McMoRan,원자재/에너지,US,41.43425196410083,41.43425196410083,40.16332475305572,40.8087158203125,14374400
2025-10-28,FCX,Freeport-McMoRan,원자재/에너지,US,40.30233212969719,41.652694191508736,40.21296982302843,40.87821960449219,11973800
2025-10-29,FCX,Freeport-McMoRan,원자재/에너지,US,41.424324753364054,43.18178092859591,41.25552760156455,41.8909912109375,19707800
2025-10-30,FCX,Freeport-McMoRan,원자재/에너지,US,41.46403986673409,42.03993115055221,40.57042055456179,41.43425369262695,11822900
2025-10-31,FCX,Freeport-McMoRan,원자재/에너지,US,41.29524751174975,42.21865680839162,40.96758443786813,41.40446853637695,11939500
2025-11-03,FCX,Freeport-McMoRan,원자재/에너지,US,41.27538849689514,41.295247209196596,40.14346840934649,40.888153076171875,13717200
2025-11-04,FCX,Freeport-McMoRan,원자재/에너지,US,39.6867301293165,39.74630247966946,38.84275188524873,39.140625,14388400
2025-11-05,FCX,Freeport-McMoRan,원자재/에너지,US,39.607290337459496,40.381761096726855,39.33920343132964,39.92502212524414,12057600
2025-11-06,FCX,Freeport-McMoRan,원자재/에너지,US,39.627151905182785,39.63707936716494,38.26686235390993,38.37608337402344,25307300
2025-11-07,FCX,Freeport-McMoRan,원자재/에너지,US,39.64700720597618,39.72643825798585,38.47536983445595,39.52785873413086,17305700
2025-11-10,FCX,Freeport-McMoRan,원자재/에너지,US,40.50091650343717,40.957655510392975,40.064032420555975,40.65978240966797,13890600
2025-11-11,FCX,Freeport-McMoRan,원자재/에너지,US,40.540629907476166,41.047013749736635,40.16332199721327,40.778926849365234,10730700
2025-11-12,FCX,Freeport-McMoRan,원자재/에너지,US,41.1760966172532,41.96049488090432,41.1760966172532,41.51368713378906,12842900
2025-11-13,FCX,Freeport-McMoRan,원자재/에너지,US,41.553402819876496,41.593120244408766,39.92502629067414,40.252689361572266,10381700
2025-11-14,FCX,Freeport-McMoRan,원자재/에너지,US,39.3491350862677,40.38176151339174,38.60445049077712,39.8753776550293,10358500
2025-11-17,FCX,Freeport-McMoRan,원자재/에너지,US,39.70658380052453,39.74629743316342,38.59451875807859,38.72359848022461,17578500
2025-11-18,FCX,Freeport-McMoRan,원자재/에너지,US,41.45411210060119,41.513688236040615,39.65693845196292,39.716514587402344,23695200
2025-11-19,FCX,Freeport-McMoRan,원자재/에너지,US,40.620062541771524,41.920779674779624,40.481055355642454,40.9576530456543,19873600
2025-11-20,FCX,Freeport-McMoRan,원자재/에너지,US,41.603044888739255,41.603044888739255,39.03140076735649,39.3491325378418,15648000
2025-11-21,FCX,Freeport-McMoRan,원자재/에너지,US,39.54771922736331,40.01438567465974,38.574661335820224,39.587432861328125,18896900
2025-11-24,FCX,Freeport-McMoRan,원자재/에너지,US,39.617219977039305,40.82857094838709,39.617219977039305,40.500911712646484,15241000
2025-11-25,FCX,Freeport-McMoRan,원자재/에너지,US,40.94772398855979,41.49382525035564,40.679637088188386,40.778926849365234,11446600
2025-11-26,FCX,Freeport-McMoRan,원자재/에너지,US,41.48389593140528,42.18886690413676,41.265457689122506,41.85127639770508,13339400
2025-11-28,FCX,Freeport-McMoRan,원자재/에너지,US,42.45695012046539,43.10234496250798,42.02006984730015,42.675392150878906,8848100
2025-12-01,FCX,Freeport-McMoRan,원자재/에너지,US,43.09241830072481,43.618660888129234,42.695251653995,42.76475524902344,14614800
2025-12-02,FCX,Freeport-McMoRan,원자재/에너지,US,42.87397326438266,43.11227020560641,42.0101402240388,42.665462493896484,11131900
2025-12-03,FCX,Freeport-McMoRan,원자재/에너지,US,44.01582553314225,44.77043758241702,43.81724221880835,44.21440505981445,22864300
2025-12-04,FCX,Freeport-McMoRan,원자재/에너지,US,43.71794728637197,44.42291821936407,43.35057062844306,44.29383850097656,12392100
2025-12-05,FCX,Freeport-McMoRan,원자재/에너지,US,44.949165156518575,45.64420490878035,44.80022671401179,44.879661560058594,20208100
2025-12-08,FCX,Freeport-McMoRan,원자재/에너지,US,45.05838397477055,45.39597447865332,44.41298913898645,44.68107604980469,16538400
2025-12-09,FCX,Freeport-McMoRan,원자재/에너지,US,43.81724457132368,44.879661004239416,43.618661246327996,44.48249435424805,10310100
2025-12-10,FCX,Freeport-McMoRan,원자재/에너지,US,44.56192723543712,46.12080001831055,44.37327138055756,46.12080001831055,17054800
2025-12-11,FCX,Freeport-McMoRan,원자재/에너지,US,46.2498799697819,47.97754611799072,46.10094153495002,47.76903533935547,20741000
2025-12-12,FCX,Freeport-McMoRan,원자재/에너지,US,48.41442543442889,48.65272616794506,46.478248545629796,47.04420852661133,17034900
2025-12-15,FCX,Freeport-McMoRan,원자재/에너지,US,48.474001960598855,48.51371938111953,47.054136372109376,47.1832160949707,15437700
2025-12-16,FCX,Freeport-McMoRan,원자재/에너지,US,46.97470971575519,47.3420864208051,46.289597404460274,47.20307922363281,15481500
2025-12-17,FCX,Freeport-McMoRan,원자재/에너지,US,47.76903617125761,47.89811589784907,47.03427902103912,47.4810905456543,15613000
2025-12-18,FCX,Freeport-McMoRan,원자재/에너지,US,47.72932174756203,47.957691255007056,46.984637088982225,47.58038330078125,15029500
2025-12-19,FCX,Freeport-McMoRan,원자재/에너지,US,47.72931860396107,49.28819141690297,47.72931860396107,48.801666259765625,21954800
2025-12-22,FCX,Freeport-McMoRan,원자재/에너지,US,49.64564143713448,50.58890938197241,49.556279131041165,50.281105041503906,15316600
2025-12-23,FCX,Freeport-McMoRan,원자재/에너지,US,51.244231344047044,51.91941236594886,50.62862645501721,51.53217697143555,14155700
2025-12-24,FCX,Freeport-McMoRan,원자재/에너지,US,51.56196372012366,51.62153985366126,50.8669239794991,51.552032470703125,4073900
2025-12-26,FCX,Freeport-McMoRan,원자재/에너지,US,52.67402429389485,53.38892273567382,52.26693018958445,52.66409683227539,14848300
2025-12-29,FCX,Freeport-McMoRan,원자재/에너지,US,51.2045127551005,51.84990758968767,50.807346120329676,51.115150451660156,15231700
2025-12-30,FCX,Freeport-McMoRan,원자재/에너지,US,51.86976610586075,52.00877329121122,50.48961413841685,51.04564666748047,10055700
2025-12-31,FCX,Freeport-McMoRan,원자재/에너지,US,50.93642613074276,51.14493691072027,50.300962541671254,50.4300422668457,8776800
2026-01-02,FCX,Freeport-McMoRan,원자재/에너지,US,51.36337880968845,51.82011778971855,50.638552918511515,51.56196212768555,11518400
2026-01-05,FCX,Freeport-McMoRan,원자재/에너지,US,53.24991279808342,54.064100964672974,52.91232230552227,54.024383544921875,26935100
2026-01-06,FCX,Freeport-McMoRan,원자재/에너지,US,55.61304514597928,56.71517897753509,55.27545463710327,55.75205612182617,35253300
2026-01-07,FCX,Freeport-McMoRan,원자재/에너지,US,54.838572032151845,55.18609377551354,53.468351344020014,55.106658935546875,20894000
2026-01-08,FCX,Freeport-McMoRan,원자재/에너지,US,54.23289818388854,54.23289818388854,52.91232607813224,53.83573532104492,22333100
2026-01-09,FCX,Freeport-McMoRan,원자재/에너지,US,55.0570125869405,56.308080981777074,54.18324830890421,56.129356384277344,19272700
2026-01-12,FCX,Freeport-McMoRan,원자재/에너지,US,57.340715578350604,58.41306324620523,56.75489686076229,58.29391098022461,20373700
2026-01-13,FCX,Freeport-McMoRan,원자재/에너지,US,59.594629895638,59.66413349233978,58.00596705813264,58.91944885253906,22060100
2026-01-14,FCX,Freeport-McMoRan,원자재/에너지,US,59.78327979895888,60.27973620742922,58.701004676987075,59.92228698730469,19747500
2026-01-15,FCX,Freeport-McMoRan,원자재/에너지,US,58.70791671579198,60.220905202990124,58.42920960926322,59.68339538574219,18285700
2026-01-16,FCX,Freeport-McMoRan,원자재/에너지,US,58.359534231562044,58.57851676461262,57.43382412314478,58.43916320800781,21629900
2026-01-20,FCX,Freeport-McMoRan,원자재/에너지,US,58.8273621678076,60.10145993628045,58.08082201949989,59.79288864135742,19583600
2026-01-21,FCX,Freeport-McMoRan,원자재/에너지,US,61.2660597704666,61.84338596524875,59.47436420244871,60.300537109375,25719800
2026-01-22,FCX,Freeport-McMoRan,원자재/에너지,US,60.499611006842564,61.46513745809828,57.97133131541435,58.578514099121094,25597200
2026-01-23,FCX,Freeport-McMoRan,원자재/에너지,US,59.474365767900586,60.52947722211961,58.11068681264456,60.13132095336914,24545800
2026-01-26,FCX,Freeport-McMoRan,원자재/에너지,US,63.1274300909373,63.28669562682074,60.81813298001865,60.88780975341797,31620200
2026-01-27,FCX,Freeport-McMoRan,원자재/에너지,US,61.21629236782031,62.88854260944093,60.98735384388529,62.57997131347656,20123700
2026-01-28,FCX,Freeport-McMoRan,원자재/에너지,US,63.83415738193328,64.37166720423915,61.73389427110034,63.33646774291992,22636500
2026-01-29,FCX,Freeport-McMoRan,원자재/에너지,US,69.06989425722418,69.11966663837174,62.81886593272703,64.82954406738281,48277600
2026-01-30,FCX,Freeport-McMoRan,원자재/에너지,US,61.4551846802406,61.634350816674484,58.38939141498124,59.9521484375,40774400
2026-02-02,FCX,Freeport-McMoRan,원자재/에너지,US,59.60376808060875,60.967447057732585,59.28524457934041,60.479705810546875,21334600
2026-02-03,FCX,Freeport-McMoRan,원자재/에너지,US,63.794339757298694,64.66032905323542,62.31121547284985,64.37166595458984,31102700
2026-02-04,FCX,Freeport-McMoRan,원자재/에너지,US,64.68024042247525,65.3471477849135,60.698689251966876,61.57463073730469,31834200
2026-02-05,FCX,Freeport-McMoRan,원자재/에너지,US,59.67344363571447,60.64892231298611,57.96137700367469,58.94681167602539,22330400
2026-02-06,FCX,Freeport-McMoRan,원자재/에너지,US,60.08155395080036,60.72855315817875,59.43455094632228,60.39012145996094,20119100
2026-02-09,FCX,Freeport-McMoRan,원자재/에너지,US,61.076938400564764,63.87397304992581,60.99730562907429,63.316558837890625,14752000
2026-02-10,FCX,Freeport-McMoRan,원자재/에너지,US,62.95821796828591,63.22697287218191,61.78366118700685,62.968170166015625,11647400
2026-02-11,FCX,Freeport-McMoRan,원자재/에너지,US,64.79968015848021,65.1978364034479,62.77904613845279,65.15802001953125,15495800
2026-02-12,FCX,Freeport-McMoRan,원자재/에너지,US,65.66566995842422,65.67562595303444,60.96744293664295,61.75379943847656,23459900
2026-02-13,FCX,Freeport-McMoRan,원자재/에너지,US,60.86790745219345,63.0577554865233,59.88247279906541,62.55010986328125,14370600
2026-02-17,FCX,Freeport-McMoRan,원자재/에너지,US,60.957491306442954,61.29592298145143,58.92690125639208,60.80818176269531,12238400
2026-02-18,FCX,Freeport-McMoRan,원자재/에너지,US,62.470474410209356,62.888538844133635,61.26605728362395,62.261444091796875,17244800
2026-02-19,FCX,Freeport-McMoRan,원자재/에너지,US,61.146616375245536,62.29131280670461,59.862566388047014,62.28135681152344,13357900
2026-02-20,FCX,Freeport-McMoRan,원자재/에너지,US,61.76375686938212,64.09296238551103,61.614451111472405,64.0431900024414,14680000
2026-02-23,FCX,Freeport-McMoRan,원자재/에너지,US,63.94365004308409,65.62585627407442,63.58531396146145,65.24761199951172,15631300
2026-02-24,FCX,Freeport-McMoRan,원자재/에너지,US,65.09830125852098,68.52242684529907,64.51101907029575,67.56685638427734,20299300
2026-02-25,FCX,Freeport-McMoRan,원자재/에너지,US,68.68169527320094,69.428235439214,67.82566194197004,68.50252532958984,16182000
2026-02-26,FCX,Freeport-McMoRan,원자재/에너지,US,67.96500751945845,68.28353098246043,65.51635697371856,68.06454467773438,17726800
2026-02-27,FCX,Freeport-McMoRan,원자재/에너지,US,68.07450529504676,68.61201509927935,66.56152064158384,67.76593780517578,19425700
2026-03-02,FCX,Freeport-McMoRan,원자재/에너지,US,66.85018356552969,68.32335183037904,66.10364343836716,67.97496795654297,15851100
2026-03-03,FCX,Freeport-McMoRan,원자재/에너지,US,63.864025545080295,65.3869662487552,60.56928982478183,65.26751708984375,25564300
2026-03-04,FCX,Freeport-McMoRan,원자재/에너지,US,66.57146895001831,67.5369953973481,65.46658895299134,65.6258544921875,17438500
2026-03-05,FCX,Freeport-McMoRan,원자재/에너지,US,63.854069270079435,64.00337881951452,61.08689118768624,62.370941162109375,23068000
2026-03-06,FCX,Freeport-McMoRan,원자재/에너지,US,60.360256488662074,60.917674477878265,58.429207414215746,59.08616256713867,25912800
2026-03-09,FCX,Freeport-McMoRan,원자재/에너지,US,56.99584986345735,60.21095275878906,55.24397066271487,60.21095275878906,26344800
2026-03-10,FCX,Freeport-McMoRan,원자재/에너지,US,60.698693088816704,62.82882046070291,60.4498463622487,62.112144470214844,16982400
2026-03-11,FCX,Freeport-McMoRan,원자재/에너지,US,61.027168811707476,61.485045848937055,59.344962614125706,61.256107330322266,17754700
2026-03-12,FCX,Freeport-McMoRan,원자재/에너지,US,60.36025492886493,60.75841116760176,58.62828402368814,58.936851501464844,17564000
2026-03-13,FCX,Freeport-McMoRan,원자재/에너지,US,58.77759623372179,58.78755222919046,55.72175872599196,56.11991500854492,21443200
2026-03-16,FCX,Freeport-McMoRan,원자재/에너지,US,56.946081926693886,57.991237380871205,56.537973461839904,57.66276168823242,17824100
2026-03-17,FCX,Freeport-McMoRan,원자재/에너지,US,57.98128322633159,58.39934387505535,57.264603488977215,57.822021484375,10610300
2026-03-18,FCX,Freeport-McMoRan,원자재/에너지,US,56.02037154654534,56.448388202258855,54.78609396033393,55.1942024230957,17258700
2026-03-19,FCX,Freeport-McMoRan,원자재/에너지,US,52.23790210109879,53.740938390216414,50.55569967001902,53.372642517089844,27550300
2026-03-20,FCX,Freeport-McMoRan,원자재/에너지,US,52.82517958055495,53.67125688028826,51.27237473480616,51.849700927734375,25007300
2026-03-23,FCX,Freeport-McMoRan,원자재/에너지,US,54.01964656644162,55.054849835497905,52.994399292585676,54.686553955078125,24888600
2026-03-24,FCX,Freeport-McMoRan,원자재/에너지,US,53.97982770668856,56.36875763396679,53.73098099747622,56.21944808959961,17123000
2026-03-25,FCX,Freeport-McMoRan,원자재/에너지,US,57.563225231765806,57.88174873036565,56.557882354166615,56.826637268066406,13965000
2026-03-26,FCX,Freeport-McMoRan,원자재/에너지,US,55.10461948628967,55.950696833904644,54.64674242280626,55.572452545166016,16016500
2026-03-27,FCX,Freeport-McMoRan,원자재/에너지,US,54.90554064010928,56.906266616084245,54.67660211131311,55.980560302734375,12327400
2026-03-30,FCX,Freeport-McMoRan,원자재/에너지,US,57.31437974496952,57.88174997638296,53.920106757703564,54.39789581298828,14246700
2026-03-31,FCX,Freeport-McMoRan,원자재/에너지,US,56.080096072247535,58.727824978726474,56.00046330051605,58.50883865356445,18882500
2026-04-01,FCX,Freeport-McMoRan,원자재/에너지,US,60.46975018345764,61.76375230862203,59.62367289314616,60.91767501831055,23684000
2026-04-02,FCX,Freeport-McMoRan,원자재/에너지,US,58.76764209161273,62.251496158873586,58.76764209161273,61.09684753417969,16880000
2026-04-06,FCX,Freeport-McMoRan,원자재/에너지,US,60.818132533685365,61.435275089406474,60.12136480480563,60.76836395263672,8511500
2026-04-07,FCX,Freeport-McMoRan,원자재/에너지,US,60.44984541889661,60.83804569874868,59.40468994304113,60.479705810546875,18276900
2026-04-08,FCX,Freeport-McMoRan,원자재/에너지,US,64.9489921639905,65.56613474681669,63.72466299324472,64.7996826171875,20338000
2026-04-09,FCX,Freeport-McMoRan,원자재/에너지,US,64.89922189846645,66.44207460870791,64.35176366794796,66.1434555053711,12664700
2026-04-10,FCX,Freeport-McMoRan,원자재/에너지,US,66.92981418526891,68.09442264996916,66.7904606243987,67.48723602294922,15706800
2026-04-13,FCX,Freeport-McMoRan,원자재/에너지,US,66.54161438986664,68.23377671818594,66.54161438986664,67.71617126464844,13134100
2026-04-14,FCX,Freeport-McMoRan,원자재/에너지,US,68.22381393245819,68.5124770231629,67.25828749663178,67.9550552368164,12330800
2026-04-15,FCX,Freeport-McMoRan,원자재/에너지,US,67.79544715649695,69.29181519806127,67.37646593148008,68.53365325927734,15405600
2026-04-16,FCX,Freeport-McMoRan,원자재/에너지,US,68.70324516785799,69.34169490244113,67.55602818477473,68.11466979980469,10342700
2026-04-17,FCX,Freeport-McMoRan,원자재/에너지,US,69.20203844519439,70.53879027479837,67.62586224327676,70.04000091552734,20218300
2026-04-20,FCX,Freeport-McMoRan,원자재/에너지,US,69.37162106600061,70.7981588570401,69.06237411628784,70.01007080078125,12297800
2026-04-21,FCX,Freeport-McMoRan,원자재/에너지,US,69.83050369021294,70.54876151734533,67.29665307157184,67.40638732910156,17092800
2026-04-22,FCX,Freeport-McMoRan,원자재/에너지,US,69.2219836973014,70.31931871837686,69.00251517090204,70.18963623046875,14213100
2026-04-23,FCX,Freeport-McMoRan,원자재/에너지,US,62.11922670475097,65.0421288229164,60.852301286877086,61.331138610839844,38773500
2026-04-24,FCX,Freeport-McMoRan,원자재/에너지,US,61.91970658434414,62.29878753738295,59.68513253639658,60.90217590332031,17741600
2026-04-27,FCX,Freeport-McMoRan,원자재/에너지,US,61.161549735251214,61.271280192557306,59.22624467655214,60.42333984375,15199300
2026-04-28,FCX,Freeport-McMoRan,원자재/에너지,US,59.61529983217012,60.05423688384452,57.72987674881787,58.069053649902344,14754700
2026-04-29,FCX,Freeport-McMoRan,원자재/에너지,US,57.83961310305561,57.83961310305561,56.45297930613427,56.79215621948242,11444700
2026-04-30,FCX,Freeport-McMoRan,원자재/에너지,US,57.789733080860465,58.198740186338114,56.881936636729066,57.64009475708008,16181400
2026-05-01,FCX,Freeport-McMoRan,원자재/에너지,US,57.55031359788781,58.02915091527603,56.363196319704144,56.4130744934082,14899700
2026-05-04,FCX,Freeport-McMoRan,원자재/에너지,US,56.06392333529957,56.752251263842666,55.35564337623137,55.435447692871094,14777200
2026-05-05,FCX,Freeport-McMoRan,원자재/에너지,US,56.871960707576754,57.849591194328916,56.11380256071473,57.540340423583984,13861100
2026-05-06,FCX,Freeport-McMoRan,원자재/에너지,US,60.48319637289372,61.13162023096299,59.864694851986194,60.7425651550293,17655500
2026-05-07,FCX,Freeport-McMoRan,원자재/에너지,US,61.480776118730844,62.398546692709175,59.97443015625413,60.4632453918457,18316100
2026-05-08,FCX,Freeport-McMoRan,원자재/에너지,US,61.630411098730974,62.12920045059629,60.553028077541484,61.500728607177734,12202700
2026-05-11,FCX,Freeport-McMoRan,원자재/에너지,US,62.06934617908189,64.82266544439383,61.989538058714295,64.21414184570312,14852300
2026-05-12,FCX,Freeport-McMoRan,원자재/에너지,US,63.45597867577942,66.20929788692945,62.57810839630805,65.8701171875,14477500
2026-05-13,FCX,Freeport-McMoRan,원자재/에너지,US,66.66818794157831,68.68329361495164,65.71051327999203,66.99739074707031,17112400
2026-05-14,FCX,Freeport-McMoRan,원자재/에너지,US,66.76793880948615,66.76793880948615,64.79272974963955,65.97985076904297,12618300
2026-05-15,FCX,Freeport-McMoRan,원자재/에너지,US,62.039415310075405,63.65549547437857,61.2313790333844,62.85742950439453,15462600
2026-05-18,FCX,Freeport-McMoRan,원자재/에너지,US,62.1990308971938,63.30634387151275,59.56542371798159,60.353511810302734,14798200
2026-05-19,FCX,Freeport-McMoRan,원자재/에너지,US,58.91699788923333,59.78489027056793,58.158835965512935,58.55786895751953,12142700
2026-05-20,FCX,Freeport-McMoRan,원자재/에너지,US,59.046681771071086,60.91215667646554,58.667604605721614,60.72261428833008,12015900
2026-05-21,FCX,Freeport-McMoRan,원자재/에너지,US,60.353511281518465,62.95719229443786,59.61530136995337,62.15913009643555,10184500
2026-05-22,FCX,Freeport-McMoRan,원자재/에너지,US,62.558158855609484,62.558158855609484,61.36106366423981,61.83990478515625,7856200
2026-05-26,FCX,Freeport-McMoRan,원자재/에너지,US,62.88735908255933,64.81268618373872,62.88735908255933,64.20416259765625,11372000
2026-05-27,FCX,Freeport-McMoRan,원자재/에너지,US,63.86498434950053,64.2340912045271,62.71777113991454,63.47593307495117,8262700
2026-05-28,FCX,Freeport-McMoRan,원자재/에너지,US,63.07689934763518,65.90004502728279,62.32871533920219,65.71051025390625,10288100
2026-05-29,FCX,Freeport-McMoRan,원자재/에너지,US,65.27157487169715,66.63826043536643,64.32387814778062,65.55089569091797,11376700
2026-06-01,FCX,Freeport-McMoRan,원자재/에너지,US,65.10198902384036,67.31661498725096,64.32387884446293,66.87767791748047,10051200
2026-06-02,FCX,Freeport-McMoRan,원자재/에너지,US,67.70566471861265,71.91544016645913,67.55602640113153,71.54634094238281,18969700
2026-06-03,FCX,Freeport-McMoRan,원자재/에너지,US,71.47651257216994,71.47651257216994,69.11224840602107,70.46895599365234,13873000
2026-06-04,FCX,Freeport-McMoRan,원자재/에너지,US,69.75070196502027,71.69598502690647,68.88281335347679,69.5212631225586,11648600
2026-06-05,FCX,Freeport-McMoRan,원자재/에너지,US,67.3265834908981,67.3265834908981,62.21898167623129,63.21656036376953,18101000
2026-06-08,FCX,Freeport-McMoRan,원자재/에너지,US,64.4535586703151,65.5608716062001,63.545762230118854,63.755252838134766,12694000
2026-06-09,FCX,Freeport-McMoRan,원자재/에너지,US,65.01219955828323,66.2691508031202,61.70023870577851,64.09442901611328,15696300
2026-06-10,FCX,Freeport-McMoRan,원자재/에너지,US,63.04697457806288,64.62314694464756,61.580532671851095,61.9296875,14778100
2026-06-11,FCX,Freeport-McMoRan,원자재/에너지,US,62.877384015865694,66.43873965754972,62.1890560853208,66.17936706542969,14895400
2026-06-12,FCX,Freeport-McMoRan,원자재/에너지,US,67.04726288216412,68.75312152978589,66.66818571966643,68.2443618774414,12609400
2026-06-15,FCX,Freeport-McMoRan,원자재/에너지,US,71.01762839149454,71.7059525026201,69.08232332424471,69.96018981933594,16652600
2026-06-16,FCX,Freeport-McMoRan,원자재/에너지,US,70.40910746692421,71.34682628273988,69.48135895838588,69.98014831542969,9007500
2026-06-17,FCX,Freeport-McMoRan,원자재/에너지,US,69.96019304695422,72.10498882183789,68.67331558202402,68.89278411865234,16490300
2026-06-18,FCX,Freeport-McMoRan,원자재/에너지,US,69.780623936783,70.44900742054514,67.85529682643305,68.51370239257812,17963700
2026-06-22,FCX,Freeport-McMoRan,원자재/에너지,US,68.33413948508806,69.74072907517663,67.9949663876014,69.04241943359375,12958900
2026-06-23,FCX,Freeport-McMoRan,원자재/에너지,US,65.27157683822058,65.73046214232615,63.54576608589765,64.24407196044922,16705900
2026-06-24,FCX,Freeport-McMoRan,원자재/에너지,US,62.55815804063333,62.6379661615666,60.90217758587445,61.69026565551758,18531800
2026-06-25,FCX,Freeport-McMoRan,원자재/에너지,US,63.07690073472692,63.595642115303114,61.56058065430283,62.64794158935547,14175100
2026-06-26,FCX,Freeport-McMoRan,원자재/에너지,US,61.90973489763597,62.84745749666802,61.49074986881862,62.298789978027344,24660500
2026-06-29,FCX,Freeport-McMoRan,원자재/에너지,US,61.76009722904323,62.19903048753408,60.36348552540576,61.47079849243164,12286700
2026-06-30,FCX,Freeport-McMoRan,원자재/에너지,US,62.827506540090354,63.13675730937334,61.90973595583496,62.73772430419922,13931700
2026-07-01,FCX,Freeport-McMoRan,원자재/에너지,US,61.55060718011923,62.89733691669807,60.38343811035156,60.38343811035156,15526400
2026-07-02,FCX,Freeport-McMoRan,원자재/에너지,US,61.17152344716799,62.109246022513794,59.29607449101578,60.82237243652344,13553500
2026-07-06,FCX,Freeport-McMoRan,원자재/에너지,US,61.62043476744329,61.91970760669496,60.383435544952924,60.852298736572266,16343700
2026-07-07,FCX,Freeport-McMoRan,원자재/에너지,US,59.954476371603995,60.30363118837164,58.01917512736101,59.186344146728516,18273700
2026-07-08,FCX,Freeport-McMoRan,원자재/에너지,US,57.77975621940467,58.72745674126554,55.86440695057745,57.360774993896484,21829900
2026-07-09,FCX,Freeport-McMoRan,원자재/에너지,US,59.53549772887018,60.9420835580266,58.278546422966535,60.38343811035156,16381700
2026-07-10,FCX,Freeport-McMoRan,원자재/에너지,US,60.223823349513054,61.909733740307196,59.98440659934507,61.37104034423828,11865700
2026-07-13,FCX,Freeport-McMoRan,원자재/에너지,US,60.612879035811616,61.849878275728884,59.4756399473574,59.82479476928711,12722800
2026-07-14,FCX,Freeport-McMoRan,원자재/에너지,US,61.79002131932367,62.76764795720349,61.05181523614083,61.79999923706055,11627900
2026-07-15,FCX,Freeport-McMoRan,원자재/에너지,US,62.630001068115234,62.880001068115234,59.369998931884766,60.970001220703125,14260800
2026-07-16,FCX,Freeport-McMoRan,원자재/에너지,US,59.54999923706055,59.970001220703125,57.54999923706055,58.560001373291016,15386900
2026-07-17,FCX,Freeport-McMoRan,원자재/에너지,US,56.70000076293945,59.36000061035156,56.0,58.380001068115234,20412700
2026-07-20,FCX,Freeport-McMoRan,원자재/에너지,US,59.02000045776367,59.34000015258789,58.52000045776367,58.790000915527344,9953800
2026-07-21,FCX,Freeport-McMoRan,원자재/에너지,US,61.09000015258789,62.66999816894531,60.470001220703125,62.560001373291016,15873500
2026-07-22,FCX,Freeport-McMoRan,원자재/에너지,US,62.939998626708984,65.08000183105469,62.619998931884766,65.0,17461600
2026-07-23,FCX,Freeport-McMoRan,원자재/에너지,US,62.63999938964844,65.43000030517578,61.970001220703125,63.5,18914100
2026-07-24,FCX,Freeport-McMoRan,원자재/에너지,US,62.560001373291016,62.9900016784668,61.04999923706055,62.599998474121094,11938900
2026-07-27,FCX,Freeport-McMoRan,원자재/에너지,US,63.529998779296875,63.529998779296875,61.18000030517578,62.720001220703125,9601600
2026-07-28,FCX,Freeport-McMoRan,원자재/에너지,US,61.459999084472656,62.56999969482422,59.93000030517578,61.63999938964844,13592000
2026-07-29,FCX,Freeport-McMoRan,원자재/에너지,US,60.79999923706055,61.560001373291016,58.189998626708984,59.9900016784668,22668800
2026-07-30,FCX,Freeport-McMoRan,원자재/에너지,US,61.75,63.63999938964844,61.7400016784668,63.439998626708984,14850400
2026-07-31,FCX,Freeport-McMoRan,원자재/에너지,US,62.599998474121094,63.650001525878906,60.970001220703125,62.630001068115234,10789600
2026-08-03,FCX,Freeport-McMoRan,원자재/에너지,US,62.06999969482422,63.75,61.27000045776367,63.63999938964844,8951400
2026-08-04,FCX,Freeport-McMoRan,원자재/에너지,US,66.19000244140625,67.8499984741211,65.75,67.30000305175781,16305900
2026-08-05,FCX,Freeport-McMoRan,원자재/에너지,US,68.94999694824219,70.55999755859375,68.62000274658203,69.38999938964844,17116400
2026-08-06,FCX,Freeport-McMoRan,원자재/에너지,US,68.4800033569336,69.66999816894531,67.94000244140625,68.18000030517578,12634900
2026-08-07,FCX,Freeport-McMoRan,원자재/에너지,US,69.97000122070312,70.54000091552734,68.63999938964844,69.62000274658203,11290100
2026-08-10,FCX,Freeport-McMoRan,원자재/에너지,US,69.73999786376953,71.22000122070312,68.88999938964844,70.51000213623047,11801000
2026-08-11,FCX,Freeport-McMoRan,원자재/에너지,US,70.73999786376953,70.83000183105469,68.27999877929688,68.87000274658203,11952400
2026-08-12,FCX,Freeport-McMoRan,원자재/에너지,US,70.08999633789062,70.08999633789062,68.70999908447266,69.22000122070312,8173500
2026-08-13,FCX,Freeport-McMoRan,원자재/에너지,US,68.1500015258789,69.0999984741211,66.62999725341797,66.83000183105469,9297000
2026-08-14,FCX,Freeport-McMoRan,원자재/에너지,US,66.72000122070312,67.45999908447266,65.56999969482422,66.48999786376953,8200200
2026-08-17,FCX,Freeport-McMoRan,원자재/에너지,US,66.62000274658203,68.88999938964844,66.54000091552734,68.37999725341797,9837400
2026-08-18,FCX,Freeport-McMoRan,원자재/에너지,US,67.08000183105469,68.02999877929688,65.70999908447266,66.31999969482422,10486800
2026-08-19,FCX,Freeport-McMoRan,원자재/에너지,US,68.9000015258789,69.86000061035156,67.26000213623047,69.08999633789062,16696500
2026-08-20,FCX,Freeport-McMoRan,원자재/에너지,US,67.81999969482422,71.5199966430664,67.72000122070312,71.22000122070312,17647400
2026-08-21,FCX,Freeport-McMoRan,원자재/에너지,US,74.45999908447266,77.33000183105469,74.4000015258789,76.66000366210938,28518300
2026-08-24,FCX,Freeport-McMoRan,원자재/에너지,US,78.38999938964844,78.87999725341797,76.11000061035156,77.80000305175781,21435700
2026-08-25,FCX,Freeport-McMoRan,원자재/에너지,US,77.12999725341797,79.94999694824219,76.80000305175781,79.91000366210938,15801100
2026-08-26,FCX,Freeport-McMoRan,원자재/에너지,US,79.33999633789062,80.23999786376953,78.27999877929688,79.0,18324500
2026-08-27,FCX,Freeport-McMoRan,원자재/에너지,US,78.83000183105469,79.83999633789062,78.16999816894531,78.41999816894531,15105400
2026-08-28,FCX,Freeport-McMoRan,원자재/에너지,US,78.56999969482422,78.7300033569336,75.9000015258789,76.44999694824219,18058100
2026-08-31,FCX,Freeport-McMoRan,원자재/에너지,US,76.94999694824219,77.01000213623047,74.87999725341797,75.73999786376953,14023200
2026-09-01,FCX,Freeport-McMoRan,원자재/에너지,US,73.55000305175781,75.5,72.37000274658203,72.47000122070312,12799500
2026-09-02,FCX,Freeport-McMoRan,원자재/에너지,US,73.04000091552734,75.63999938964844,72.76000213623047,73.93000030517578,11960300
2026-09-03,FCX,Freeport-McMoRan,원자재/에너지,US,75.33999633789062,75.54000091552734,71.44999694824219,72.55999755859375,11280200
2026-09-04,FCX,Freeport-McMoRan,원자재/에너지,US,71.72000122070312,73.29000091552734,71.44999694824219,72.7300033569336,7265300
2026-09-08,FCX,Freeport-McMoRan,원자재/에너지,US,75.9800033569336,78.63999938964844,75.5,76.62000274658203,16796100
2026-09-09,FCX,Freeport-McMoRan,원자재/에너지,US,77.02999877929688,78.12999725341797,75.81999969482422,76.2300033569336,10207400
2026-09-10,FCX,Freeport-McMoRan,원자재/에너지,US,70.25,71.5999984741211,68.8499984741211,71.20999908447266,22181400
2026-09-11,FCX,Freeport-McMoRan,원자재/에너지,US,71.45999908447266,72.69999694824219,70.93000030517578,71.06999969482422,10762800
2026-09-14,FCX,Freeport-McMoRan,원자재/에너지,US,67.31999969482422,70.05999755859375,67.01000213623047,69.33999633789062,11040500
2026-09-15,FCX,Freeport-McMoRan,원자재/에너지,US,69.44000244140625,69.77999877929688,68.3499984741211,69.37999725341797,7533700
2026-09-16,FCX,Freeport-McMoRan,원자재/에너지,US,70.08999633789062,70.30000305175781,67.80000305175781,69.23999786376953,10931800
2026-09-17,FCX,Freeport-McMoRan,원자재/에너지,US,71.44000244140625,71.58000183105469,70.29000091552734,70.8499984741211,11729100
